Workbook

Sheet Gruppespill
B2: Dato | C2: Kl. | D2: Gruppe A | G2: Resultat | J2: Erling | N2: Rune | R2: Håkon | V2: Geir | Z2: Tore | AD2: Tor Arne
B3: 46184 | C3: 21:00 | D3: Mexico | E3: - | F3: Sør-Afrika | H3: - | J3: 2 | K3: - | L3: 0 | M3: =IF(ISBLANK($I3)=TRUE,"",IF(SIGN(J3-L3)=SIGN($G3-$I3),1,0)+IF(J3=$G3,IF(L3=$I3,2,0),0)) | N3: 2 | O3: - | P3: 0 | Q3: =IF(ISBLANK($I3)=TRUE,"",IF(SIGN(N3-P3)=SIGN($G3-$I3),1,0)+IF(N3=$G3,IF(P3=$I3,2,0),0)) | R3: 2 | S3: - | T3: 0 | U3: =IF(ISBLANK($I3)=TRUE,"",IF(SIGN(R3-T3)=SIGN($G3-$I3),1,0)+IF(R3=$G3,IF(T3=$I3,2,0),0)) | W3: - | Y3: =IF(ISBLANK($I3)=TRUE,"",IF(SIGN(V3-X3)=SIGN($G3-$I3),1,0)+IF(V3=$G3,IF(X3=$I3,2,0),0)) | Z3: 2 | AA3: - | AB3: 1 | AC3: =IF(ISBLANK($I3)=TRUE,"",IF(SIGN(Z3-AB3)=SIGN($G3-$I3),1,0)+IF(Z3=$G3,IF(AB3=$I3,2,0),0)) | AD3: 3 | AE3: - | AF3: 1 | AG3: =IF(ISBLANK($I3)=TRUE,"",IF(SIGN(AD3-AF3)=SIGN($G3-$I3),1,0)+IF(AD3=$G3,IF(AF3=$I3,2,0),0))
B4: 46185 | C4: 04:00 | D4: Sør-Korea | E4: - | F4: Tsjekkia | H4: - | J4: 1 | K4: - | L4: 1 | M4: =IF(ISBLANK($G4)=TRUE,"",IF(SIGN(J4-L4)=SIGN($G4-$I4),1,0)+IF(J4=$G4,IF(L4=$I4,2,0),0)) | N4: 2 | O4: - | P4: 1 | Q4: =IF(ISBLANK($G4)=TRUE,"",IF(SIGN(N4-P4)=SIGN($G4-$I4),1,0)+IF(N4=$G4,IF(P4=$I4,2,0),0)) | R4: 2 | S4: - | T4: 1 | U4: =IF(ISBLANK($G4)=TRUE,"",IF(SIGN(R4-T4)=SIGN($G4-$I4),1,0)+IF(R4=$G4,IF(T4=$I4,2,0),0)) | W4: - | Y4: =IF(ISBLANK($G4)=TRUE,"",IF(SIGN(V4-X4)=SIGN($G4-$I4),1,0)+IF(V4=$G4,IF(X4=$I4,2,0),0)) | Z4: 1 | AA4: - | AB4: 1 | AC4: =IF(ISBLANK($G4)=TRUE,"",IF(SIGN(Z4-AB4)=SIGN($G4-$I4),1,0)+IF(Z4=$G4,IF(AB4=$I4,2,0),0)) | AD4: 1 | AE4: - | AF4: 1 | AG4: =IF(ISBLANK($G4)=TRUE,"",IF(SIGN(AD4-AF4)=SIGN($G4-$I4),1,0)+IF(AD4=$G4,IF(AF4=$I4,2,0),0))
B5: 46191 | C5: 18:00 | D5: Tsjekkia | E5: - | F5: Sør-Afrika | H5: - | J5: 2 | K5: - | L5: 0 | M5: =IF(ISBLANK($G5)=TRUE,"",IF(SIGN(J5-L5)=SIGN($G5-$I5),1,0)+IF(J5=$G5,IF(L5=$I5,2,0),0)) | N5: 1 | O5: - | P5: 0 | Q5: =IF(ISBLANK($G5)=TRUE,"",IF(SIGN(N5-P5)=SIGN($G5-$I5),1,0)+IF(N5=$G5,IF(P5=$I5,2,0),0)) | R5: 1 | S5: - | T5: 1 | U5: =IF(ISBLANK($G5)=TRUE,"",IF(SIGN(R5-T5)=SIGN($G5-$I5),1,0)+IF(R5=$G5,IF(T5=$I5,2,0),0)) | W5: - | Y5: =IF(ISBLANK($G5)=TRUE,"",IF(SIGN(V5-X5)=SIGN($G5-$I5),1,0)+IF(V5=$G5,IF(X5=$I5,2,0),0)) | Z5: 1 | AA5: - | AB5: 3 | AC5: =IF(ISBLANK($G5)=TRUE,"",IF(SIGN(Z5-AB5)=SIGN($G5-$I5),1,0)+IF(Z5=$G5,IF(AB5=$I5,2,0),0)) | AD5: 1 | AE5: - | AF5: 0 | AG5: =IF(ISBLANK($G5)=TRUE,"",IF(SIGN(AD5-AF5)=SIGN($G5-$I5),1,0)+IF(AD5=$G5,IF(AF5=$I5,2,0),0))
B6: 46192 | C6: 03:00 | D6: Mexico | E6: - | F6: Sør-Korea | H6: - | J6: 1 | K6: - | L6: 0 | M6: =IF(ISBLANK($G6)=TRUE,"",IF(SIGN(J6-L6)=SIGN($G6-$I6),1,0)+IF(J6=$G6,IF(L6=$I6,2,0),0)) | N6: 2 | O6: - | P6: 1 | Q6: =IF(ISBLANK($G6)=TRUE,"",IF(SIGN(N6-P6)=SIGN($G6-$I6),1,0)+IF(N6=$G6,IF(P6=$I6,2,0),0)) | R6: 2 | S6: - | T6: 1 | U6: =IF(ISBLANK($G6)=TRUE,"",IF(SIGN(R6-T6)=SIGN($G6-$I6),1,0)+IF(R6=$G6,IF(T6=$I6,2,0),0)) | W6: - | Y6: =IF(ISBLANK($G6)=TRUE,"",IF(SIGN(V6-X6)=SIGN($G6-$I6),1,0)+IF(V6=$G6,IF(X6=$I6,2,0),0)) | Z6: 2 | AA6: - | AB6: 0 | AC6: =IF(ISBLANK($G6)=TRUE,"",IF(SIGN(Z6-AB6)=SIGN($G6-$I6),1,0)+IF(Z6=$G6,IF(AB6=$I6,2,0),0)) | AD6: 2 | AE6: - | AF6: 0 | AG6: =IF(ISBLANK($G6)=TRUE,"",IF(SIGN(AD6-AF6)=SIGN($G6-$I6),1,0)+IF(AD6=$G6,IF(AF6=$I6,2,0),0))
B7: 46198 | C7: 03:00 | D7: Tsjekkia | E7: - | F7: Mexico | H7: - | J7: 1 | K7: - | L7: 2 | M7: =IF(ISBLANK($G7)=TRUE,"",IF(SIGN(J7-L7)=SIGN($G7-$I7),1,0)+IF(J7=$G7,IF(L7=$I7,2,0),0)) | N7: 1 | O7: - | P7: 2 | Q7: =IF(ISBLANK($G7)=TRUE,"",IF(SIGN(N7-P7)=SIGN($G7-$I7),1,0)+IF(N7=$G7,IF(P7=$I7,2,0),0)) | R7: 0 | S7: - | T7: 3 | U7: =IF(ISBLANK($G7)=TRUE,"",IF(SIGN(R7-T7)=SIGN($G7-$I7),1,0)+IF(R7=$G7,IF(T7=$I7,2,0),0)) | W7: - | Y7: =IF(ISBLANK($G7)=TRUE,"",IF(SIGN(V7-X7)=SIGN($G7-$I7),1,0)+IF(V7=$G7,IF(X7=$I7,2,0),0)) | Z7: 0 | AA7: - | AB7: 2 | AC7: =IF(ISBLANK($G7)=TRUE,"",IF(SIGN(Z7-AB7)=SIGN($G7-$I7),1,0)+IF(Z7=$G7,IF(AB7=$I7,2,0),0)) | AD7: 0 | AE7: - | AF7: 2 | AG7: =IF(ISBLANK($G7)=TRUE,"",IF(SIGN(AD7-AF7)=SIGN($G7-$I7),1,0)+IF(AD7=$G7,IF(AF7=$I7,2,0),0))
B8: 46198 | C8: 03:00 | D8: Sør-Afrika | E8: - | F8: Sør-Korea | H8: - | J8: 1 | K8: - | L8: 2 | M8: =IF(ISBLANK($G8)=TRUE,"",IF(SIGN(J8-L8)=SIGN($G8-$I8),1,0)+IF(J8=$G8,IF(L8=$I8,2,0),0)) | N8: 1 | O8: - | P8: 1 | Q8: =IF(ISBLANK($G8)=TRUE,"",IF(SIGN(N8-P8)=SIGN($G8-$I8),1,0)+IF(N8=$G8,IF(P8=$I8,2,0),0)) | R8: 1 | S8: - | T8: 2 | U8: =IF(ISBLANK($G8)=TRUE,"",IF(SIGN(R8-T8)=SIGN($G8-$I8),1,0)+IF(R8=$G8,IF(T8=$I8,2,0),0)) | W8: - | Y8: =IF(ISBLANK($G8)=TRUE,"",IF(SIGN(V8-X8)=SIGN($G8-$I8),1,0)+IF(V8=$G8,IF(X8=$I8,2,0),0)) | Z8: 2 | AA8: - | AB8: 2 | AC8: =IF(ISBLANK($G8)=TRUE,"",IF(SIGN(Z8-AB8)=SIGN($G8-$I8),1,0)+IF(Z8=$G8,IF(AB8=$I8,2,0),0)) | AD8: 1 | AE8: - | AF8: 2 | AG8: =IF(ISBLANK($G8)=TRUE,"",IF(SIGN(AD8-AF8)=SIGN($G8-$I8),1,0)+IF(AD8=$G8,IF(AF8=$I8,2,0),0))
B9: Dato | C9: Kl. | D9: Gruppe B | G9: Resultat
B10: 46185 | C10: 21:00 | D10: Canada | E10: - | F10: Bosnia-Hercegovina | H10: - | J10: 2 | K10: - | L10: 1 | M10: =IF(ISBLANK($I10)=TRUE,"",IF(SIGN(J10-L10)=SIGN($G10-$I10),1,0)+IF(J10=$G10,IF(L10=$I10,2,0),0)) | N10: 1 | O10: - | P10: 2 | Q10: =IF(ISBLANK($I10)=TRUE,"",IF(SIGN(N10-P10)=SIGN($G10-$I10),1,0)+IF(N10=$G10,IF(P10=$I10,2,0),0)) | R10: 1 | S10: - | T10: 1 | U10: =IF(ISBLANK($I10)=TRUE,"",IF(SIGN(R10-T10)=SIGN($G10-$I10),1,0)+IF(R10=$G10,IF(T10=$I10,2,0),0)) | W10: - | Y10: =IF(ISBLANK($I10)=TRUE,"",IF(SIGN(V10-X10)=SIGN($G10-$I10),1,0)+IF(V10=$G10,IF(X10=$I10,2,0),0)) | Z10: 2 | AA10: - | AB10: 0 | AC10: =IF(ISBLANK($I10)=TRUE,"",IF(SIGN(Z10-AB10)=SIGN($G10-$I10),1,0)+IF(Z10=$G10,IF(AB10=$I10,2,0),0)) | AD10: 1 | AE10: - | AF10: 1 | AG10: =IF(ISBLANK($I10)=TRUE,"",IF(SIGN(AD10-AF10)=SIGN($G10-$I10),1,0)+IF(AD10=$G10,IF(AF10=$I10,2,0),0))
B11: 46186 | C11: 21:00 | D11: Qatar | E11: - | F11: Sveits | H11: - | J11: 0 | K11: - | L11: 2 | M11: =IF(ISBLANK($G11)=TRUE,"",IF(SIGN(J11-L11)=SIGN($G11-$I11),1,0)+IF(J11=$G11,IF(L11=$I11,2,0),0)) | N11: 0 | O11: - | P11: 2 | Q11: =IF(ISBLANK($G11)=TRUE,"",IF(SIGN(N11-P11)=SIGN($G11-$I11),1,0)+IF(N11=$G11,IF(P11=$I11,2,0),0)) | R11: 0 | S11: - | T11: 2 | U11: =IF(ISBLANK($G11)=TRUE,"",IF(SIGN(R11-T11)=SIGN($G11-$I11),1,0)+IF(R11=$G11,IF(T11=$I11,2,0),0)) | W11: - | Y11: =IF(ISBLANK($G11)=TRUE,"",IF(SIGN(V11-X11)=SIGN($G11-$I11),1,0)+IF(V11=$G11,IF(X11=$I11,2,0),0)) | Z11: 1 | AA11: - | AB11: 3 | AC11: =IF(ISBLANK($G11)=TRUE,"",IF(SIGN(Z11-AB11)=SIGN($G11-$I11),1,0)+IF(Z11=$G11,IF(AB11=$I11,2,0),0)) | AD11: 0 | AE11: - | AF11: 2 | AG11: =IF(ISBLANK($G11)=TRUE,"",IF(SIGN(AD11-AF11)=SIGN($G11-$I11),1,0)+IF(AD11=$G11,IF(AF11=$I11,2,0),0))
B12: 46191 | C12: 21:00 | D12: Sveits | E12: - | F12: Bosnia-Hercegovina | H12: - | J12: 1 | K12: - | L12: 0 | M12: =IF(ISBLANK($G12)=TRUE,"",IF(SIGN(J12-L12)=SIGN($G12-$I12),1,0)+IF(J12=$G12,IF(L12=$I12,2,0),0)) | N12: 2 | O12: - | P12: 1 | Q12: =IF(ISBLANK($G12)=TRUE,"",IF(SIGN(N12-P12)=SIGN($G12-$I12),1,0)+IF(N12=$G12,IF(P12=$I12,2,0),0)) | R12: 2 | S12: - | T12: 1 | U12: =IF(ISBLANK($G12)=TRUE,"",IF(SIGN(R12-T12)=SIGN($G12-$I12),1,0)+IF(R12=$G12,IF(T12=$I12,2,0),0)) | W12: - | Y12: =IF(ISBLANK($G12)=TRUE,"",IF(SIGN(V12-X12)=SIGN($G12-$I12),1,0)+IF(V12=$G12,IF(X12=$I12,2,0),0)) | Z12: 2 | AA12: - | AB12: 0 | AC12: =IF(ISBLANK($G12)=TRUE,"",IF(SIGN(Z12-AB12)=SIGN($G12-$I12),1,0)+IF(Z12=$G12,IF(AB12=$I12,2,0),0)) | AD12: 2 | AE12: - | AF12: 1 | AG12: =IF(ISBLANK($G12)=TRUE,"",IF(SIGN(AD12-AF12)=SIGN($G12-$I12),1,0)+IF(AD12=$G12,IF(AF12=$I12,2,0),0))
B13: 46192 | C13: 00:00 | D13: Canada | E13: - | F13: Qatar | H13: - | J13: 2 | K13: - | L13: 0 | M13: =IF(ISBLANK($G13)=TRUE,"",IF(SIGN(J13-L13)=SIGN($G13-$I13),1,0)+IF(J13=$G13,IF(L13=$I13,2,0),0)) | N13: 2 | O13: - | P13: 0 | Q13: =IF(ISBLANK($G13)=TRUE,"",IF(SIGN(N13-P13)=SIGN($G13-$I13),1,0)+IF(N13=$G13,IF(P13=$I13,2,0),0)) | R13: 2 | S13: - | T13: 1 | U13: =IF(ISBLANK($G13)=TRUE,"",IF(SIGN(R13-T13)=SIGN($G13-$I13),1,0)+IF(R13=$G13,IF(T13=$I13,2,0),0)) | W13: - | Y13: =IF(ISBLANK($G13)=TRUE,"",IF(SIGN(V13-X13)=SIGN($G13-$I13),1,0)+IF(V13=$G13,IF(X13=$I13,2,0),0)) | Z13: 3 | AA13: - | AB13: 1 | AC13: =IF(ISBLANK($G13)=TRUE,"",IF(SIGN(Z13-AB13)=SIGN($G13-$I13),1,0)+IF(Z13=$G13,IF(AB13=$I13,2,0),0)) | AD13: 2 | AE13: - | AF13: 0 | AG13: =IF(ISBLANK($G13)=TRUE,"",IF(SIGN(AD13-AF13)=SIGN($G13-$I13),1,0)+IF(AD13=$G13,IF(AF13=$I13,2,0),0))
B14: 46197 | C14: 21:00 | D14: Sveits | E14: - | F14: Canada | H14: - | J14: 1 | K14: - | L14: 1 | M14: =IF(ISBLANK($G14)=TRUE,"",IF(SIGN(J14-L14)=SIGN($G14-$I14),1,0)+IF(J14=$G14,IF(L14=$I14,2,0),0)) | N14: 2 | O14: - | P14: 1 | Q14: =IF(ISBLANK($G14)=TRUE,"",IF(SIGN(N14-P14)=SIGN($G14-$I14),1,0)+IF(N14=$G14,IF(P14=$I14,2,0),0)) | R14: 1 | S14: - | T14: 1 | U14: =IF(ISBLANK($G14)=TRUE,"",IF(SIGN(R14-T14)=SIGN($G14-$I14),1,0)+IF(R14=$G14,IF(T14=$I14,2,0),0)) | W14: - | Y14: =IF(ISBLANK($G14)=TRUE,"",IF(SIGN(V14-X14)=SIGN($G14-$I14),1,0)+IF(V14=$G14,IF(X14=$I14,2,0),0)) | Z14: 2 | AA14: - | AB14: 0 | AC14: =IF(ISBLANK($G14)=TRUE,"",IF(SIGN(Z14-AB14)=SIGN($G14-$I14),1,0)+IF(Z14=$G14,IF(AB14=$I14,2,0),0)) | AD14: 3 | AE14: - | AF14: 1 | AG14: =IF(ISBLANK($G14)=TRUE,"",IF(SIGN(AD14-AF14)=SIGN($G14-$I14),1,0)+IF(AD14=$G14,IF(AF14=$I14,2,0),0))
B15: 46197 | C15: 21:00 | D15: Bosnia-Hercegovina | E15: - | F15: Qatar | H15: - | J15: 1 | K15: - | L15: 0 | M15: =IF(ISBLANK($G15)=TRUE,"",IF(SIGN(J15-L15)=SIGN($G15-$I15),1,0)+IF(J15=$G15,IF(L15=$I15,2,0),0)) | N15: 2 | O15: - | P15: 0 | Q15: =IF(ISBLANK($G15)=TRUE,"",IF(SIGN(N15-P15)=SIGN($G15-$I15),1,0)+IF(N15=$G15,IF(P15=$I15,2,0),0)) | R15: 1 | S15: - | T15: 0 | U15: =IF(ISBLANK($G15)=TRUE,"",IF(SIGN(R15-T15)=SIGN($G15-$I15),1,0)+IF(R15=$G15,IF(T15=$I15,2,0),0)) | W15: - | Y15: =IF(ISBLANK($G15)=TRUE,"",IF(SIGN(V15-X15)=SIGN($G15-$I15),1,0)+IF(V15=$G15,IF(X15=$I15,2,0),0)) | Z15: 2 | AA15: - | AB15: 4 | AC15: =IF(ISBLANK($G15)=TRUE,"",IF(SIGN(Z15-AB15)=SIGN($G15-$I15),1,0)+IF(Z15=$G15,IF(AB15=$I15,2,0),0)) | AD15: 2 | AE15: - | AF15: 0 | AG15: =IF(ISBLANK($G15)=TRUE,"",IF(SIGN(AD15-AF15)=SIGN($G15-$I15),1,0)+IF(AD15=$G15,IF(AF15=$I15,2,0),0))
B16: Dato | C16: Kl. | D16: Gruppe C | G16: Resultat
B17: 46187 | C17: 00:00 | D17: Brasil | E17: - | F17: Marokko | H17: - | J17: 2 | K17: - | L17: 0 | M17: =IF(ISBLANK($I17)=TRUE,"",IF(SIGN(J17-L17)=SIGN($G17-$I17),1,0)+IF(J17=$G17,IF(L17=$I17,2,0),0)) | N17: 2 | O17: - | P17: 0 | Q17: =IF(ISBLANK($I17)=TRUE,"",IF(SIGN(N17-P17)=SIGN($G17-$I17),1,0)+IF(N17=$G17,IF(P17=$I17,2,0),0)) | R17: 2 | S17: - | T17: 1 | U17: =IF(ISBLANK($I17)=TRUE,"",IF(SIGN(R17-T17)=SIGN($G17-$I17),1,0)+IF(R17=$G17,IF(T17=$I17,2,0),0)) | W17: - | Y17: =IF(ISBLANK($I17)=TRUE,"",IF(SIGN(V17-X17)=SIGN($G17-$I17),1,0)+IF(V17=$G17,IF(X17=$I17,2,0),0)) | Z17: 2 | AA17: - | AB17: 2 | AC17: =IF(ISBLANK($I17)=TRUE,"",IF(SIGN(Z17-AB17)=SIGN($G17-$I17),1,0)+IF(Z17=$G17,IF(AB17=$I17,2,0),0)) | AD17: 2 | AE17: - | AF17: 2 | AG17: =IF(ISBLANK($I17)=TRUE,"",IF(SIGN(AD17-AF17)=SIGN($G17-$I17),1,0)+IF(AD17=$G17,IF(AF17=$I17,2,0),0))
B18: 46187 | C18: 03:00 | D18: Haiti | E18: - | F18: Skottland | H18: - | J18: 0 | K18: - | L18: 2 | M18: =IF(ISBLANK($G18)=TRUE,"",IF(SIGN(J18-L18)=SIGN($G18-$I18),1,0)+IF(J18=$G18,IF(L18=$I18,2,0),0)) | N18: 1 | O18: - | P18: 3 | Q18: =IF(ISBLANK($G18)=TRUE,"",IF(SIGN(N18-P18)=SIGN($G18-$I18),1,0)+IF(N18=$G18,IF(P18=$I18,2,0),0)) | R18: 1 | S18: - | T18: 4 | U18: =IF(ISBLANK($G18)=TRUE,"",IF(SIGN(R18-T18)=SIGN($G18-$I18),1,0)+IF(R18=$G18,IF(T18=$I18,2,0),0)) | W18: - | Y18: =IF(ISBLANK($G18)=TRUE,"",IF(SIGN(V18-X18)=SIGN($G18-$I18),1,0)+IF(V18=$G18,IF(X18=$I18,2,0),0)) | Z18: 0 | AA18: - | AB18: 3 | AC18: =IF(ISBLANK($G18)=TRUE,"",IF(SIGN(Z18-AB18)=SIGN($G18-$I18),1,0)+IF(Z18=$G18,IF(AB18=$I18,2,0),0)) | AD18: 0 | AE18: - | AF18: 1 | AG18: =IF(ISBLANK($G18)=TRUE,"",IF(SIGN(AD18-AF18)=SIGN($G18-$I18),1,0)+IF(AD18=$G18,IF(AF18=$I18,2,0),0))
B19: 46193 | C19: 00:00 | D19: Skottland | E19: - | F19: Marokko | H19: - | J19: 0 | K19: - | L19: 1 | M19: =IF(ISBLANK($G19)=TRUE,"",IF(SIGN(J19-L19)=SIGN($G19-$I19),1,0)+IF(J19=$G19,IF(L19=$I19,2,0),0)) | N19: 1 | O19: - | P19: 2 | Q19: =IF(ISBLANK($G19)=TRUE,"",IF(SIGN(N19-P19)=SIGN($G19-$I19),1,0)+IF(N19=$G19,IF(P19=$I19,2,0),0)) | R19: 1 | S19: - | T19: 2 | U19: =IF(ISBLANK($G19)=TRUE,"",IF(SIGN(R19-T19)=SIGN($G19-$I19),1,0)+IF(R19=$G19,IF(T19=$I19,2,0),0)) | W19: - | Y19: =IF(ISBLANK($G19)=TRUE,"",IF(SIGN(V19-X19)=SIGN($G19-$I19),1,0)+IF(V19=$G19,IF(X19=$I19,2,0),0)) | Z19: 0 | AA19: - | AB19: 2 | AC19: =IF(ISBLANK($G19)=TRUE,"",IF(SIGN(Z19-AB19)=SIGN($G19-$I19),1,0)+IF(Z19=$G19,IF(AB19=$I19,2,0),0)) | AD19: 0 | AE19: - | AF19: 3 | AG19: =IF(ISBLANK($G19)=TRUE,"",IF(SIGN(AD19-AF19)=SIGN($G19-$I19),1,0)+IF(AD19=$G19,IF(AF19=$I19,2,0),0))
B20: 46193 | C20: 02:30 | D20: Brasil | E20: - | F20: Haiti | H20: - | J20: 3 | K20: - | L20: 0 | M20: =IF(ISBLANK($G20)=TRUE,"",IF(SIGN(J20-L20)=SIGN($G20-$I20),1,0)+IF(J20=$G20,IF(L20=$I20,2,0),0)) | N20: 3 | O20: - | P20: 0 | Q20: =IF(ISBLANK($G20)=TRUE,"",IF(SIGN(N20-P20)=SIGN($G20-$I20),1,0)+IF(N20=$G20,IF(P20=$I20,2,0),0)) | R20: 4 | S20: - | T20: 0 | U20: =IF(ISBLANK($G20)=TRUE,"",IF(SIGN(R20-T20)=SIGN($G20-$I20),1,0)+IF(R20=$G20,IF(T20=$I20,2,0),0)) | W20: - | Y20: =IF(ISBLANK($G20)=TRUE,"",IF(SIGN(V20-X20)=SIGN($G20-$I20),1,0)+IF(V20=$G20,IF(X20=$I20,2,0),0)) | Z20: 2 | AA20: - | AB20: 0 | AC20: =IF(ISBLANK($G20)=TRUE,"",IF(SIGN(Z20-AB20)=SIGN($G20-$I20),1,0)+IF(Z20=$G20,IF(AB20=$I20,2,0),0)) | AD20: 2 | AE20: - | AF20: 0 | AG20: =IF(ISBLANK($G20)=TRUE,"",IF(SIGN(AD20-AF20)=SIGN($G20-$I20),1,0)+IF(AD20=$G20,IF(AF20=$I20,2,0),0))
B21: 46198 | C21: 00:00 | D21: Skottland | E21: - | F21: Brasil | H21: - | J21: 0 | K21: - | L21: 2 | M21: =IF(ISBLANK($G21)=TRUE,"",IF(SIGN(J21-L21)=SIGN($G21-$I21),1,0)+IF(J21=$G21,IF(L21=$I21,2,0),0)) | N21: 1 | O21: - | P21: 2 | Q21: =IF(ISBLANK($G21)=TRUE,"",IF(SIGN(N21-P21)=SIGN($G21-$I21),1,0)+IF(N21=$G21,IF(P21=$I21,2,0),0)) | R21: 1 | S21: - | T21: 1 | U21: =IF(ISBLANK($G21)=TRUE,"",IF(SIGN(R21-T21)=SIGN($G21-$I21),1,0)+IF(R21=$G21,IF(T21=$I21,2,0),0)) | W21: - | Y21: =IF(ISBLANK($G21)=TRUE,"",IF(SIGN(V21-X21)=SIGN($G21-$I21),1,0)+IF(V21=$G21,IF(X21=$I21,2,0),0)) | Z21: 1 | AA21: - | AB21: 3 | AC21: =IF(ISBLANK($G21)=TRUE,"",IF(SIGN(Z21-AB21)=SIGN($G21-$I21),1,0)+IF(Z21=$G21,IF(AB21=$I21,2,0),0)) | AD21: 0 | AE21: - | AF21: 3 | AG21: =IF(ISBLANK($G21)=TRUE,"",IF(SIGN(AD21-AF21)=SIGN($G21-$I21),1,0)+IF(AD21=$G21,IF(AF21=$I21,2,0),0))
B22: 46198 | C22: 00:00 | D22: Marokko | E22: - | F22: Haiti | H22: - | J22: 2 | K22: - | L22: 0 | M22: =IF(ISBLANK($G22)=TRUE,"",IF(SIGN(J22-L22)=SIGN($G22-$I22),1,0)+IF(J22=$G22,IF(L22=$I22,2,0),0)) | N22: 3 | O22: - | P22: 1 | Q22: =IF(ISBLANK($G22)=TRUE,"",IF(SIGN(N22-P22)=SIGN($G22-$I22),1,0)+IF(N22=$G22,IF(P22=$I22,2,0),0)) | R22: 2 | S22: - | T22: 0 | U22: =IF(ISBLANK($G22)=TRUE,"",IF(SIGN(R22-T22)=SIGN($G22-$I22),1,0)+IF(R22=$G22,IF(T22=$I22,2,0),0)) | W22: - | Y22: =IF(ISBLANK($G22)=TRUE,"",IF(SIGN(V22-X22)=SIGN($G22-$I22),1,0)+IF(V22=$G22,IF(X22=$I22,2,0),0)) | Z22: 4 | AA22: - | AB22: 1 | AC22: =IF(ISBLANK($G22)=TRUE,"",IF(SIGN(Z22-AB22)=SIGN($G22-$I22),1,0)+IF(Z22=$G22,IF(AB22=$I22,2,0),0)) | AD22: 3 | AE22: - | AF22: 0 | AG22: =IF(ISBLANK($G22)=TRUE,"",IF(SIGN(AD22-AF22)=SIGN($G22-$I22),1,0)+IF(AD22=$G22,IF(AF22=$I22,2,0),0))
B23: Dato | C23: Kl. | D23: Gruppe D | G23: Resultat
B24: 46186 | C24: 03:00 | D24: USA | E24: - | F24: Paraguay | H24: - | J24: 1 | K24: - | L24: 0 | M24: =IF(ISBLANK($I24)=TRUE,"",IF(SIGN(J24-L24)=SIGN($G24-$I24),1,0)+IF(J24=$G24,IF(L24=$I24,2,0),0)) | N24: 3 | O24: - | P24: 1 | Q24: =IF(ISBLANK($I24)=TRUE,"",IF(SIGN(N24-P24)=SIGN($G24-$I24),1,0)+IF(N24=$G24,IF(P24=$I24,2,0),0)) | R24: 2 | S24: - | T24: 1 | U24: =IF(ISBLANK($I24)=TRUE,"",IF(SIGN(R24-T24)=SIGN($G24-$I24),1,0)+IF(R24=$G24,IF(T24=$I24,2,0),0)) | W24: - | Y24: =IF(ISBLANK($I24)=TRUE,"",IF(SIGN(V24-X24)=SIGN($G24-$I24),1,0)+IF(V24=$G24,IF(X24=$I24,2,0),0)) | Z24: 2 | AA24: - | AB24: 0 | AC24: =IF(ISBLANK($I24)=TRUE,"",IF(SIGN(Z24-AB24)=SIGN($G24-$I24),1,0)+IF(Z24=$G24,IF(AB24=$I24,2,0),0)) | AD24: 2 | AE24: - | AF24: 0 | AG24: =IF(ISBLANK($I24)=TRUE,"",IF(SIGN(AD24-AF24)=SIGN($G24-$I24),1,0)+IF(AD24=$G24,IF(AF24=$I24,2,0),0))
B25: 46187 | C25: 06:00 | D25: Australia | E25: - | F25: Tyrkia | H25: - | J25: 0 | K25: - | L25: 2 | M25: =IF(ISBLANK($G25)=TRUE,"",IF(SIGN(J25-L25)=SIGN($G25-$I25),1,0)+IF(J25=$G25,IF(L25=$I25,2,0),0)) | N25: 1 | O25: - | P25: 2 | Q25: =IF(ISBLANK($G25)=TRUE,"",IF(SIGN(N25-P25)=SIGN($G25-$I25),1,0)+IF(N25=$G25,IF(P25=$I25,2,0),0)) | R25: 1 | S25: - | T25: 1 | U25: =IF(ISBLANK($G25)=TRUE,"",IF(SIGN(R25-T25)=SIGN($G25-$I25),1,0)+IF(R25=$G25,IF(T25=$I25,2,0),0)) | W25: - | Y25: =IF(ISBLANK($G25)=TRUE,"",IF(SIGN(V25-X25)=SIGN($G25-$I25),1,0)+IF(V25=$G25,IF(X25=$I25,2,0),0)) | Z25: 2 | AA25: - | AB25: 0 | AC25: =IF(ISBLANK($G25)=TRUE,"",IF(SIGN(Z25-AB25)=SIGN($G25-$I25),1,0)+IF(Z25=$G25,IF(AB25=$I25,2,0),0)) | AD25: 0 | AE25: - | AF25: 2 | AG25: =IF(ISBLANK($G25)=TRUE,"",IF(SIGN(AD25-AF25)=SIGN($G25-$I25),1,0)+IF(AD25=$G25,IF(AF25=$I25,2,0),0))
B26: 46192 | C26: 21:00 | D26: USA | E26: - | F26: Australia | H26: - | J26: 2 | K26: - | L26: 0 | M26: =IF(ISBLANK($G26)=TRUE,"",IF(SIGN(J26-L26)=SIGN($G26-$I26),1,0)+IF(J26=$G26,IF(L26=$I26,2,0),0)) | N26: 2 | O26: - | P26: 1 | Q26: =IF(ISBLANK($G26)=TRUE,"",IF(SIGN(N26-P26)=SIGN($G26-$I26),1,0)+IF(N26=$G26,IF(P26=$I26,2,0),0)) | R26: 1 | S26: - | T26: 0 | U26: =IF(ISBLANK($G26)=TRUE,"",IF(SIGN(R26-T26)=SIGN($G26-$I26),1,0)+IF(R26=$G26,IF(T26=$I26,2,0),0)) | W26: - | Y26: =IF(ISBLANK($G26)=TRUE,"",IF(SIGN(V26-X26)=SIGN($G26-$I26),1,0)+IF(V26=$G26,IF(X26=$I26,2,0),0)) | Z26: 3 | AA26: - | AB26: 2 | AC26: =IF(ISBLANK($G26)=TRUE,"",IF(SIGN(Z26-AB26)=SIGN($G26-$I26),1,0)+IF(Z26=$G26,IF(AB26=$I26,2,0),0)) | AD26: 2 | AE26: - | AF26: 1 | AG26: =IF(ISBLANK($G26)=TRUE,"",IF(SIGN(AD26-AF26)=SIGN($G26-$I26),1,0)+IF(AD26=$G26,IF(AF26=$I26,2,0),0))
B27: 46193 | C27: 05:00 | D27: Tyrkia | E27: - | F27: Paraguay | H27: - | J27: 1 | K27: - | L27: 1 | M27: =IF(ISBLANK($G27)=TRUE,"",IF(SIGN(J27-L27)=SIGN($G27-$I27),1,0)+IF(J27=$G27,IF(L27=$I27,2,0),0)) | N27: 2 | O27: - | P27: 1 | Q27: =IF(ISBLANK($G27)=TRUE,"",IF(SIGN(N27-P27)=SIGN($G27-$I27),1,0)+IF(N27=$G27,IF(P27=$I27,2,0),0)) | R27: 1 | S27: - | T27: 2 | U27: =IF(ISBLANK($G27)=TRUE,"",IF(SIGN(R27-T27)=SIGN($G27-$I27),1,0)+IF(R27=$G27,IF(T27=$I27,2,0),0)) | W27: - | Y27: =IF(ISBLANK($G27)=TRUE,"",IF(SIGN(V27-X27)=SIGN($G27-$I27),1,0)+IF(V27=$G27,IF(X27=$I27,2,0),0)) | Z27: 1 | AA27: - | AB27: 3 | AC27: =IF(ISBLANK($G27)=TRUE,"",IF(SIGN(Z27-AB27)=SIGN($G27-$I27),1,0)+IF(Z27=$G27,IF(AB27=$I27,2,0),0)) | AD27: 2 | AE27: - | AF27: 2 | AG27: =IF(ISBLANK($G27)=TRUE,"",IF(SIGN(AD27-AF27)=SIGN($G27-$I27),1,0)+IF(AD27=$G27,IF(AF27=$I27,2,0),0))
B28: 46199 | C28: 04:00 | D28: Tyrkia | E28: - | F28: USA | H28: - | J28: 1 | K28: - | L28: 1 | M28: =IF(ISBLANK($G28)=TRUE,"",IF(SIGN(J28-L28)=SIGN($G28-$I28),1,0)+IF(J28=$G28,IF(L28=$I28,2,0),0)) | N28: 2 | O28: - | P28: 1 | Q28: =IF(ISBLANK($G28)=TRUE,"",IF(SIGN(N28-P28)=SIGN($G28-$I28),1,0)+IF(N28=$G28,IF(P28=$I28,2,0),0)) | R28: 1 | S28: - | T28: 1 | U28: =IF(ISBLANK($G28)=TRUE,"",IF(SIGN(R28-T28)=SIGN($G28-$I28),1,0)+IF(R28=$G28,IF(T28=$I28,2,0),0)) | W28: - | Y28: =IF(ISBLANK($G28)=TRUE,"",IF(SIGN(V28-X28)=SIGN($G28-$I28),1,0)+IF(V28=$G28,IF(X28=$I28,2,0),0)) | Z28: 0 | AA28: - | AB28: 3 | AC28: =IF(ISBLANK($G28)=TRUE,"",IF(SIGN(Z28-AB28)=SIGN($G28-$I28),1,0)+IF(Z28=$G28,IF(AB28=$I28,2,0),0)) | AD28: 3 | AE28: - | AF28: 2 | AG28: =IF(ISBLANK($G28)=TRUE,"",IF(SIGN(AD28-AF28)=SIGN($G28-$I28),1,0)+IF(AD28=$G28,IF(AF28=$I28,2,0),0))
B29: 46199 | C29: 04:00 | D29: Paraguay | E29: - | F29: Australia | H29: - | J29: 1 | K29: - | L29: 1 | M29: =IF(ISBLANK($G29)=TRUE,"",IF(SIGN(J29-L29)=SIGN($G29-$I29),1,0)+IF(J29=$G29,IF(L29=$I29,2,0),0)) | N29: 2 | O29: - | P29: 1 | Q29: =IF(ISBLANK($G29)=TRUE,"",IF(SIGN(N29-P29)=SIGN($G29-$I29),1,0)+IF(N29=$G29,IF(P29=$I29,2,0),0)) | R29: 1 | S29: - | T29: 1 | U29: =IF(ISBLANK($G29)=TRUE,"",IF(SIGN(R29-T29)=SIGN($G29-$I29),1,0)+IF(R29=$G29,IF(T29=$I29,2,0),0)) | W29: - | Y29: =IF(ISBLANK($G29)=TRUE,"",IF(SIGN(V29-X29)=SIGN($G29-$I29),1,0)+IF(V29=$G29,IF(X29=$I29,2,0),0)) | Z29: 1 | AA29: - | AB29: 1 | AC29: =IF(ISBLANK($G29)=TRUE,"",IF(SIGN(Z29-AB29)=SIGN($G29-$I29),1,0)+IF(Z29=$G29,IF(AB29=$I29,2,0),0)) | AD29: 1 | AE29: - | AF29: 1 | AG29: =IF(ISBLANK($G29)=TRUE,"",IF(SIGN(AD29-AF29)=SIGN($G29-$I29),1,0)+IF(AD29=$G29,IF(AF29=$I29,2,0),0))
B30: Dato | C30: Kl. | D30: Gruppe E | G30: Resultat
B31: 46187 | C31: 19:00 | D31: Tyskland | E31: - | F31: Curaçao | H31: - | J31: 4 | K31: - | L31: 0 | M31: =IF(ISBLANK($I31)=TRUE,"",IF(SIGN(J31-L31)=SIGN($G31-$I31),1,0)+IF(J31=$G31,IF(L31=$I31,2,0),0)) | N31: 4 | O31: - | P31: 0 | Q31: =IF(ISBLANK($I31)=TRUE,"",IF(SIGN(N31-P31)=SIGN($G31-$I31),1,0)+IF(N31=$G31,IF(P31=$I31,2,0),0)) | R31: 7 | S31: - | T31: 0 | U31: =IF(ISBLANK($I31)=TRUE,"",IF(SIGN(R31-T31)=SIGN($G31-$I31),1,0)+IF(R31=$G31,IF(T31=$I31,2,0),0)) | W31: - | Y31: =IF(ISBLANK($I31)=TRUE,"",IF(SIGN(V31-X31)=SIGN($G31-$I31),1,0)+IF(V31=$G31,IF(X31=$I31,2,0),0)) | Z31: 2 | AA31: - | AB31: 1 | AC31: =IF(ISBLANK($I31)=TRUE,"",IF(SIGN(Z31-AB31)=SIGN($G31-$I31),1,0)+IF(Z31=$G31,IF(AB31=$I31,2,0),0)) | AD31: 3 | AE31: - | AF31: 0 | AG31: =IF(ISBLANK($I31)=TRUE,"",IF(SIGN(AD31-AF31)=SIGN($G31-$I31),1,0)+IF(AD31=$G31,IF(AF31=$I31,2,0),0))
B32: 46188 | C32: 01:00 | D32: Elfenbenskysten | E32: - | F32: Ecuador | H32: - | J32: 0 | K32: - | L32: 1 | M32: =IF(ISBLANK($G32)=TRUE,"",IF(SIGN(J32-L32)=SIGN($G32-$I32),1,0)+IF(J32=$G32,IF(L32=$I32,2,0),0)) | N32: 1 | O32: - | P32: 2 | Q32: =IF(ISBLANK($G32)=TRUE,"",IF(SIGN(N32-P32)=SIGN($G32-$I32),1,0)+IF(N32=$G32,IF(P32=$I32,2,0),0)) | R32: 2 | S32: - | T32: 1 | U32: =IF(ISBLANK($G32)=TRUE,"",IF(SIGN(R32-T32)=SIGN($G32-$I32),1,0)+IF(R32=$G32,IF(T32=$I32,2,0),0)) | W32: - | Y32: =IF(ISBLANK($G32)=TRUE,"",IF(SIGN(V32-X32)=SIGN($G32-$I32),1,0)+IF(V32=$G32,IF(X32=$I32,2,0),0)) | Z32: 3 | AA32: - | AB32: 2 | AC32: =IF(ISBLANK($G32)=TRUE,"",IF(SIGN(Z32-AB32)=SIGN($G32-$I32),1,0)+IF(Z32=$G32,IF(AB32=$I32,2,0),0)) | AD32: 1 | AE32: - | AF32: 1 | AG32: =IF(ISBLANK($G32)=TRUE,"",IF(SIGN(AD32-AF32)=SIGN($G32-$I32),1,0)+IF(AD32=$G32,IF(AF32=$I32,2,0),0))
B33: 46193 | C33: 22:00 | D33: Tyskland | E33: - | F33: Elfenbenskysten | H33: - | J33: 2 | K33: - | L33: 0 | M33: =IF(ISBLANK($G33)=TRUE,"",IF(SIGN(J33-L33)=SIGN($G33-$I33),1,0)+IF(J33=$G33,IF(L33=$I33,2,0),0)) | N33: 2 | O33: - | P33: 1 | Q33: =IF(ISBLANK($G33)=TRUE,"",IF(SIGN(N33-P33)=SIGN($G33-$I33),1,0)+IF(N33=$G33,IF(P33=$I33,2,0),0)) | R33: 2 | S33: - | T33: 1 | U33: =IF(ISBLANK($G33)=TRUE,"",IF(SIGN(R33-T33)=SIGN($G33-$I33),1,0)+IF(R33=$G33,IF(T33=$I33,2,0),0)) | W33: - | Y33: =IF(ISBLANK($G33)=TRUE,"",IF(SIGN(V33-X33)=SIGN($G33-$I33),1,0)+IF(V33=$G33,IF(X33=$I33,2,0),0)) | Z33: 1 | AA33: - | AB33: 0 | AC33: =IF(ISBLANK($G33)=TRUE,"",IF(SIGN(Z33-AB33)=SIGN($G33-$I33),1,0)+IF(Z33=$G33,IF(AB33=$I33,2,0),0)) | AD33: 1 | AE33: - | AF33: 0 | AG33: =IF(ISBLANK($G33)=TRUE,"",IF(SIGN(AD33-AF33)=SIGN($G33-$I33),1,0)+IF(AD33=$G33,IF(AF33=$I33,2,0),0))
B34: 46194 | C34: 02:00 | D34: Ecuador | E34: - | F34: Curaçao | H34: - | J34: 3 | K34: - | L34: 0 | M34: =IF(ISBLANK($G34)=TRUE,"",IF(SIGN(J34-L34)=SIGN($G34-$I34),1,0)+IF(J34=$G34,IF(L34=$I34,2,0),0)) | N34: 3 | O34: - | P34: 0 | Q34: =IF(ISBLANK($G34)=TRUE,"",IF(SIGN(N34-P34)=SIGN($G34-$I34),1,0)+IF(N34=$G34,IF(P34=$I34,2,0),0)) | R34: 3 | S34: - | T34: 0 | U34: =IF(ISBLANK($G34)=TRUE,"",IF(SIGN(R34-T34)=SIGN($G34-$I34),1,0)+IF(R34=$G34,IF(T34=$I34,2,0),0)) | W34: - | Y34: =IF(ISBLANK($G34)=TRUE,"",IF(SIGN(V34-X34)=SIGN($G34-$I34),1,0)+IF(V34=$G34,IF(X34=$I34,2,0),0)) | Z34: 2 | AA34: - | AB34: 2 | AC34: =IF(ISBLANK($G34)=TRUE,"",IF(SIGN(Z34-AB34)=SIGN($G34-$I34),1,0)+IF(Z34=$G34,IF(AB34=$I34,2,0),0)) | AD34: 2 | AE34: - | AF34: 0 | AG34: =IF(ISBLANK($G34)=TRUE,"",IF(SIGN(AD34-AF34)=SIGN($G34-$I34),1,0)+IF(AD34=$G34,IF(AF34=$I34,2,0),0))
B35: 46198 | C35: 22:00 | D35: Curaçao | E35: - | F35: Elfenbenskysten | H35: - | J35: 0 | K35: - | L35: 2 | M35: =IF(ISBLANK($G35)=TRUE,"",IF(SIGN(J35-L35)=SIGN($G35-$I35),1,0)+IF(J35=$G35,IF(L35=$I35,2,0),0)) | N35: 0 | O35: - | P35: 3 | Q35: =IF(ISBLANK($G35)=TRUE,"",IF(SIGN(N35-P35)=SIGN($G35-$I35),1,0)+IF(N35=$G35,IF(P35=$I35,2,0),0)) | R35: 0 | S35: - | T35: 6 | U35: =IF(ISBLANK($G35)=TRUE,"",IF(SIGN(R35-T35)=SIGN($G35-$I35),1,0)+IF(R35=$G35,IF(T35=$I35,2,0),0)) | W35: - | Y35: =IF(ISBLANK($G35)=TRUE,"",IF(SIGN(V35-X35)=SIGN($G35-$I35),1,0)+IF(V35=$G35,IF(X35=$I35,2,0),0)) | Z35: 1 | AA35: - | AB35: 4 | AC35: =IF(ISBLANK($G35)=TRUE,"",IF(SIGN(Z35-AB35)=SIGN($G35-$I35),1,0)+IF(Z35=$G35,IF(AB35=$I35,2,0),0)) | AD35: 0 | AE35: - | AF35: 4 | AG35: =IF(ISBLANK($G35)=TRUE,"",IF(SIGN(AD35-AF35)=SIGN($G35-$I35),1,0)+IF(AD35=$G35,IF(AF35=$I35,2,0),0))
B36: 46198 | C36: 22:00 | D36: Ecuador | E36: - | F36: Tyskland | H36: - | J36: 1 | K36: - | L36: 2 | M36: =IF(ISBLANK($G36)=TRUE,"",IF(SIGN(J36-L36)=SIGN($G36-$I36),1,0)+IF(J36=$G36,IF(L36=$I36,2,0),0)) | N36: 1 | O36: - | P36: 2 | Q36: =IF(ISBLANK($G36)=TRUE,"",IF(SIGN(N36-P36)=SIGN($G36-$I36),1,0)+IF(N36=$G36,IF(P36=$I36,2,0),0)) | R36: 1 | S36: - | T36: 1 | U36: =IF(ISBLANK($G36)=TRUE,"",IF(SIGN(R36-T36)=SIGN($G36-$I36),1,0)+IF(R36=$G36,IF(T36=$I36,2,0),0)) | W36: - | Y36: =IF(ISBLANK($G36)=TRUE,"",IF(SIGN(V36-X36)=SIGN($G36-$I36),1,0)+IF(V36=$G36,IF(X36=$I36,2,0),0)) | Z36: 2 | AA36: - | AB36: 3 | AC36: =IF(ISBLANK($G36)=TRUE,"",IF(SIGN(Z36-AB36)=SIGN($G36-$I36),1,0)+IF(Z36=$G36,IF(AB36=$I36,2,0),0)) | AD36: 1 | AE36: - | AF36: 1 | AG36: =IF(ISBLANK($G36)=TRUE,"",IF(SIGN(AD36-AF36)=SIGN($G36-$I36),1,0)+IF(AD36=$G36,IF(AF36=$I36,2,0),0))
B37: Dato | C37: Kl. | D37: Gruppe F | G37: Resultat
B38: 46187 | C38: 22:00 | D38: Nederland | E38: - | F38: Japan | H38: - | J38: 2 | K38: - | L38: 1 | M38: =IF(ISBLANK($I38)=TRUE,"",IF(SIGN(J38-L38)=SIGN($G38-$I38),1,0)+IF(J38=$G38,IF(L38=$I38,2,0),0)) | N38: 2 | O38: - | P38: 1 | Q38: =IF(ISBLANK($I38)=TRUE,"",IF(SIGN(N38-P38)=SIGN($G38-$I38),1,0)+IF(N38=$G38,IF(P38=$I38,2,0),0)) | R38: 2 | S38: - | T38: 2 | U38: =IF(ISBLANK($I38)=TRUE,"",IF(SIGN(R38-T38)=SIGN($G38-$I38),1,0)+IF(R38=$G38,IF(T38=$I38,2,0),0)) | W38: - | Y38: =IF(ISBLANK($I38)=TRUE,"",IF(SIGN(V38-X38)=SIGN($G38-$I38),1,0)+IF(V38=$G38,IF(X38=$I38,2,0),0)) | Z38: 1 | AA38: - | AB38: 1 | AC38: =IF(ISBLANK($I38)=TRUE,"",IF(SIGN(Z38-AB38)=SIGN($G38-$I38),1,0)+IF(Z38=$G38,IF(AB38=$I38,2,0),0)) | AD38: 1 | AE38: - | AF38: 1 | AG38: =IF(ISBLANK($I38)=TRUE,"",IF(SIGN(AD38-AF38)=SIGN($G38-$I38),1,0)+IF(AD38=$G38,IF(AF38=$I38,2,0),0))
B39: 46188 | C39: 04:00 | D39: Sverige | E39: - | F39: Tunisia | H39: - | J39: 1 | K39: - | L39: 1 | M39: =IF(ISBLANK($G39)=TRUE,"",IF(SIGN(J39-L39)=SIGN($G39-$I39),1,0)+IF(J39=$G39,IF(L39=$I39,2,0),0)) | N39: 2 | O39: - | P39: 0 | Q39: =IF(ISBLANK($G39)=TRUE,"",IF(SIGN(N39-P39)=SIGN($G39-$I39),1,0)+IF(N39=$G39,IF(P39=$I39,2,0),0)) | R39: 2 | S39: - | T39: 0 | U39: =IF(ISBLANK($G39)=TRUE,"",IF(SIGN(R39-T39)=SIGN($G39-$I39),1,0)+IF(R39=$G39,IF(T39=$I39,2,0),0)) | W39: - | Y39: =IF(ISBLANK($G39)=TRUE,"",IF(SIGN(V39-X39)=SIGN($G39-$I39),1,0)+IF(V39=$G39,IF(X39=$I39,2,0),0)) | Z39: 0 | AA39: - | AB39: 2 | AC39: =IF(ISBLANK($G39)=TRUE,"",IF(SIGN(Z39-AB39)=SIGN($G39-$I39),1,0)+IF(Z39=$G39,IF(AB39=$I39,2,0),0)) | AD39: 0 | AE39: - | AF39: 2 | AG39: =IF(ISBLANK($G39)=TRUE,"",IF(SIGN(AD39-AF39)=SIGN($G39-$I39),1,0)+IF(AD39=$G39,IF(AF39=$I39,2,0),0))
B40: 46193 | C40: 19:00 | D40: Nederland | E40: - | F40: Sverige | H40: - | J40: 2 | K40: - | L40: 0 | M40: =IF(ISBLANK($G40)=TRUE,"",IF(SIGN(J40-L40)=SIGN($G40-$I40),1,0)+IF(J40=$G40,IF(L40=$I40,2,0),0)) | N40: 2 | O40: - | P40: 1 | Q40: =IF(ISBLANK($G40)=TRUE,"",IF(SIGN(N40-P40)=SIGN($G40-$I40),1,0)+IF(N40=$G40,IF(P40=$I40,2,0),0)) | R40: 3 | S40: - | T40: 1 | U40: =IF(ISBLANK($G40)=TRUE,"",IF(SIGN(R40-T40)=SIGN($G40-$I40),1,0)+IF(R40=$G40,IF(T40=$I40,2,0),0)) | W40: - | Y40: =IF(ISBLANK($G40)=TRUE,"",IF(SIGN(V40-X40)=SIGN($G40-$I40),1,0)+IF(V40=$G40,IF(X40=$I40,2,0),0)) | Z40: 3 | AA40: - | AB40: 1 | AC40: =IF(ISBLANK($G40)=TRUE,"",IF(SIGN(Z40-AB40)=SIGN($G40-$I40),1,0)+IF(Z40=$G40,IF(AB40=$I40,2,0),0)) | AD40: 2 | AE40: - | AF40: 0 | AG40: =IF(ISBLANK($G40)=TRUE,"",IF(SIGN(AD40-AF40)=SIGN($G40-$I40),1,0)+IF(AD40=$G40,IF(AF40=$I40,2,0),0))
B41: 46194 | C41: 06:00 | D41: Tunisia | E41: - | F41: Japan | H41: - | J41: 1 | K41: - | L41: 2 | M41: =IF(ISBLANK($G41)=TRUE,"",IF(SIGN(J41-L41)=SIGN($G41-$I41),1,0)+IF(J41=$G41,IF(L41=$I41,2,0),0)) | N41: 1 | O41: - | P41: 2 | Q41: =IF(ISBLANK($G41)=TRUE,"",IF(SIGN(N41-P41)=SIGN($G41-$I41),1,0)+IF(N41=$G41,IF(P41=$I41,2,0),0)) | R41: 1 | S41: - | T41: 2 | U41: =IF(ISBLANK($G41)=TRUE,"",IF(SIGN(R41-T41)=SIGN($G41-$I41),1,0)+IF(R41=$G41,IF(T41=$I41,2,0),0)) | W41: - | Y41: =IF(ISBLANK($G41)=TRUE,"",IF(SIGN(V41-X41)=SIGN($G41-$I41),1,0)+IF(V41=$G41,IF(X41=$I41,2,0),0)) | Z41: 0 | AA41: - | AB41: 0 | AC41: =IF(ISBLANK($G41)=TRUE,"",IF(SIGN(Z41-AB41)=SIGN($G41-$I41),1,0)+IF(Z41=$G41,IF(AB41=$I41,2,0),0)) | AD41: 2 | AE41: - | AF41: 2 | AG41: =IF(ISBLANK($G41)=TRUE,"",IF(SIGN(AD41-AF41)=SIGN($G41-$I41),1,0)+IF(AD41=$G41,IF(AF41=$I41,2,0),0))
B42: 46199 | C42: 01:00 | D42: Japan | E42: - | F42: Sverige | H42: - | J42: 2 | K42: - | L42: 1 | M42: =IF(ISBLANK($G42)=TRUE,"",IF(SIGN(J42-L42)=SIGN($G42-$I42),1,0)+IF(J42=$G42,IF(L42=$I42,2,0),0)) | N42: 1 | O42: - | P42: 2 | Q42: =IF(ISBLANK($G42)=TRUE,"",IF(SIGN(N42-P42)=SIGN($G42-$I42),1,0)+IF(N42=$G42,IF(P42=$I42,2,0),0)) | R42: 2 | S42: - | T42: 0 | U42: =IF(ISBLANK($G42)=TRUE,"",IF(SIGN(R42-T42)=SIGN($G42-$I42),1,0)+IF(R42=$G42,IF(T42=$I42,2,0),0)) | W42: - | Y42: =IF(ISBLANK($G42)=TRUE,"",IF(SIGN(V42-X42)=SIGN($G42-$I42),1,0)+IF(V42=$G42,IF(X42=$I42,2,0),0)) | Z42: 2 | AA42: - | AB42: 0 | AC42: =IF(ISBLANK($G42)=TRUE,"",IF(SIGN(Z42-AB42)=SIGN($G42-$I42),1,0)+IF(Z42=$G42,IF(AB42=$I42,2,0),0)) | AD42: 1 | AE42: - | AF42: 0 | AG42: =IF(ISBLANK($G42)=TRUE,"",IF(SIGN(AD42-AF42)=SIGN($G42-$I42),1,0)+IF(AD42=$G42,IF(AF42=$I42,2,0),0))
B43: 46199 | C43: 01:00 | D43: Tunisia | E43: - | F43: Nederland | H43: - | J43: 0 | K43: - | L43: 2 | M43: =IF(ISBLANK($G43)=TRUE,"",IF(SIGN(J43-L43)=SIGN($G43-$I43),1,0)+IF(J43=$G43,IF(L43=$I43,2,0),0)) | N43: 0 | O43: - | P43: 3 | Q43: =IF(ISBLANK($G43)=TRUE,"",IF(SIGN(N43-P43)=SIGN($G43-$I43),1,0)+IF(N43=$G43,IF(P43=$I43,2,0),0)) | R43: 1 | S43: - | T43: 3 | U43: =IF(ISBLANK($G43)=TRUE,"",IF(SIGN(R43-T43)=SIGN($G43-$I43),1,0)+IF(R43=$G43,IF(T43=$I43,2,0),0)) | W43: - | Y43: =IF(ISBLANK($G43)=TRUE,"",IF(SIGN(V43-X43)=SIGN($G43-$I43),1,0)+IF(V43=$G43,IF(X43=$I43,2,0),0)) | Z43: 2 | AA43: - | AB43: 2 | AC43: =IF(ISBLANK($G43)=TRUE,"",IF(SIGN(Z43-AB43)=SIGN($G43-$I43),1,0)+IF(Z43=$G43,IF(AB43=$I43,2,0),0)) | AD43: 1 | AE43: - | AF43: 1 | AG43: =IF(ISBLANK($G43)=TRUE,"",IF(SIGN(AD43-AF43)=SIGN($G43-$I43),1,0)+IF(AD43=$G43,IF(AF43=$I43,2,0),0))
B44: Dato | C44: Kl. | D44: Gruppe G | G44: Resultat
B45: 46188 | C45: 21:00 | D45: Belgia | E45: - | F45: Egypt | H45: - | J45: 2 | K45: - | L45: 1 | M45: =IF(ISBLANK($I45)=TRUE,"",IF(SIGN(J45-L45)=SIGN($G45-$I45),1,0)+IF(J45=$G45,IF(L45=$I45,2,0),0)) | N45: 2 | O45: - | P45: 0 | Q45: =IF(ISBLANK($I45)=TRUE,"",IF(SIGN(N45-P45)=SIGN($G45-$I45),1,0)+IF(N45=$G45,IF(P45=$I45,2,0),0)) | R45: 1 | S45: - | T45: 2 | U45: =IF(ISBLANK($I45)=TRUE,"",IF(SIGN(R45-T45)=SIGN($G45-$I45),1,0)+IF(R45=$G45,IF(T45=$I45,2,0),0)) | W45: - | Y45: =IF(ISBLANK($I45)=TRUE,"",IF(SIGN(V45-X45)=SIGN($G45-$I45),1,0)+IF(V45=$G45,IF(X45=$I45,2,0),0)) | Z45: 4 | AA45: - | AB45: 2 | AC45: =IF(ISBLANK($I45)=TRUE,"",IF(SIGN(Z45-AB45)=SIGN($G45-$I45),1,0)+IF(Z45=$G45,IF(AB45=$I45,2,0),0)) | AD45: 3 | AE45: - | AF45: 1 | AG45: =IF(ISBLANK($I45)=TRUE,"",IF(SIGN(AD45-AF45)=SIGN($G45-$I45),1,0)+IF(AD45=$G45,IF(AF45=$I45,2,0),0))
B46: 46189 | C46: 03:00 | D46: Iran | E46: - | F46: New Zealand | H46: - | J46: 0 | K46: - | L46: 0 | M46: =IF(ISBLANK($G46)=TRUE,"",IF(SIGN(J46-L46)=SIGN($G46-$I46),1,0)+IF(J46=$G46,IF(L46=$I46,2,0),0)) | N46: 1 | O46: - | P46: 1 | Q46: =IF(ISBLANK($G46)=TRUE,"",IF(SIGN(N46-P46)=SIGN($G46-$I46),1,0)+IF(N46=$G46,IF(P46=$I46,2,0),0)) | R46: 1 | S46: - | T46: 1 | U46: =IF(ISBLANK($G46)=TRUE,"",IF(SIGN(R46-T46)=SIGN($G46-$I46),1,0)+IF(R46=$G46,IF(T46=$I46,2,0),0)) | W46: - | Y46: =IF(ISBLANK($G46)=TRUE,"",IF(SIGN(V46-X46)=SIGN($G46-$I46),1,0)+IF(V46=$G46,IF(X46=$I46,2,0),0)) | Z46: 0 | AA46: - | AB46: 3 | AC46: =IF(ISBLANK($G46)=TRUE,"",IF(SIGN(Z46-AB46)=SIGN($G46-$I46),1,0)+IF(Z46=$G46,IF(AB46=$I46,2,0),0)) | AD46: 2 | AE46: - | AF46: 0 | AG46: =IF(ISBLANK($G46)=TRUE,"",IF(SIGN(AD46-AF46)=SIGN($G46-$I46),1,0)+IF(AD46=$G46,IF(AF46=$I46,2,0),0))
B47: 46194 | C47: 21:00 | D47: Belgia | E47: - | F47: Iran | H47: - | J47: 2 | K47: - | L47: 0 | M47: =IF(ISBLANK($G47)=TRUE,"",IF(SIGN(J47-L47)=SIGN($G47-$I47),1,0)+IF(J47=$G47,IF(L47=$I47,2,0),0)) | N47: 2 | O47: - | P47: 1 | Q47: =IF(ISBLANK($G47)=TRUE,"",IF(SIGN(N47-P47)=SIGN($G47-$I47),1,0)+IF(N47=$G47,IF(P47=$I47,2,0),0)) | R47: 2 | S47: - | T47: 0 | U47: =IF(ISBLANK($G47)=TRUE,"",IF(SIGN(R47-T47)=SIGN($G47-$I47),1,0)+IF(R47=$G47,IF(T47=$I47,2,0),0)) | W47: - | Y47: =IF(ISBLANK($G47)=TRUE,"",IF(SIGN(V47-X47)=SIGN($G47-$I47),1,0)+IF(V47=$G47,IF(X47=$I47,2,0),0)) | Z47: 3 | AA47: - | AB47: 0 | AC47: =IF(ISBLANK($G47)=TRUE,"",IF(SIGN(Z47-AB47)=SIGN($G47-$I47),1,0)+IF(Z47=$G47,IF(AB47=$I47,2,0),0)) | AD47: 2 | AE47: - | AF47: 0 | AG47: =IF(ISBLANK($G47)=TRUE,"",IF(SIGN(AD47-AF47)=SIGN($G47-$I47),1,0)+IF(AD47=$G47,IF(AF47=$I47,2,0),0))
B48: 46195 | C48: 03:00 | D48: New Zealand | E48: - | F48: Egypt | H48: - | J48: 1 | K48: - | L48: 2 | M48: =IF(ISBLANK($G48)=TRUE,"",IF(SIGN(J48-L48)=SIGN($G48-$I48),1,0)+IF(J48=$G48,IF(L48=$I48,2,0),0)) | N48: 0 | O48: - | P48: 2 | Q48: =IF(ISBLANK($G48)=TRUE,"",IF(SIGN(N48-P48)=SIGN($G48-$I48),1,0)+IF(N48=$G48,IF(P48=$I48,2,0),0)) | R48: 0 | S48: - | T48: 2 | U48: =IF(ISBLANK($G48)=TRUE,"",IF(SIGN(R48-T48)=SIGN($G48-$I48),1,0)+IF(R48=$G48,IF(T48=$I48,2,0),0)) | W48: - | Y48: =IF(ISBLANK($G48)=TRUE,"",IF(SIGN(V48-X48)=SIGN($G48-$I48),1,0)+IF(V48=$G48,IF(X48=$I48,2,0),0)) | Z48: 1 | AA48: - | AB48: 0 | AC48: =IF(ISBLANK($G48)=TRUE,"",IF(SIGN(Z48-AB48)=SIGN($G48-$I48),1,0)+IF(Z48=$G48,IF(AB48=$I48,2,0),0)) | AD48: 0 | AE48: - | AF48: 1 | AG48: =IF(ISBLANK($G48)=TRUE,"",IF(SIGN(AD48-AF48)=SIGN($G48-$I48),1,0)+IF(AD48=$G48,IF(AF48=$I48,2,0),0))
B49: 46200 | C49: 05:00 | D49: Egypt | E49: - | F49: Iran | H49: - | J49: 2 | K49: - | L49: 1 | M49: =IF(ISBLANK($G49)=TRUE,"",IF(SIGN(J49-L49)=SIGN($G49-$I49),1,0)+IF(J49=$G49,IF(L49=$I49,2,0),0)) | N49: 1 | O49: - | P49: 1 | Q49: =IF(ISBLANK($G49)=TRUE,"",IF(SIGN(N49-P49)=SIGN($G49-$I49),1,0)+IF(N49=$G49,IF(P49=$I49,2,0),0)) | R49: 1 | S49: - | T49: 1 | U49: =IF(ISBLANK($G49)=TRUE,"",IF(SIGN(R49-T49)=SIGN($G49-$I49),1,0)+IF(R49=$G49,IF(T49=$I49,2,0),0)) | W49: - | Y49: =IF(ISBLANK($G49)=TRUE,"",IF(SIGN(V49-X49)=SIGN($G49-$I49),1,0)+IF(V49=$G49,IF(X49=$I49,2,0),0)) | Z49: 0 | AA49: - | AB49: 0 | AC49: =IF(ISBLANK($G49)=TRUE,"",IF(SIGN(Z49-AB49)=SIGN($G49-$I49),1,0)+IF(Z49=$G49,IF(AB49=$I49,2,0),0)) | AD49: 2 | AE49: - | AF49: 2 | AG49: =IF(ISBLANK($G49)=TRUE,"",IF(SIGN(AD49-AF49)=SIGN($G49-$I49),1,0)+IF(AD49=$G49,IF(AF49=$I49,2,0),0))
B50: 46200 | C50: 05:00 | D50: New Zealand | E50: - | F50: Belgia | H50: - | J50: 0 | K50: - | L50: 2 | M50: =IF(ISBLANK($G50)=TRUE,"",IF(SIGN(J50-L50)=SIGN($G50-$I50),1,0)+IF(J50=$G50,IF(L50=$I50,2,0),0)) | N50: 0 | O50: - | P50: 2 | Q50: =IF(ISBLANK($G50)=TRUE,"",IF(SIGN(N50-P50)=SIGN($G50-$I50),1,0)+IF(N50=$G50,IF(P50=$I50,2,0),0)) | R50: 1 | S50: - | T50: 2 | U50: =IF(ISBLANK($G50)=TRUE,"",IF(SIGN(R50-T50)=SIGN($G50-$I50),1,0)+IF(R50=$G50,IF(T50=$I50,2,0),0)) | W50: - | Y50: =IF(ISBLANK($G50)=TRUE,"",IF(SIGN(V50-X50)=SIGN($G50-$I50),1,0)+IF(V50=$G50,IF(X50=$I50,2,0),0)) | Z50: 2 | AA50: - | AB50: 2 | AC50: =IF(ISBLANK($G50)=TRUE,"",IF(SIGN(Z50-AB50)=SIGN($G50-$I50),1,0)+IF(Z50=$G50,IF(AB50=$I50,2,0),0)) | AD50: 0 | AE50: - | AF50: 2 | AG50: =IF(ISBLANK($G50)=TRUE,"",IF(SIGN(AD50-AF50)=SIGN($G50-$I50),1,0)+IF(AD50=$G50,IF(AF50=$I50,2,0),0))
B51: Dato | C51: Kl. | D51: Gruppe H | G51: Resultat
B52: 46188 | C52: 18:00 | D52: Spania | E52: - | F52: Kapp Verde | H52: - | J52: 5 | K52: - | L52: 0 | M52: =IF(ISBLANK($I52)=TRUE,"",IF(SIGN(J52-L52)=SIGN($G52-$I52),1,0)+IF(J52=$G52,IF(L52=$I52,2,0),0)) | N52: 3 | O52: - | P52: 0 | Q52: =IF(ISBLANK($I52)=TRUE,"",IF(SIGN(N52-P52)=SIGN($G52-$I52),1,0)+IF(N52=$G52,IF(P52=$I52,2,0),0)) | R52: 5 | S52: - | T52: 0 | U52: =IF(ISBLANK($I52)=TRUE,"",IF(SIGN(R52-T52)=SIGN($G52-$I52),1,0)+IF(R52=$G52,IF(T52=$I52,2,0),0)) | W52: - | Y52: =IF(ISBLANK($I52)=TRUE,"",IF(SIGN(V52-X52)=SIGN($G52-$I52),1,0)+IF(V52=$G52,IF(X52=$I52,2,0),0)) | Z52: 3 | AA52: - | AB52: 1 | AC52: =IF(ISBLANK($I52)=TRUE,"",IF(SIGN(Z52-AB52)=SIGN($G52-$I52),1,0)+IF(Z52=$G52,IF(AB52=$I52,2,0),0)) | AD52: 3 | AE52: - | AF52: 0 | AG52: =IF(ISBLANK($I52)=TRUE,"",IF(SIGN(AD52-AF52)=SIGN($G52-$I52),1,0)+IF(AD52=$G52,IF(AF52=$I52,2,0),0))
B53: 46189 | C53: 00:00 | D53: Saudi-Arabia | E53: - | F53: Uruguay | H53: - | J53: 0 | K53: - | L53: 2 | M53: =IF(ISBLANK($G53)=TRUE,"",IF(SIGN(J53-L53)=SIGN($G53-$I53),1,0)+IF(J53=$G53,IF(L53=$I53,2,0),0)) | N53: 1 | O53: - | P53: 2 | Q53: =IF(ISBLANK($G53)=TRUE,"",IF(SIGN(N53-P53)=SIGN($G53-$I53),1,0)+IF(N53=$G53,IF(P53=$I53,2,0),0)) | R53: 1 | S53: - | T53: 2 | U53: =IF(ISBLANK($G53)=TRUE,"",IF(SIGN(R53-T53)=SIGN($G53-$I53),1,0)+IF(R53=$G53,IF(T53=$I53,2,0),0)) | W53: - | Y53: =IF(ISBLANK($G53)=TRUE,"",IF(SIGN(V53-X53)=SIGN($G53-$I53),1,0)+IF(V53=$G53,IF(X53=$I53,2,0),0)) | Z53: 0 | AA53: - | AB53: 1 | AC53: =IF(ISBLANK($G53)=TRUE,"",IF(SIGN(Z53-AB53)=SIGN($G53-$I53),1,0)+IF(Z53=$G53,IF(AB53=$I53,2,0),0)) | AD53: 0 | AE53: - | AF53: 2 | AG53: =IF(ISBLANK($G53)=TRUE,"",IF(SIGN(AD53-AF53)=SIGN($G53-$I53),1,0)+IF(AD53=$G53,IF(AF53=$I53,2,0),0))
B54: 46194 | C54: 18:00 | D54: Spania | E54: - | F54: Saudi-Arabia | H54: - | J54: 3 | K54: - | L54: 0 | M54: =IF(ISBLANK($G54)=TRUE,"",IF(SIGN(J54-L54)=SIGN($G54-$I54),1,0)+IF(J54=$G54,IF(L54=$I54,2,0),0)) | N54: 2 | O54: - | P54: 1 | Q54: =IF(ISBLANK($G54)=TRUE,"",IF(SIGN(N54-P54)=SIGN($G54-$I54),1,0)+IF(N54=$G54,IF(P54=$I54,2,0),0)) | R54: 2 | S54: - | T54: 0 | U54: =IF(ISBLANK($G54)=TRUE,"",IF(SIGN(R54-T54)=SIGN($G54-$I54),1,0)+IF(R54=$G54,IF(T54=$I54,2,0),0)) | W54: - | Y54: =IF(ISBLANK($G54)=TRUE,"",IF(SIGN(V54-X54)=SIGN($G54-$I54),1,0)+IF(V54=$G54,IF(X54=$I54,2,0),0)) | Z54: 2 | AA54: - | AB54: 0 | AC54: =IF(ISBLANK($G54)=TRUE,"",IF(SIGN(Z54-AB54)=SIGN($G54-$I54),1,0)+IF(Z54=$G54,IF(AB54=$I54,2,0),0)) | AD54: 2 | AE54: - | AF54: 0 | AG54: =IF(ISBLANK($G54)=TRUE,"",IF(SIGN(AD54-AF54)=SIGN($G54-$I54),1,0)+IF(AD54=$G54,IF(AF54=$I54,2,0),0))
B55: 46195 | C55: 00:00 | D55: Uruguay | E55: - | F55: Kapp Verde | H55: - | J55: 3 | K55: - | L55: 0 | M55: =IF(ISBLANK($G55)=TRUE,"",IF(SIGN(J55-L55)=SIGN($G55-$I55),1,0)+IF(J55=$G55,IF(L55=$I55,2,0),0)) | N55: 3 | O55: - | P55: 0 | Q55: =IF(ISBLANK($G55)=TRUE,"",IF(SIGN(N55-P55)=SIGN($G55-$I55),1,0)+IF(N55=$G55,IF(P55=$I55,2,0),0)) | R55: 2 | S55: - | T55: 1 | U55: =IF(ISBLANK($G55)=TRUE,"",IF(SIGN(R55-T55)=SIGN($G55-$I55),1,0)+IF(R55=$G55,IF(T55=$I55,2,0),0)) | W55: - | Y55: =IF(ISBLANK($G55)=TRUE,"",IF(SIGN(V55-X55)=SIGN($G55-$I55),1,0)+IF(V55=$G55,IF(X55=$I55,2,0),0)) | Z55: 4 | AA55: - | AB55: 1 | AC55: =IF(ISBLANK($G55)=TRUE,"",IF(SIGN(Z55-AB55)=SIGN($G55-$I55),1,0)+IF(Z55=$G55,IF(AB55=$I55,2,0),0)) | AD55: 1 | AE55: - | AF55: 0 | AG55: =IF(ISBLANK($G55)=TRUE,"",IF(SIGN(AD55-AF55)=SIGN($G55-$I55),1,0)+IF(AD55=$G55,IF(AF55=$I55,2,0),0))
B56: 46200 | C56: 02:00 | D56: Kapp Verde | E56: - | F56: Saudi-Arabia | H56: - | J56: 0 | K56: - | L56: 1 | M56: =IF(ISBLANK($G56)=TRUE,"",IF(SIGN(J56-L56)=SIGN($G56-$I56),1,0)+IF(J56=$G56,IF(L56=$I56,2,0),0)) | N56: 0 | O56: - | P56: 2 | Q56: =IF(ISBLANK($G56)=TRUE,"",IF(SIGN(N56-P56)=SIGN($G56-$I56),1,0)+IF(N56=$G56,IF(P56=$I56,2,0),0)) | R56: 1 | S56: - | T56: 2 | U56: =IF(ISBLANK($G56)=TRUE,"",IF(SIGN(R56-T56)=SIGN($G56-$I56),1,0)+IF(R56=$G56,IF(T56=$I56,2,0),0)) | W56: - | Y56: =IF(ISBLANK($G56)=TRUE,"",IF(SIGN(V56-X56)=SIGN($G56-$I56),1,0)+IF(V56=$G56,IF(X56=$I56,2,0),0)) | Z56: 1 | AA56: - | AB56: 3 | AC56: =IF(ISBLANK($G56)=TRUE,"",IF(SIGN(Z56-AB56)=SIGN($G56-$I56),1,0)+IF(Z56=$G56,IF(AB56=$I56,2,0),0)) | AD56: 0 | AE56: - | AF56: 2 | AG56: =IF(ISBLANK($G56)=TRUE,"",IF(SIGN(AD56-AF56)=SIGN($G56-$I56),1,0)+IF(AD56=$G56,IF(AF56=$I56,2,0),0))
B57: 46200 | C57: 02:00 | D57: Uruguay | E57: - | F57: Spania | H57: - | J57: 1 | K57: - | L57: 2 | M57: =IF(ISBLANK($G57)=TRUE,"",IF(SIGN(J57-L57)=SIGN($G57-$I57),1,0)+IF(J57=$G57,IF(L57=$I57,2,0),0)) | N57: 1 | O57: - | P57: 2 | Q57: =IF(ISBLANK($G57)=TRUE,"",IF(SIGN(N57-P57)=SIGN($G57-$I57),1,0)+IF(N57=$G57,IF(P57=$I57,2,0),0)) | R57: 2 | S57: - | T57: 3 | U57: =IF(ISBLANK($G57)=TRUE,"",IF(SIGN(R57-T57)=SIGN($G57-$I57),1,0)+IF(R57=$G57,IF(T57=$I57,2,0),0)) | W57: - | Y57: =IF(ISBLANK($G57)=TRUE,"",IF(SIGN(V57-X57)=SIGN($G57-$I57),1,0)+IF(V57=$G57,IF(X57=$I57,2,0),0)) | Z57: 2 | AA57: - | AB57: 2 | AC57: =IF(ISBLANK($G57)=TRUE,"",IF(SIGN(Z57-AB57)=SIGN($G57-$I57),1,0)+IF(Z57=$G57,IF(AB57=$I57,2,0),0)) | AD57: 1 | AE57: - | AF57: 1 | AG57: =IF(ISBLANK($G57)=TRUE,"",IF(SIGN(AD57-AF57)=SIGN($G57-$I57),1,0)+IF(AD57=$G57,IF(AF57=$I57,2,0),0))
B58: Dato | C58: Kl. | D58: Gruppe I | G58: Resultat
B59: 46189 | C59: 21:00 | D59: Frankrike | E59: - | F59: Senegal | H59: - | J59: 2 | K59: - | L59: 0 | M59: =IF(ISBLANK($I59)=TRUE,"",IF(SIGN(J59-L59)=SIGN($G59-$I59),1,0)+IF(J59=$G59,IF(L59=$I59,2,0),0)) | N59: 2 | O59: - | P59: 0 | Q59: =IF(ISBLANK($I59)=TRUE,"",IF(SIGN(N59-P59)=SIGN($G59-$I59),1,0)+IF(N59=$G59,IF(P59=$I59,2,0),0)) | R59: 2 | S59: - | T59: 1 | U59: =IF(ISBLANK($I59)=TRUE,"",IF(SIGN(R59-T59)=SIGN($G59-$I59),1,0)+IF(R59=$G59,IF(T59=$I59,2,0),0)) | W59: - | Y59: =IF(ISBLANK($I59)=TRUE,"",IF(SIGN(V59-X59)=SIGN($G59-$I59),1,0)+IF(V59=$G59,IF(X59=$I59,2,0),0)) | Z59: 1 | AA59: - | AB59: 0 | AC59: =IF(ISBLANK($I59)=TRUE,"",IF(SIGN(Z59-AB59)=SIGN($G59-$I59),1,0)+IF(Z59=$G59,IF(AB59=$I59,2,0),0)) | AD59: 2 | AE59: - | AF59: 1 | AG59: =IF(ISBLANK($I59)=TRUE,"",IF(SIGN(AD59-AF59)=SIGN($G59-$I59),1,0)+IF(AD59=$G59,IF(AF59=$I59,2,0),0))
B60: 46190 | C60: 00:00 | D60: Irak | E60: - | F60: Norge | H60: - | J60: 0 | K60: - | L60: 2 | M60: =IF(ISBLANK($G60)=TRUE,"",IF(SIGN(J60-L60)=SIGN($G60-$I60),1,0)+IF(J60=$G60,IF(L60=$I60,2,0),0)) | N60: 1 | O60: - | P60: 2 | Q60: =IF(ISBLANK($G60)=TRUE,"",IF(SIGN(N60-P60)=SIGN($G60-$I60),1,0)+IF(N60=$G60,IF(P60=$I60,2,0),0)) | R60: 1 | S60: - | T60: 2 | U60: =IF(ISBLANK($G60)=TRUE,"",IF(SIGN(R60-T60)=SIGN($G60-$I60),1,0)+IF(R60=$G60,IF(T60=$I60,2,0),0)) | W60: - | Y60: =IF(ISBLANK($G60)=TRUE,"",IF(SIGN(V60-X60)=SIGN($G60-$I60),1,0)+IF(V60=$G60,IF(X60=$I60,2,0),0)) | Z60: 1 | AA60: - | AB60: 4 | AC60: =IF(ISBLANK($G60)=TRUE,"",IF(SIGN(Z60-AB60)=SIGN($G60-$I60),1,0)+IF(Z60=$G60,IF(AB60=$I60,2,0),0)) | AD60: 0 | AE60: - | AF60: 2 | AG60: =IF(ISBLANK($G60)=TRUE,"",IF(SIGN(AD60-AF60)=SIGN($G60-$I60),1,0)+IF(AD60=$G60,IF(AF60=$I60,2,0),0))
B61: 46195 | C61: 23:00 | D61: Frankrike | E61: - | F61: Irak | H61: - | J61: 3 | K61: - | L61: 0 | M61: =IF(ISBLANK($G61)=TRUE,"",IF(SIGN(J61-L61)=SIGN($G61-$I61),1,0)+IF(J61=$G61,IF(L61=$I61,2,0),0)) | N61: 3 | O61: - | P61: 0 | Q61: =IF(ISBLANK($G61)=TRUE,"",IF(SIGN(N61-P61)=SIGN($G61-$I61),1,0)+IF(N61=$G61,IF(P61=$I61,2,0),0)) | R61: 3 | S61: - | T61: 0 | U61: =IF(ISBLANK($G61)=TRUE,"",IF(SIGN(R61-T61)=SIGN($G61-$I61),1,0)+IF(R61=$G61,IF(T61=$I61,2,0),0)) | W61: - | Y61: =IF(ISBLANK($G61)=TRUE,"",IF(SIGN(V61-X61)=SIGN($G61-$I61),1,0)+IF(V61=$G61,IF(X61=$I61,2,0),0)) | Z61: 3 | AA61: - | AB61: 1 | AC61: =IF(ISBLANK($G61)=TRUE,"",IF(SIGN(Z61-AB61)=SIGN($G61-$I61),1,0)+IF(Z61=$G61,IF(AB61=$I61,2,0),0)) | AD61: 2 | AE61: - | AF61: 0 | AG61: =IF(ISBLANK($G61)=TRUE,"",IF(SIGN(AD61-AF61)=SIGN($G61-$I61),1,0)+IF(AD61=$G61,IF(AF61=$I61,2,0),0))
B62: 46196 | C62: 02:00 | D62: Norge | E62: - | F62: Senegal | H62: - | J62: 1 | K62: - | L62: 0 | M62: =IF(ISBLANK($G62)=TRUE,"",IF(SIGN(J62-L62)=SIGN($G62-$I62),1,0)+IF(J62=$G62,IF(L62=$I62,2,0),0)) | N62: 2 | O62: - | P62: 1 | Q62: =IF(ISBLANK($G62)=TRUE,"",IF(SIGN(N62-P62)=SIGN($G62-$I62),1,0)+IF(N62=$G62,IF(P62=$I62,2,0),0)) | R62: 1 | S62: - | T62: 2 | U62: =IF(ISBLANK($G62)=TRUE,"",IF(SIGN(R62-T62)=SIGN($G62-$I62),1,0)+IF(R62=$G62,IF(T62=$I62,2,0),0)) | W62: - | Y62: =IF(ISBLANK($G62)=TRUE,"",IF(SIGN(V62-X62)=SIGN($G62-$I62),1,0)+IF(V62=$G62,IF(X62=$I62,2,0),0)) | Z62: 1 | AA62: - | AB62: 0 | AC62: =IF(ISBLANK($G62)=TRUE,"",IF(SIGN(Z62-AB62)=SIGN($G62-$I62),1,0)+IF(Z62=$G62,IF(AB62=$I62,2,0),0)) | AD62: 1 | AE62: - | AF62: 1 | AG62: =IF(ISBLANK($G62)=TRUE,"",IF(SIGN(AD62-AF62)=SIGN($G62-$I62),1,0)+IF(AD62=$G62,IF(AF62=$I62,2,0),0))
B63: 46199 | C63: 21:00 | D63: Norge | E63: - | F63: Frankrike | H63: - | J63: 0 | K63: - | L63: 2 | M63: =IF(ISBLANK($G63)=TRUE,"",IF(SIGN(J63-L63)=SIGN($G63-$I63),1,0)+IF(J63=$G63,IF(L63=$I63,2,0),0)) | N63: 1 | O63: - | P63: 2 | Q63: =IF(ISBLANK($G63)=TRUE,"",IF(SIGN(N63-P63)=SIGN($G63-$I63),1,0)+IF(N63=$G63,IF(P63=$I63,2,0),0)) | R63: 2 | S63: - | T63: 2 | U63: =IF(ISBLANK($G63)=TRUE,"",IF(SIGN(R63-T63)=SIGN($G63-$I63),1,0)+IF(R63=$G63,IF(T63=$I63,2,0),0)) | W63: - | Y63: =IF(ISBLANK($G63)=TRUE,"",IF(SIGN(V63-X63)=SIGN($G63-$I63),1,0)+IF(V63=$G63,IF(X63=$I63,2,0),0)) | Z63: 1 | AA63: - | AB63: 2 | AC63: =IF(ISBLANK($G63)=TRUE,"",IF(SIGN(Z63-AB63)=SIGN($G63-$I63),1,0)+IF(Z63=$G63,IF(AB63=$I63,2,0),0)) | AD63: 0 | AE63: - | AF63: 1 | AG63: =IF(ISBLANK($G63)=TRUE,"",IF(SIGN(AD63-AF63)=SIGN($G63-$I63),1,0)+IF(AD63=$G63,IF(AF63=$I63,2,0),0))
B64: 46199 | C64: 21:00 | D64: Senegal | E64: - | F64: Irak | H64: - | J64: 2 | K64: - | L64: 1 | M64: =IF(ISBLANK($G64)=TRUE,"",IF(SIGN(J64-L64)=SIGN($G64-$I64),1,0)+IF(J64=$G64,IF(L64=$I64,2,0),0)) | N64: 2 | O64: - | P64: 1 | Q64: =IF(ISBLANK($G64)=TRUE,"",IF(SIGN(N64-P64)=SIGN($G64-$I64),1,0)+IF(N64=$G64,IF(P64=$I64,2,0),0)) | R64: 2 | S64: - | T64: 0 | U64: =IF(ISBLANK($G64)=TRUE,"",IF(SIGN(R64-T64)=SIGN($G64-$I64),1,0)+IF(R64=$G64,IF(T64=$I64,2,0),0)) | W64: - | Y64: =IF(ISBLANK($G64)=TRUE,"",IF(SIGN(V64-X64)=SIGN($G64-$I64),1,0)+IF(V64=$G64,IF(X64=$I64,2,0),0)) | Z64: 0 | AA64: - | AB64: 0 | AC64: =IF(ISBLANK($G64)=TRUE,"",IF(SIGN(Z64-AB64)=SIGN($G64-$I64),1,0)+IF(Z64=$G64,IF(AB64=$I64,2,0),0)) | AD64: 2 | AE64: - | AF64: 0 | AG64: =IF(ISBLANK($G64)=TRUE,"",IF(SIGN(AD64-AF64)=SIGN($G64-$I64),1,0)+IF(AD64=$G64,IF(AF64=$I64,2,0),0))
B65: Dato | C65: Kl. | D65: Gruppe J | G65: Resultat
B66: 46190 | C66: 03:00 | D66: Argentina | E66: - | F66: Algerie | H66: - | J66: 2 | K66: - | L66: 1 | M66: =IF(ISBLANK($I66)=TRUE,"",IF(SIGN(J66-L66)=SIGN($G66-$I66),1,0)+IF(J66=$G66,IF(L66=$I66,2,0),0)) | N66: 3 | O66: - | P66: 0 | Q66: =IF(ISBLANK($I66)=TRUE,"",IF(SIGN(N66-P66)=SIGN($G66-$I66),1,0)+IF(N66=$G66,IF(P66=$I66,2,0),0)) | R66: 1 | S66: - | T66: 0 | U66: =IF(ISBLANK($I66)=TRUE,"",IF(SIGN(R66-T66)=SIGN($G66-$I66),1,0)+IF(R66=$G66,IF(T66=$I66,2,0),0)) | W66: - | Y66: =IF(ISBLANK($I66)=TRUE,"",IF(SIGN(V66-X66)=SIGN($G66-$I66),1,0)+IF(V66=$G66,IF(X66=$I66,2,0),0)) | Z66: 1 | AA66: - | AB66: 0 | AC66: =IF(ISBLANK($I66)=TRUE,"",IF(SIGN(Z66-AB66)=SIGN($G66-$I66),1,0)+IF(Z66=$G66,IF(AB66=$I66,2,0),0)) | AD66: 2 | AE66: - | AF66: 1 | AG66: =IF(ISBLANK($I66)=TRUE,"",IF(SIGN(AD66-AF66)=SIGN($G66-$I66),1,0)+IF(AD66=$G66,IF(AF66=$I66,2,0),0))
B67: 46190 | C67: 06:00 | D67: Østerrike | E67: - | F67: Jordan | H67: - | J67: 2 | K67: - | L67: 0 | M67: =IF(ISBLANK($G67)=TRUE,"",IF(SIGN(J67-L67)=SIGN($G67-$I67),1,0)+IF(J67=$G67,IF(L67=$I67,2,0),0)) | N67: 2 | O67: - | P67: 1 | Q67: =IF(ISBLANK($G67)=TRUE,"",IF(SIGN(N67-P67)=SIGN($G67-$I67),1,0)+IF(N67=$G67,IF(P67=$I67,2,0),0)) | R67: 3 | S67: - | T67: 0 | U67: =IF(ISBLANK($G67)=TRUE,"",IF(SIGN(R67-T67)=SIGN($G67-$I67),1,0)+IF(R67=$G67,IF(T67=$I67,2,0),0)) | W67: - | Y67: =IF(ISBLANK($G67)=TRUE,"",IF(SIGN(V67-X67)=SIGN($G67-$I67),1,0)+IF(V67=$G67,IF(X67=$I67,2,0),0)) | Z67: 2 | AA67: - | AB67: 0 | AC67: =IF(ISBLANK($G67)=TRUE,"",IF(SIGN(Z67-AB67)=SIGN($G67-$I67),1,0)+IF(Z67=$G67,IF(AB67=$I67,2,0),0)) | AD67: 3 | AE67: - | AF67: 0 | AG67: =IF(ISBLANK($G67)=TRUE,"",IF(SIGN(AD67-AF67)=SIGN($G67-$I67),1,0)+IF(AD67=$G67,IF(AF67=$I67,2,0),0))
B68: 46195 | C68: 19:00 | D68: Argentina | E68: - | F68: Østerrike | H68: - | J68: 2 | K68: - | L68: 1 | M68: =IF(ISBLANK($G68)=TRUE,"",IF(SIGN(J68-L68)=SIGN($G68-$I68),1,0)+IF(J68=$G68,IF(L68=$I68,2,0),0)) | N68: 2 | O68: - | P68: 0 | Q68: =IF(ISBLANK($G68)=TRUE,"",IF(SIGN(N68-P68)=SIGN($G68-$I68),1,0)+IF(N68=$G68,IF(P68=$I68,2,0),0)) | R68: 2 | S68: - | T68: 1 | U68: =IF(ISBLANK($G68)=TRUE,"",IF(SIGN(R68-T68)=SIGN($G68-$I68),1,0)+IF(R68=$G68,IF(T68=$I68,2,0),0)) | W68: - | Y68: =IF(ISBLANK($G68)=TRUE,"",IF(SIGN(V68-X68)=SIGN($G68-$I68),1,0)+IF(V68=$G68,IF(X68=$I68,2,0),0)) | Z68: 2 | AA68: - | AB68: 0 | AC68: =IF(ISBLANK($G68)=TRUE,"",IF(SIGN(Z68-AB68)=SIGN($G68-$I68),1,0)+IF(Z68=$G68,IF(AB68=$I68,2,0),0)) | AD68: 1 | AE68: - | AF68: 0 | AG68: =IF(ISBLANK($G68)=TRUE,"",IF(SIGN(AD68-AF68)=SIGN($G68-$I68),1,0)+IF(AD68=$G68,IF(AF68=$I68,2,0),0))
B69: 46196 | C69: 05:00 | D69: Jordan | E69: - | F69: Algerie | H69: - | J69: 0 | K69: - | L69: 2 | M69: =IF(ISBLANK($G69)=TRUE,"",IF(SIGN(J69-L69)=SIGN($G69-$I69),1,0)+IF(J69=$G69,IF(L69=$I69,2,0),0)) | N69: 2 | O69: - | P69: 1 | Q69: =IF(ISBLANK($G69)=TRUE,"",IF(SIGN(N69-P69)=SIGN($G69-$I69),1,0)+IF(N69=$G69,IF(P69=$I69,2,0),0)) | R69: 0 | S69: - | T69: 2 | U69: =IF(ISBLANK($G69)=TRUE,"",IF(SIGN(R69-T69)=SIGN($G69-$I69),1,0)+IF(R69=$G69,IF(T69=$I69,2,0),0)) | W69: - | Y69: =IF(ISBLANK($G69)=TRUE,"",IF(SIGN(V69-X69)=SIGN($G69-$I69),1,0)+IF(V69=$G69,IF(X69=$I69,2,0),0)) | Z69: 0 | AA69: - | AB69: 0 | AC69: =IF(ISBLANK($G69)=TRUE,"",IF(SIGN(Z69-AB69)=SIGN($G69-$I69),1,0)+IF(Z69=$G69,IF(AB69=$I69,2,0),0)) | AD69: 1 | AE69: - | AF69: 2 | AG69: =IF(ISBLANK($G69)=TRUE,"",IF(SIGN(AD69-AF69)=SIGN($G69-$I69),1,0)+IF(AD69=$G69,IF(AF69=$I69,2,0),0))
B70: 46201 | C70: 04:00 | D70: Algerie | E70: - | F70: Østerrike | H70: - | J70: 1 | K70: - | L70: 1 | M70: =IF(ISBLANK($G70)=TRUE,"",IF(SIGN(J70-L70)=SIGN($G70-$I70),1,0)+IF(J70=$G70,IF(L70=$I70,2,0),0)) | N70: 1 | O70: - | P70: 2 | Q70: =IF(ISBLANK($G70)=TRUE,"",IF(SIGN(N70-P70)=SIGN($G70-$I70),1,0)+IF(N70=$G70,IF(P70=$I70,2,0),0)) | R70: 1 | S70: - | T70: 1 | U70: =IF(ISBLANK($G70)=TRUE,"",IF(SIGN(R70-T70)=SIGN($G70-$I70),1,0)+IF(R70=$G70,IF(T70=$I70,2,0),0)) | W70: - | Y70: =IF(ISBLANK($G70)=TRUE,"",IF(SIGN(V70-X70)=SIGN($G70-$I70),1,0)+IF(V70=$G70,IF(X70=$I70,2,0),0)) | Z70: 1 | AA70: - | AB70: 1 | AC70: =IF(ISBLANK($G70)=TRUE,"",IF(SIGN(Z70-AB70)=SIGN($G70-$I70),1,0)+IF(Z70=$G70,IF(AB70=$I70,2,0),0)) | AD70: 0 | AE70: - | AF70: 1 | AG70: =IF(ISBLANK($G70)=TRUE,"",IF(SIGN(AD70-AF70)=SIGN($G70-$I70),1,0)+IF(AD70=$G70,IF(AF70=$I70,2,0),0))
B71: 46201 | C71: 04:00 | D71: Jordan | E71: - | F71: Argentina | H71: - | J71: 0 | K71: - | L71: 3 | M71: =IF(ISBLANK($G71)=TRUE,"",IF(SIGN(J71-L71)=SIGN($G71-$I71),1,0)+IF(J71=$G71,IF(L71=$I71,2,0),0)) | N71: 0 | O71: - | P71: 3 | Q71: =IF(ISBLANK($G71)=TRUE,"",IF(SIGN(N71-P71)=SIGN($G71-$I71),1,0)+IF(N71=$G71,IF(P71=$I71,2,0),0)) | R71: 1 | S71: - | T71: 4 | U71: =IF(ISBLANK($G71)=TRUE,"",IF(SIGN(R71-T71)=SIGN($G71-$I71),1,0)+IF(R71=$G71,IF(T71=$I71,2,0),0)) | W71: - | Y71: =IF(ISBLANK($G71)=TRUE,"",IF(SIGN(V71-X71)=SIGN($G71-$I71),1,0)+IF(V71=$G71,IF(X71=$I71,2,0),0)) | Z71: 0 | AA71: - | AB71: 3 | AC71: =IF(ISBLANK($G71)=TRUE,"",IF(SIGN(Z71-AB71)=SIGN($G71-$I71),1,0)+IF(Z71=$G71,IF(AB71=$I71,2,0),0)) | AD71: 0 | AE71: - | AF71: 1 | AG71: =IF(ISBLANK($G71)=TRUE,"",IF(SIGN(AD71-AF71)=SIGN($G71-$I71),1,0)+IF(AD71=$G71,IF(AF71=$I71,2,0),0))
B72: Dato | C72: Kl. | D72: Gruppe K | G72: Resultat
B73: 46190 | C73: 19:00 | D73: Portugal | E73: - | F73: DR Kongo | H73: - | J73: 2 | K73: - | L73: 0 | M73: =IF(ISBLANK($I73)=TRUE,"",IF(SIGN(J73-L73)=SIGN($G73-$I73),1,0)+IF(J73=$G73,IF(L73=$I73,2,0),0)) | N73: 2 | O73: - | P73: 0 | Q73: =IF(ISBLANK($I73)=TRUE,"",IF(SIGN(N73-P73)=SIGN($G73-$I73),1,0)+IF(N73=$G73,IF(P73=$I73,2,0),0)) | R73: 4 | S73: - | T73: 1 | U73: =IF(ISBLANK($I73)=TRUE,"",IF(SIGN(R73-T73)=SIGN($G73-$I73),1,0)+IF(R73=$G73,IF(T73=$I73,2,0),0)) | W73: - | Y73: =IF(ISBLANK($I73)=TRUE,"",IF(SIGN(V73-X73)=SIGN($G73-$I73),1,0)+IF(V73=$G73,IF(X73=$I73,2,0),0)) | Z73: 2 | AA73: - | AB73: 0 | AC73: =IF(ISBLANK($I73)=TRUE,"",IF(SIGN(Z73-AB73)=SIGN($G73-$I73),1,0)+IF(Z73=$G73,IF(AB73=$I73,2,0),0)) | AD73: 2 | AE73: - | AF73: 1 | AG73: =IF(ISBLANK($I73)=TRUE,"",IF(SIGN(AD73-AF73)=SIGN($G73-$I73),1,0)+IF(AD73=$G73,IF(AF73=$I73,2,0),0))
B74: 46191 | C74: 04:00 | D74: Usbekistan | E74: - | F74: Colombia | H74: - | J74: 0 | K74: - | L74: 3 | M74: =IF(ISBLANK($G74)=TRUE,"",IF(SIGN(J74-L74)=SIGN($G74-$I74),1,0)+IF(J74=$G74,IF(L74=$I74,2,0),0)) | N74: 1 | O74: - | P74: 2 | Q74: =IF(ISBLANK($G74)=TRUE,"",IF(SIGN(N74-P74)=SIGN($G74-$I74),1,0)+IF(N74=$G74,IF(P74=$I74,2,0),0)) | R74: 0 | S74: - | T74: 2 | U74: =IF(ISBLANK($G74)=TRUE,"",IF(SIGN(R74-T74)=SIGN($G74-$I74),1,0)+IF(R74=$G74,IF(T74=$I74,2,0),0)) | W74: - | Y74: =IF(ISBLANK($G74)=TRUE,"",IF(SIGN(V74-X74)=SIGN($G74-$I74),1,0)+IF(V74=$G74,IF(X74=$I74,2,0),0)) | Z74: 1 | AA74: - | AB74: 3 | AC74: =IF(ISBLANK($G74)=TRUE,"",IF(SIGN(Z74-AB74)=SIGN($G74-$I74),1,0)+IF(Z74=$G74,IF(AB74=$I74,2,0),0)) | AD74: 0 | AE74: - | AF74: 2 | AG74: =IF(ISBLANK($G74)=TRUE,"",IF(SIGN(AD74-AF74)=SIGN($G74-$I74),1,0)+IF(AD74=$G74,IF(AF74=$I74,2,0),0))
B75: 46196 | C75: 19:00 | D75: Portugal | E75: - | F75: Usbekistan | H75: - | J75: 3 | K75: - | L75: 0 | M75: =IF(ISBLANK($G75)=TRUE,"",IF(SIGN(J75-L75)=SIGN($G75-$I75),1,0)+IF(J75=$G75,IF(L75=$I75,2,0),0)) | N75: 2 | O75: - | P75: 1 | Q75: =IF(ISBLANK($G75)=TRUE,"",IF(SIGN(N75-P75)=SIGN($G75-$I75),1,0)+IF(N75=$G75,IF(P75=$I75,2,0),0)) | R75: 2 | S75: - | T75: 0 | U75: =IF(ISBLANK($G75)=TRUE,"",IF(SIGN(R75-T75)=SIGN($G75-$I75),1,0)+IF(R75=$G75,IF(T75=$I75,2,0),0)) | W75: - | Y75: =IF(ISBLANK($G75)=TRUE,"",IF(SIGN(V75-X75)=SIGN($G75-$I75),1,0)+IF(V75=$G75,IF(X75=$I75,2,0),0)) | Z75: 3 | AA75: - | AB75: 0 | AC75: =IF(ISBLANK($G75)=TRUE,"",IF(SIGN(Z75-AB75)=SIGN($G75-$I75),1,0)+IF(Z75=$G75,IF(AB75=$I75,2,0),0)) | AD75: 2 | AE75: - | AF75: 0 | AG75: =IF(ISBLANK($G75)=TRUE,"",IF(SIGN(AD75-AF75)=SIGN($G75-$I75),1,0)+IF(AD75=$G75,IF(AF75=$I75,2,0),0))
B76: 46197 | C76: 04:00 | D76: Colombia | E76: - | F76: DR Kongo | H76: - | J76: 2 | K76: - | L76: 1 | M76: =IF(ISBLANK($G76)=TRUE,"",IF(SIGN(J76-L76)=SIGN($G76-$I76),1,0)+IF(J76=$G76,IF(L76=$I76,2,0),0)) | N76: 2 | O76: - | P76: 1 | Q76: =IF(ISBLANK($G76)=TRUE,"",IF(SIGN(N76-P76)=SIGN($G76-$I76),1,0)+IF(N76=$G76,IF(P76=$I76,2,0),0)) | R76: 1 | S76: - | T76: 1 | U76: =IF(ISBLANK($G76)=TRUE,"",IF(SIGN(R76-T76)=SIGN($G76-$I76),1,0)+IF(R76=$G76,IF(T76=$I76,2,0),0)) | W76: - | Y76: =IF(ISBLANK($G76)=TRUE,"",IF(SIGN(V76-X76)=SIGN($G76-$I76),1,0)+IF(V76=$G76,IF(X76=$I76,2,0),0)) | Z76: 2 | AA76: - | AB76: 2 | AC76: =IF(ISBLANK($G76)=TRUE,"",IF(SIGN(Z76-AB76)=SIGN($G76-$I76),1,0)+IF(Z76=$G76,IF(AB76=$I76,2,0),0)) | AD76: 2 | AE76: - | AF76: 0 | AG76: =IF(ISBLANK($G76)=TRUE,"",IF(SIGN(AD76-AF76)=SIGN($G76-$I76),1,0)+IF(AD76=$G76,IF(AF76=$I76,2,0),0))
B77: 46201 | C77: 01:30 | D77: Colombia | E77: - | F77: Portugal | H77: - | J77: 1 | K77: - | L77: 1 | M77: =IF(ISBLANK($G77)=TRUE,"",IF(SIGN(J77-L77)=SIGN($G77-$I77),1,0)+IF(J77=$G77,IF(L77=$I77,2,0),0)) | N77: 1 | O77: - | P77: 2 | Q77: =IF(ISBLANK($G77)=TRUE,"",IF(SIGN(N77-P77)=SIGN($G77-$I77),1,0)+IF(N77=$G77,IF(P77=$I77,2,0),0)) | R77: 1 | S77: - | T77: 1 | U77: =IF(ISBLANK($G77)=TRUE,"",IF(SIGN(R77-T77)=SIGN($G77-$I77),1,0)+IF(R77=$G77,IF(T77=$I77,2,0),0)) | W77: - | Y77: =IF(ISBLANK($G77)=TRUE,"",IF(SIGN(V77-X77)=SIGN($G77-$I77),1,0)+IF(V77=$G77,IF(X77=$I77,2,0),0)) | Z77: 1 | AA77: - | AB77: 1 | AC77: =IF(ISBLANK($G77)=TRUE,"",IF(SIGN(Z77-AB77)=SIGN($G77-$I77),1,0)+IF(Z77=$G77,IF(AB77=$I77,2,0),0)) | AD77: 0 | AE77: - | AF77: 0 | AG77: =IF(ISBLANK($G77)=TRUE,"",IF(SIGN(AD77-AF77)=SIGN($G77-$I77),1,0)+IF(AD77=$G77,IF(AF77=$I77,2,0),0))
B78: 46201 | C78: 01:30 | D78: DR Kongo | E78: - | F78: Usbekistan | H78: - | J78: 1 | K78: - | L78: 0 | M78: =IF(ISBLANK($G78)=TRUE,"",IF(SIGN(J78-L78)=SIGN($G78-$I78),1,0)+IF(J78=$G78,IF(L78=$I78,2,0),0)) | N78: 2 | O78: - | P78: 1 | Q78: =IF(ISBLANK($G78)=TRUE,"",IF(SIGN(N78-P78)=SIGN($G78-$I78),1,0)+IF(N78=$G78,IF(P78=$I78,2,0),0)) | R78: 2 | S78: - | T78: 0 | U78: =IF(ISBLANK($G78)=TRUE,"",IF(SIGN(R78-T78)=SIGN($G78-$I78),1,0)+IF(R78=$G78,IF(T78=$I78,2,0),0)) | W78: - | Y78: =IF(ISBLANK($G78)=TRUE,"",IF(SIGN(V78-X78)=SIGN($G78-$I78),1,0)+IF(V78=$G78,IF(X78=$I78,2,0),0)) | Z78: 0 | AA78: - | AB78: 0 | AC78: =IF(ISBLANK($G78)=TRUE,"",IF(SIGN(Z78-AB78)=SIGN($G78-$I78),1,0)+IF(Z78=$G78,IF(AB78=$I78,2,0),0)) | AD78: 3 | AE78: - | AF78: 1 | AG78: =IF(ISBLANK($G78)=TRUE,"",IF(SIGN(AD78-AF78)=SIGN($G78-$I78),1,0)+IF(AD78=$G78,IF(AF78=$I78,2,0),0))
B79: Dato | C79: Kl. | D79: Gruppe L | G79: Resultat
B80: 46190 | C80: 22:00 | D80: England | E80: - | F80: Kroatia | H80: - | J80: 2 | K80: - | L80: 0 | M80: =IF(ISBLANK($I80)=TRUE,"",IF(SIGN(J80-L80)=SIGN($G80-$I80),1,0)+IF(J80=$G80,IF(L80=$I80,2,0),0)) | N80: 2 | O80: - | P80: 0 | Q80: =IF(ISBLANK($I80)=TRUE,"",IF(SIGN(N80-P80)=SIGN($G80-$I80),1,0)+IF(N80=$G80,IF(P80=$I80,2,0),0)) | R80: 2 | S80: - | T80: 2 | U80: =IF(ISBLANK($I80)=TRUE,"",IF(SIGN(R80-T80)=SIGN($G80-$I80),1,0)+IF(R80=$G80,IF(T80=$I80,2,0),0)) | W80: - | Y80: =IF(ISBLANK($I80)=TRUE,"",IF(SIGN(V80-X80)=SIGN($G80-$I80),1,0)+IF(V80=$G80,IF(X80=$I80,2,0),0)) | Z80: 2 | AA80: - | AB80: 0 | AC80: =IF(ISBLANK($I80)=TRUE,"",IF(SIGN(Z80-AB80)=SIGN($G80-$I80),1,0)+IF(Z80=$G80,IF(AB80=$I80,2,0),0)) | AD80: 1 | AE80: - | AF80: 0 | AG80: =IF(ISBLANK($I80)=TRUE,"",IF(SIGN(AD80-AF80)=SIGN($G80-$I80),1,0)+IF(AD80=$G80,IF(AF80=$I80,2,0),0))
B81: 46191 | C81: 01:00 | D81: Ghana | E81: - | F81: Panama | H81: - | J81: 1 | K81: - | L81: 0 | M81: =IF(ISBLANK($G81)=TRUE,"",IF(SIGN(J81-L81)=SIGN($G81-$I81),1,0)+IF(J81=$G81,IF(L81=$I81,2,0),0)) | N81: 2 | O81: - | P81: 1 | Q81: =IF(ISBLANK($G81)=TRUE,"",IF(SIGN(N81-P81)=SIGN($G81-$I81),1,0)+IF(N81=$G81,IF(P81=$I81,2,0),0)) | R81: 3 | S81: - | T81: 0 | U81: =IF(ISBLANK($G81)=TRUE,"",IF(SIGN(R81-T81)=SIGN($G81-$I81),1,0)+IF(R81=$G81,IF(T81=$I81,2,0),0)) | W81: - | Y81: =IF(ISBLANK($G81)=TRUE,"",IF(SIGN(V81-X81)=SIGN($G81-$I81),1,0)+IF(V81=$G81,IF(X81=$I81,2,0),0)) | Z81: 1 | AA81: - | AB81: 0 | AC81: =IF(ISBLANK($G81)=TRUE,"",IF(SIGN(Z81-AB81)=SIGN($G81-$I81),1,0)+IF(Z81=$G81,IF(AB81=$I81,2,0),0)) | AD81: 2 | AE81: - | AF81: 0 | AG81: =IF(ISBLANK($G81)=TRUE,"",IF(SIGN(AD81-AF81)=SIGN($G81-$I81),1,0)+IF(AD81=$G81,IF(AF81=$I81,2,0),0))
B82: 46196 | C82: 22:00 | D82: England | E82: - | F82: Ghana | H82: - | J82: 2 | K82: - | L82: 0 | M82: =IF(ISBLANK($G82)=TRUE,"",IF(SIGN(J82-L82)=SIGN($G82-$I82),1,0)+IF(J82=$G82,IF(L82=$I82,2,0),0)) | N82: 2 | O82: - | P82: 1 | Q82: =IF(ISBLANK($G82)=TRUE,"",IF(SIGN(N82-P82)=SIGN($G82-$I82),1,0)+IF(N82=$G82,IF(P82=$I82,2,0),0)) | R82: 3 | S82: - | T82: 1 | U82: =IF(ISBLANK($G82)=TRUE,"",IF(SIGN(R82-T82)=SIGN($G82-$I82),1,0)+IF(R82=$G82,IF(T82=$I82,2,0),0)) | W82: - | Y82: =IF(ISBLANK($G82)=TRUE,"",IF(SIGN(V82-X82)=SIGN($G82-$I82),1,0)+IF(V82=$G82,IF(X82=$I82,2,0),0)) | Z82: 3 | AA82: - | AB82: 0 | AC82: =IF(ISBLANK($G82)=TRUE,"",IF(SIGN(Z82-AB82)=SIGN($G82-$I82),1,0)+IF(Z82=$G82,IF(AB82=$I82,2,0),0)) | AD82: 3 | AE82: - | AF82: 1 | AG82: =IF(ISBLANK($G82)=TRUE,"",IF(SIGN(AD82-AF82)=SIGN($G82-$I82),1,0)+IF(AD82=$G82,IF(AF82=$I82,2,0),0))
B83: 46197 | C83: 01:00 | D83: Panama | E83: - | F83: Kroatia | H83: - | J83: 0 | K83: - | L83: 2 | M83: =IF(ISBLANK($G83)=TRUE,"",IF(SIGN(J83-L83)=SIGN($G83-$I83),1,0)+IF(J83=$G83,IF(L83=$I83,2,0),0)) | N83: 1 | O83: - | P83: 2 | Q83: =IF(ISBLANK($G83)=TRUE,"",IF(SIGN(N83-P83)=SIGN($G83-$I83),1,0)+IF(N83=$G83,IF(P83=$I83,2,0),0)) | R83: 0 | S83: - | T83: 2 | U83: =IF(ISBLANK($G83)=TRUE,"",IF(SIGN(R83-T83)=SIGN($G83-$I83),1,0)+IF(R83=$G83,IF(T83=$I83,2,0),0)) | W83: - | Y83: =IF(ISBLANK($G83)=TRUE,"",IF(SIGN(V83-X83)=SIGN($G83-$I83),1,0)+IF(V83=$G83,IF(X83=$I83,2,0),0)) | Z83: 1 | AA83: - | AB83: 1 | AC83: =IF(ISBLANK($G83)=TRUE,"",IF(SIGN(Z83-AB83)=SIGN($G83-$I83),1,0)+IF(Z83=$G83,IF(AB83=$I83,2,0),0)) | AD83: 0 | AE83: - | AF83: 1 | AG83: =IF(ISBLANK($G83)=TRUE,"",IF(SIGN(AD83-AF83)=SIGN($G83-$I83),1,0)+IF(AD83=$G83,IF(AF83=$I83,2,0),0))
B84: 46200 | C84: 23:00 | D84: Panama | E84: - | F84: England | H84: - | J84: 0 | K84: - | L84: 3 | M84: =IF(ISBLANK($G84)=TRUE,"",IF(SIGN(J84-L84)=SIGN($G84-$I84),1,0)+IF(J84=$G84,IF(L84=$I84,2,0),0)) | N84: 0 | O84: - | P84: 2 | Q84: =IF(ISBLANK($G84)=TRUE,"",IF(SIGN(N84-P84)=SIGN($G84-$I84),1,0)+IF(N84=$G84,IF(P84=$I84,2,0),0)) | R84: 0 | S84: - | T84: 2 | U84: =IF(ISBLANK($G84)=TRUE,"",IF(SIGN(R84-T84)=SIGN($G84-$I84),1,0)+IF(R84=$G84,IF(T84=$I84,2,0),0)) | W84: - | Y84: =IF(ISBLANK($G84)=TRUE,"",IF(SIGN(V84-X84)=SIGN($G84-$I84),1,0)+IF(V84=$G84,IF(X84=$I84,2,0),0)) | Z84: 0 | AA84: - | AB84: 1 | AC84: =IF(ISBLANK($G84)=TRUE,"",IF(SIGN(Z84-AB84)=SIGN($G84-$I84),1,0)+IF(Z84=$G84,IF(AB84=$I84,2,0),0)) | AD84: 0 | AE84: - | AF84: 3 | AG84: =IF(ISBLANK($G84)=TRUE,"",IF(SIGN(AD84-AF84)=SIGN($G84-$I84),1,0)+IF(AD84=$G84,IF(AF84=$I84,2,0),0))
B85: 46200 | C85: 23:00 | D85: Kroatia | E85: - | F85: Ghana | H85: - | J85: 1 | K85: - | L85: 0 | M85: =IF(ISBLANK($G85)=TRUE,"",IF(SIGN(J85-L85)=SIGN($G85-$I85),1,0)+IF(J85=$G85,IF(L85=$I85,2,0),0)) | N85: 1 | O85: - | P85: 2 | Q85: =IF(ISBLANK($G85)=TRUE,"",IF(SIGN(N85-P85)=SIGN($G85-$I85),1,0)+IF(N85=$G85,IF(P85=$I85,2,0),0)) | R85: 1 | S85: - | T85: 1 | U85: =IF(ISBLANK($G85)=TRUE,"",IF(SIGN(R85-T85)=SIGN($G85-$I85),1,0)+IF(R85=$G85,IF(T85=$I85,2,0),0)) | W85: - | Y85: =IF(ISBLANK($G85)=TRUE,"",IF(SIGN(V85-X85)=SIGN($G85-$I85),1,0)+IF(V85=$G85,IF(X85=$I85,2,0),0)) | Z85: 2 | AA85: - | AB85: 0 | AC85: =IF(ISBLANK($G85)=TRUE,"",IF(SIGN(Z85-AB85)=SIGN($G85-$I85),1,0)+IF(Z85=$G85,IF(AB85=$I85,2,0),0)) | AD85: 1 | AE85: - | AF85: 1 | AG85: =IF(ISBLANK($G85)=TRUE,"",IF(SIGN(AD85-AF85)=SIGN($G85-$I85),1,0)+IF(AD85=$G85,IF(AF85=$I85,2,0),0))
B86: Poeng gruppespill | J86: =SUM(M3:M85) -> 0 | N86: =SUM(Q3:Q85) -> 0 | R86: =SUM(U3:U85) -> 0 | V86: =SUM(Y3:Y85) -> 0 | Z86: =SUM(AC3:AC85) -> 0 | AD86: =SUM(AG3:AG85) -> 0

Sheet Utslagsrunder
B2: Dato | C2: Kl. | D2: Sekstendelsfinaler | G2: Resultat | J2: Erling | N2: Rune | R2: Håkon | V2: Geir | Z2: Tore | AD2: Tor Arne
B3: 46201 | C3: 21:00 | E3: - | H3: - | K3: - | M3: =IF(ISBLANK($I3)=TRUE,"",IF(SIGN(J3-L3)=SIGN($G3-$I3),1,0)+IF(J3=$G3,IF(L3=$I3,2,0),0)) | O3: - | Q3: =IF(ISBLANK($I3)=TRUE,"",IF(SIGN(N3-P3)=SIGN($G3-$I3),1,0)+IF(N3=$G3,IF(P3=$I3,2,0),0)) | S3: - | U3: =IF(ISBLANK($I3)=TRUE,"",IF(SIGN(R3-T3)=SIGN($G3-$I3),1,0)+IF(R3=$G3,IF(T3=$I3,2,0),0)) | W3: - | Y3: =IF(ISBLANK($I3)=TRUE,"",IF(SIGN(V3-X3)=SIGN($G3-$I3),1,0)+IF(V3=$G3,IF(X3=$I3,2,0),0)) | AA3: - | AC3: =IF(ISBLANK($I3)=TRUE,"",IF(SIGN(Z3-AB3)=SIGN($G3-$I3),1,0)+IF(Z3=$G3,IF(AB3=$I3,2,0),0)) | AE3: - | AG3: =IF(ISBLANK($I3)=TRUE,"",IF(SIGN(AD3-AF3)=SIGN($G3-$I3),1,0)+IF(AD3=$G3,IF(AF3=$I3,2,0),0))
B4: 46202 | C4: 0.79166667 | E4: - | H4: - | K4: - | M4: =IF(ISBLANK($G4)=TRUE,"",IF(SIGN(J4-L4)=SIGN($G4-$I4),1,0)+IF(J4=$G4,IF(L4=$I4,2,0),0)) | O4: - | Q4: =IF(ISBLANK($G4)=TRUE,"",IF(SIGN(N4-P4)=SIGN($G4-$I4),1,0)+IF(N4=$G4,IF(P4=$I4,2,0),0)) | S4: - | U4: =IF(ISBLANK($G4)=TRUE,"",IF(SIGN(R4-T4)=SIGN($G4-$I4),1,0)+IF(R4=$G4,IF(T4=$I4,2,0),0)) | W4: - | Y4: =IF(ISBLANK($G4)=TRUE,"",IF(SIGN(V4-X4)=SIGN($G4-$I4),1,0)+IF(V4=$G4,IF(X4=$I4,2,0),0)) | AA4: - | AC4: =IF(ISBLANK($G4)=TRUE,"",IF(SIGN(Z4-AB4)=SIGN($G4-$I4),1,0)+IF(Z4=$G4,IF(AB4=$I4,2,0),0)) | AE4: - | AG4: =IF(ISBLANK($G4)=TRUE,"",IF(SIGN(AD4-AF4)=SIGN($G4-$I4),1,0)+IF(AD4=$G4,IF(AF4=$I4,2,0),0))
B5: 46202 | C5: 0.9375 | E5: - | H5: - | K5: - | M5: =IF(ISBLANK($G5)=TRUE,"",IF(SIGN(J5-L5)=SIGN($G5-$I5),1,0)+IF(J5=$G5,IF(L5=$I5,2,0),0)) | O5: - | Q5: =IF(ISBLANK($G5)=TRUE,"",IF(SIGN(N5-P5)=SIGN($G5-$I5),1,0)+IF(N5=$G5,IF(P5=$I5,2,0),0)) | S5: - | U5: =IF(ISBLANK($G5)=TRUE,"",IF(SIGN(R5-T5)=SIGN($G5-$I5),1,0)+IF(R5=$G5,IF(T5=$I5,2,0),0)) | W5: - | Y5: =IF(ISBLANK($G5)=TRUE,"",IF(SIGN(V5-X5)=SIGN($G5-$I5),1,0)+IF(V5=$G5,IF(X5=$I5,2,0),0)) | AA5: - | AC5: =IF(ISBLANK($G5)=TRUE,"",IF(SIGN(Z5-AB5)=SIGN($G5-$I5),1,0)+IF(Z5=$G5,IF(AB5=$I5,2,0),0)) | AE5: - | AG5: =IF(ISBLANK($G5)=TRUE,"",IF(SIGN(AD5-AF5)=SIGN($G5-$I5),1,0)+IF(AD5=$G5,IF(AF5=$I5,2,0),0))
B6: 46203 | C6: 03:00 | E6: - | H6: - | K6: - | M6: =IF(ISBLANK($G6)=TRUE,"",IF(SIGN(J6-L6)=SIGN($G6-$I6),1,0)+IF(J6=$G6,IF(L6=$I6,2,0),0)) | O6: - | Q6: =IF(ISBLANK($G6)=TRUE,"",IF(SIGN(N6-P6)=SIGN($G6-$I6),1,0)+IF(N6=$G6,IF(P6=$I6,2,0),0)) | S6: - | U6: =IF(ISBLANK($G6)=TRUE,"",IF(SIGN(R6-T6)=SIGN($G6-$I6),1,0)+IF(R6=$G6,IF(T6=$I6,2,0),0)) | W6: - | Y6: =IF(ISBLANK($G6)=TRUE,"",IF(SIGN(V6-X6)=SIGN($G6-$I6),1,0)+IF(V6=$G6,IF(X6=$I6,2,0),0)) | AA6: - | AC6: =IF(ISBLANK($G6)=TRUE,"",IF(SIGN(Z6-AB6)=SIGN($G6-$I6),1,0)+IF(Z6=$G6,IF(AB6=$I6,2,0),0)) | AE6: - | AG6: =IF(ISBLANK($G6)=TRUE,"",IF(SIGN(AD6-AF6)=SIGN($G6-$I6),1,0)+IF(AD6=$G6,IF(AF6=$I6,2,0),0))
B7: 46203 | C7: 0.79166667 | E7: - | H7: - | K7: - | M7: =IF(ISBLANK($G7)=TRUE,"",IF(SIGN(J7-L7)=SIGN($G7-$I7),1,0)+IF(J7=$G7,IF(L7=$I7,2,0),0)) | O7: - | Q7: =IF(ISBLANK($G7)=TRUE,"",IF(SIGN(N7-P7)=SIGN($G7-$I7),1,0)+IF(N7=$G7,IF(P7=$I7,2,0),0)) | S7: - | U7: =IF(ISBLANK($G7)=TRUE,"",IF(SIGN(R7-T7)=SIGN($G7-$I7),1,0)+IF(R7=$G7,IF(T7=$I7,2,0),0)) | W7: - | Y7: =IF(ISBLANK($G7)=TRUE,"",IF(SIGN(V7-X7)=SIGN($G7-$I7),1,0)+IF(V7=$G7,IF(X7=$I7,2,0),0)) | AA7: - | AC7: =IF(ISBLANK($G7)=TRUE,"",IF(SIGN(Z7-AB7)=SIGN($G7-$I7),1,0)+IF(Z7=$G7,IF(AB7=$I7,2,0),0)) | AE7: - | AG7: =IF(ISBLANK($G7)=TRUE,"",IF(SIGN(AD7-AF7)=SIGN($G7-$I7),1,0)+IF(AD7=$G7,IF(AF7=$I7,2,0),0))
B8: 46203 | C8: 0.95833333 | E8: - | H8: - | K8: - | M8: =IF(ISBLANK($G8)=TRUE,"",IF(SIGN(J8-L8)=SIGN($G8-$I8),1,0)+IF(J8=$G8,IF(L8=$I8,2,0),0)) | O8: - | Q8: =IF(ISBLANK($G8)=TRUE,"",IF(SIGN(N8-P8)=SIGN($G8-$I8),1,0)+IF(N8=$G8,IF(P8=$I8,2,0),0)) | S8: - | U8: =IF(ISBLANK($G8)=TRUE,"",IF(SIGN(R8-T8)=SIGN($G8-$I8),1,0)+IF(R8=$G8,IF(T8=$I8,2,0),0)) | W8: - | Y8: =IF(ISBLANK($G8)=TRUE,"",IF(SIGN(V8-X8)=SIGN($G8-$I8),1,0)+IF(V8=$G8,IF(X8=$I8,2,0),0)) | AA8: - | AC8: =IF(ISBLANK($G8)=TRUE,"",IF(SIGN(Z8-AB8)=SIGN($G8-$I8),1,0)+IF(Z8=$G8,IF(AB8=$I8,2,0),0)) | AE8: - | AG8: =IF(ISBLANK($G8)=TRUE,"",IF(SIGN(AD8-AF8)=SIGN($G8-$I8),1,0)+IF(AD8=$G8,IF(AF8=$I8,2,0),0))
B9: 46204 | C9: 0.125 | E9: - | H9: - | K9: - | M9: =IF(ISBLANK($G9)=TRUE,"",IF(SIGN(J9-L9)=SIGN($G9-$I9),1,0)+IF(J9=$G9,IF(L9=$I9,2,0),0)) | O9: - | Q9: =IF(ISBLANK($G9)=TRUE,"",IF(SIGN(N9-P9)=SIGN($G9-$I9),1,0)+IF(N9=$G9,IF(P9=$I9,2,0),0)) | S9: - | U9: =IF(ISBLANK($G9)=TRUE,"",IF(SIGN(R9-T9)=SIGN($G9-$I9),1,0)+IF(R9=$G9,IF(T9=$I9,2,0),0)) | W9: - | Y9: =IF(ISBLANK($G9)=TRUE,"",IF(SIGN(V9-X9)=SIGN($G9-$I9),1,0)+IF(V9=$G9,IF(X9=$I9,2,0),0)) | AA9: - | AC9: =IF(ISBLANK($G9)=TRUE,"",IF(SIGN(Z9-AB9)=SIGN($G9-$I9),1,0)+IF(Z9=$G9,IF(AB9=$I9,2,0),0)) | AE9: - | AG9: =IF(ISBLANK($G9)=TRUE,"",IF(SIGN(AD9-AF9)=SIGN($G9-$I9),1,0)+IF(AD9=$G9,IF(AF9=$I9,2,0),0))
B10: 46204 | C10: 0.75 | E10: - | H10: - | K10: - | M10: =IF(ISBLANK($G10)=TRUE,"",IF(SIGN(J10-L10)=SIGN($G10-$I10),1,0)+IF(J10=$G10,IF(L10=$I10,2,0),0)) | O10: - | Q10: =IF(ISBLANK($G10)=TRUE,"",IF(SIGN(N10-P10)=SIGN($G10-$I10),1,0)+IF(N10=$G10,IF(P10=$I10,2,0),0)) | S10: - | U10: =IF(ISBLANK($G10)=TRUE,"",IF(SIGN(R10-T10)=SIGN($G10-$I10),1,0)+IF(R10=$G10,IF(T10=$I10,2,0),0)) | W10: - | Y10: =IF(ISBLANK($G10)=TRUE,"",IF(SIGN(V10-X10)=SIGN($G10-$I10),1,0)+IF(V10=$G10,IF(X10=$I10,2,0),0)) | AA10: - | AC10: =IF(ISBLANK($G10)=TRUE,"",IF(SIGN(Z10-AB10)=SIGN($G10-$I10),1,0)+IF(Z10=$G10,IF(AB10=$I10,2,0),0)) | AE10: - | AG10: =IF(ISBLANK($G10)=TRUE,"",IF(SIGN(AD10-AF10)=SIGN($G10-$I10),1,0)+IF(AD10=$G10,IF(AF10=$I10,2,0),0))
B11: 46204 | C11: 0.91666667 | E11: - | H11: - | K11: - | M11: =IF(ISBLANK($G11)=TRUE,"",IF(SIGN(J11-L11)=SIGN($G11-$I11),1,0)+IF(J11=$G11,IF(L11=$I11,2,0),0)) | O11: - | Q11: =IF(ISBLANK($G11)=TRUE,"",IF(SIGN(N11-P11)=SIGN($G11-$I11),1,0)+IF(N11=$G11,IF(P11=$I11,2,0),0)) | S11: - | U11: =IF(ISBLANK($G11)=TRUE,"",IF(SIGN(R11-T11)=SIGN($G11-$I11),1,0)+IF(R11=$G11,IF(T11=$I11,2,0),0)) | W11: - | Y11: =IF(ISBLANK($G11)=TRUE,"",IF(SIGN(V11-X11)=SIGN($G11-$I11),1,0)+IF(V11=$G11,IF(X11=$I11,2,0),0)) | AA11: - | AC11: =IF(ISBLANK($G11)=TRUE,"",IF(SIGN(Z11-AB11)=SIGN($G11-$I11),1,0)+IF(Z11=$G11,IF(AB11=$I11,2,0),0)) | AE11: - | AG11: =IF(ISBLANK($G11)=TRUE,"",IF(SIGN(AD11-AF11)=SIGN($G11-$I11),1,0)+IF(AD11=$G11,IF(AF11=$I11,2,0),0))
B12: 46205 | C12: 0.083333333 | E12: - | H12: - | K12: - | M12: =IF(ISBLANK($G12)=TRUE,"",IF(SIGN(J12-L12)=SIGN($G12-$I12),1,0)+IF(J12=$G12,IF(L12=$I12,2,0),0)) | O12: - | Q12: =IF(ISBLANK($G12)=TRUE,"",IF(SIGN(N12-P12)=SIGN($G12-$I12),1,0)+IF(N12=$G12,IF(P12=$I12,2,0),0)) | S12: - | U12: =IF(ISBLANK($G12)=TRUE,"",IF(SIGN(R12-T12)=SIGN($G12-$I12),1,0)+IF(R12=$G12,IF(T12=$I12,2,0),0)) | W12: - | Y12: =IF(ISBLANK($G12)=TRUE,"",IF(SIGN(V12-X12)=SIGN($G12-$I12),1,0)+IF(V12=$G12,IF(X12=$I12,2,0),0)) | AA12: - | AC12: =IF(ISBLANK($G12)=TRUE,"",IF(SIGN(Z12-AB12)=SIGN($G12-$I12),1,0)+IF(Z12=$G12,IF(AB12=$I12,2,0),0)) | AE12: - | AG12: =IF(ISBLANK($G12)=TRUE,"",IF(SIGN(AD12-AF12)=SIGN($G12-$I12),1,0)+IF(AD12=$G12,IF(AF12=$I12,2,0),0))
B13: 46205 | C13: 0.875 | E13: - | H13: - | K13: - | M13: =IF(ISBLANK($I13)=TRUE,"",IF(SIGN(J13-L13)=SIGN($G13-$I13),1,0)+IF(J13=$G13,IF(L13=$I13,2,0),0)) | O13: - | Q13: =IF(ISBLANK($I13)=TRUE,"",IF(SIGN(N13-P13)=SIGN($G13-$I13),1,0)+IF(N13=$G13,IF(P13=$I13,2,0),0)) | S13: - | U13: =IF(ISBLANK($I13)=TRUE,"",IF(SIGN(R13-T13)=SIGN($G13-$I13),1,0)+IF(R13=$G13,IF(T13=$I13,2,0),0)) | W13: - | Y13: =IF(ISBLANK($I13)=TRUE,"",IF(SIGN(V13-X13)=SIGN($G13-$I13),1,0)+IF(V13=$G13,IF(X13=$I13,2,0),0)) | AA13: - | AC13: =IF(ISBLANK($I13)=TRUE,"",IF(SIGN(Z13-AB13)=SIGN($G13-$I13),1,0)+IF(Z13=$G13,IF(AB13=$I13,2,0),0)) | AE13: - | AG13: =IF(ISBLANK($I13)=TRUE,"",IF(SIGN(AD13-AF13)=SIGN($G13-$I13),1,0)+IF(AD13=$G13,IF(AF13=$I13,2,0),0))
B14: 46206 | C14: 0.041666667 | E14: - | H14: - | K14: - | M14: =IF(ISBLANK($G14)=TRUE,"",IF(SIGN(J14-L14)=SIGN($G14-$I14),1,0)+IF(J14=$G14,IF(L14=$I14,2,0),0)) | O14: - | Q14: =IF(ISBLANK($G14)=TRUE,"",IF(SIGN(N14-P14)=SIGN($G14-$I14),1,0)+IF(N14=$G14,IF(P14=$I14,2,0),0)) | S14: - | U14: =IF(ISBLANK($G14)=TRUE,"",IF(SIGN(R14-T14)=SIGN($G14-$I14),1,0)+IF(R14=$G14,IF(T14=$I14,2,0),0)) | W14: - | Y14: =IF(ISBLANK($G14)=TRUE,"",IF(SIGN(V14-X14)=SIGN($G14-$I14),1,0)+IF(V14=$G14,IF(X14=$I14,2,0),0)) | AA14: - | AC14: =IF(ISBLANK($G14)=TRUE,"",IF(SIGN(Z14-AB14)=SIGN($G14-$I14),1,0)+IF(Z14=$G14,IF(AB14=$I14,2,0),0)) | AE14: - | AG14: =IF(ISBLANK($G14)=TRUE,"",IF(SIGN(AD14-AF14)=SIGN($G14-$I14),1,0)+IF(AD14=$G14,IF(AF14=$I14,2,0),0))
B15: 46206 | C15: 0.20833333 | E15: - | H15: - | K15: - | M15: =IF(ISBLANK($G15)=TRUE,"",IF(SIGN(J15-L15)=SIGN($G15-$I15),1,0)+IF(J15=$G15,IF(L15=$I15,2,0),0)) | O15: - | Q15: =IF(ISBLANK($G15)=TRUE,"",IF(SIGN(N15-P15)=SIGN($G15-$I15),1,0)+IF(N15=$G15,IF(P15=$I15,2,0),0)) | S15: - | U15: =IF(ISBLANK($G15)=TRUE,"",IF(SIGN(R15-T15)=SIGN($G15-$I15),1,0)+IF(R15=$G15,IF(T15=$I15,2,0),0)) | W15: - | Y15: =IF(ISBLANK($G15)=TRUE,"",IF(SIGN(V15-X15)=SIGN($G15-$I15),1,0)+IF(V15=$G15,IF(X15=$I15,2,0),0)) | AA15: - | AC15: =IF(ISBLANK($G15)=TRUE,"",IF(SIGN(Z15-AB15)=SIGN($G15-$I15),1,0)+IF(Z15=$G15,IF(AB15=$I15,2,0),0)) | AE15: - | AG15: =IF(ISBLANK($G15)=TRUE,"",IF(SIGN(AD15-AF15)=SIGN($G15-$I15),1,0)+IF(AD15=$G15,IF(AF15=$I15,2,0),0))
B16: 46206 | C16: 0.83333333 | E16: - | H16: - | K16: - | M16: =IF(ISBLANK($G16)=TRUE,"",IF(SIGN(J16-L16)=SIGN($G16-$I16),1,0)+IF(J16=$G16,IF(L16=$I16,2,0),0)) | O16: - | Q16: =IF(ISBLANK($G16)=TRUE,"",IF(SIGN(N16-P16)=SIGN($G16-$I16),1,0)+IF(N16=$G16,IF(P16=$I16,2,0),0)) | S16: - | U16: =IF(ISBLANK($G16)=TRUE,"",IF(SIGN(R16-T16)=SIGN($G16-$I16),1,0)+IF(R16=$G16,IF(T16=$I16,2,0),0)) | W16: - | Y16: =IF(ISBLANK($G16)=TRUE,"",IF(SIGN(V16-X16)=SIGN($G16-$I16),1,0)+IF(V16=$G16,IF(X16=$I16,2,0),0)) | AA16: - | AC16: =IF(ISBLANK($G16)=TRUE,"",IF(SIGN(Z16-AB16)=SIGN($G16-$I16),1,0)+IF(Z16=$G16,IF(AB16=$I16,2,0),0)) | AE16: - | AG16: =IF(ISBLANK($G16)=TRUE,"",IF(SIGN(AD16-AF16)=SIGN($G16-$I16),1,0)+IF(AD16=$G16,IF(AF16=$I16,2,0),0))
B17: 46207 | C17: 0 | E17: - | H17: - | K17: - | M17: =IF(ISBLANK($G17)=TRUE,"",IF(SIGN(J17-L17)=SIGN($G17-$I17),1,0)+IF(J17=$G17,IF(L17=$I17,2,0),0)) | O17: - | Q17: =IF(ISBLANK($G17)=TRUE,"",IF(SIGN(N17-P17)=SIGN($G17-$I17),1,0)+IF(N17=$G17,IF(P17=$I17,2,0),0)) | S17: - | U17: =IF(ISBLANK($G17)=TRUE,"",IF(SIGN(R17-T17)=SIGN($G17-$I17),1,0)+IF(R17=$G17,IF(T17=$I17,2,0),0)) | W17: - | Y17: =IF(ISBLANK($G17)=TRUE,"",IF(SIGN(V17-X17)=SIGN($G17-$I17),1,0)+IF(V17=$G17,IF(X17=$I17,2,0),0)) | AA17: - | AC17: =IF(ISBLANK($G17)=TRUE,"",IF(SIGN(Z17-AB17)=SIGN($G17-$I17),1,0)+IF(Z17=$G17,IF(AB17=$I17,2,0),0)) | AE17: - | AG17: =IF(ISBLANK($G17)=TRUE,"",IF(SIGN(AD17-AF17)=SIGN($G17-$I17),1,0)+IF(AD17=$G17,IF(AF17=$I17,2,0),0))
B18: 46207 | C18: 0.14583333 | E18: - | H18: - | K18: - | M18: =IF(ISBLANK($G18)=TRUE,"",IF(SIGN(J18-L18)=SIGN($G18-$I18),1,0)+IF(J18=$G18,IF(L18=$I18,2,0),0)) | O18: - | Q18: =IF(ISBLANK($G18)=TRUE,"",IF(SIGN(N18-P18)=SIGN($G18-$I18),1,0)+IF(N18=$G18,IF(P18=$I18,2,0),0)) | S18: - | U18: =IF(ISBLANK($G18)=TRUE,"",IF(SIGN(R18-T18)=SIGN($G18-$I18),1,0)+IF(R18=$G18,IF(T18=$I18,2,0),0)) | W18: - | Y18: =IF(ISBLANK($G18)=TRUE,"",IF(SIGN(V18-X18)=SIGN($G18-$I18),1,0)+IF(V18=$G18,IF(X18=$I18,2,0),0)) | AA18: - | AC18: =IF(ISBLANK($G18)=TRUE,"",IF(SIGN(Z18-AB18)=SIGN($G18-$I18),1,0)+IF(Z18=$G18,IF(AB18=$I18,2,0),0)) | AE18: - | AG18: =IF(ISBLANK($G18)=TRUE,"",IF(SIGN(AD18-AF18)=SIGN($G18-$I18),1,0)+IF(AD18=$G18,IF(AF18=$I18,2,0),0))
B19: Dato | C19: Kl. | D19: Åttendelsfinaler | G19: Resultat
B20: 46207 | C20: 0.79166667 | E20: - | H20: - | K20: - | M20: =IF(ISBLANK($I20)=TRUE,"",IF(SIGN(J20-L20)=SIGN($G20-$I20),1,0)+IF(J20=$G20,IF(L20=$I20,2,0),0)) | O20: - | Q20: =IF(ISBLANK($I20)=TRUE,"",IF(SIGN(N20-P20)=SIGN($G20-$I20),1,0)+IF(N20=$G20,IF(P20=$I20,2,0),0)) | S20: - | U20: =IF(ISBLANK($I20)=TRUE,"",IF(SIGN(R20-T20)=SIGN($G20-$I20),1,0)+IF(R20=$G20,IF(T20=$I20,2,0),0)) | W20: - | Y20: =IF(ISBLANK($I20)=TRUE,"",IF(SIGN(V20-X20)=SIGN($G20-$I20),1,0)+IF(V20=$G20,IF(X20=$I20,2,0),0)) | AA20: - | AC20: =IF(ISBLANK($I20)=TRUE,"",IF(SIGN(Z20-AB20)=SIGN($G20-$I20),1,0)+IF(Z20=$G20,IF(AB20=$I20,2,0),0)) | AE20: - | AG20: =IF(ISBLANK($I20)=TRUE,"",IF(SIGN(AD20-AF20)=SIGN($G20-$I20),1,0)+IF(AD20=$G20,IF(AF20=$I20,2,0),0))
B21: 46207 | C21: 0.95833333 | E21: - | H21: - | K21: - | M21: =IF(ISBLANK($G21)=TRUE,"",IF(SIGN(J21-L21)=SIGN($G21-$I21),1,0)+IF(J21=$G21,IF(L21=$I21,2,0),0)) | O21: - | Q21: =IF(ISBLANK($G21)=TRUE,"",IF(SIGN(N21-P21)=SIGN($G21-$I21),1,0)+IF(N21=$G21,IF(P21=$I21,2,0),0)) | S21: - | U21: =IF(ISBLANK($G21)=TRUE,"",IF(SIGN(R21-T21)=SIGN($G21-$I21),1,0)+IF(R21=$G21,IF(T21=$I21,2,0),0)) | W21: - | Y21: =IF(ISBLANK($G21)=TRUE,"",IF(SIGN(V21-X21)=SIGN($G21-$I21),1,0)+IF(V21=$G21,IF(X21=$I21,2,0),0)) | AA21: - | AC21: =IF(ISBLANK($G21)=TRUE,"",IF(SIGN(Z21-AB21)=SIGN($G21-$I21),1,0)+IF(Z21=$G21,IF(AB21=$I21,2,0),0)) | AE21: - | AG21: =IF(ISBLANK($G21)=TRUE,"",IF(SIGN(AD21-AF21)=SIGN($G21-$I21),1,0)+IF(AD21=$G21,IF(AF21=$I21,2,0),0))
B22: 46208 | C22: 0.91666667 | E22: - | H22: - | K22: - | M22: =IF(ISBLANK($G22)=TRUE,"",IF(SIGN(J22-L22)=SIGN($G22-$I22),1,0)+IF(J22=$G22,IF(L22=$I22,2,0),0)) | O22: - | Q22: =IF(ISBLANK($G22)=TRUE,"",IF(SIGN(N22-P22)=SIGN($G22-$I22),1,0)+IF(N22=$G22,IF(P22=$I22,2,0),0)) | S22: - | U22: =IF(ISBLANK($G22)=TRUE,"",IF(SIGN(R22-T22)=SIGN($G22-$I22),1,0)+IF(R22=$G22,IF(T22=$I22,2,0),0)) | W22: - | Y22: =IF(ISBLANK($G22)=TRUE,"",IF(SIGN(V22-X22)=SIGN($G22-$I22),1,0)+IF(V22=$G22,IF(X22=$I22,2,0),0)) | AA22: - | AC22: =IF(ISBLANK($G22)=TRUE,"",IF(SIGN(Z22-AB22)=SIGN($G22-$I22),1,0)+IF(Z22=$G22,IF(AB22=$I22,2,0),0)) | AE22: - | AG22: =IF(ISBLANK($G22)=TRUE,"",IF(SIGN(AD22-AF22)=SIGN($G22-$I22),1,0)+IF(AD22=$G22,IF(AF22=$I22,2,0),0))
B23: 46209 | C23: 0.083333333 | E23: - | H23: - | K23: - | M23: =IF(ISBLANK($G23)=TRUE,"",IF(SIGN(J23-L23)=SIGN($G23-$I23),1,0)+IF(J23=$G23,IF(L23=$I23,2,0),0)) | O23: - | Q23: =IF(ISBLANK($G23)=TRUE,"",IF(SIGN(N23-P23)=SIGN($G23-$I23),1,0)+IF(N23=$G23,IF(P23=$I23,2,0),0)) | S23: - | U23: =IF(ISBLANK($G23)=TRUE,"",IF(SIGN(R23-T23)=SIGN($G23-$I23),1,0)+IF(R23=$G23,IF(T23=$I23,2,0),0)) | W23: - | Y23: =IF(ISBLANK($G23)=TRUE,"",IF(SIGN(V23-X23)=SIGN($G23-$I23),1,0)+IF(V23=$G23,IF(X23=$I23,2,0),0)) | AA23: - | AC23: =IF(ISBLANK($G23)=TRUE,"",IF(SIGN(Z23-AB23)=SIGN($G23-$I23),1,0)+IF(Z23=$G23,IF(AB23=$I23,2,0),0)) | AE23: - | AG23: =IF(ISBLANK($G23)=TRUE,"",IF(SIGN(AD23-AF23)=SIGN($G23-$I23),1,0)+IF(AD23=$G23,IF(AF23=$I23,2,0),0))
B24: 46209 | C24: 0.875 | E24: - | H24: - | K24: - | M24: =IF(ISBLANK($G24)=TRUE,"",IF(SIGN(J24-L24)=SIGN($G24-$I24),1,0)+IF(J24=$G24,IF(L24=$I24,2,0),0)) | O24: - | Q24: =IF(ISBLANK($G24)=TRUE,"",IF(SIGN(N24-P24)=SIGN($G24-$I24),1,0)+IF(N24=$G24,IF(P24=$I24,2,0),0)) | S24: - | U24: =IF(ISBLANK($G24)=TRUE,"",IF(SIGN(R24-T24)=SIGN($G24-$I24),1,0)+IF(R24=$G24,IF(T24=$I24,2,0),0)) | W24: - | Y24: =IF(ISBLANK($G24)=TRUE,"",IF(SIGN(V24-X24)=SIGN($G24-$I24),1,0)+IF(V24=$G24,IF(X24=$I24,2,0),0)) | AA24: - | AC24: =IF(ISBLANK($G24)=TRUE,"",IF(SIGN(Z24-AB24)=SIGN($G24-$I24),1,0)+IF(Z24=$G24,IF(AB24=$I24,2,0),0)) | AE24: - | AG24: =IF(ISBLANK($G24)=TRUE,"",IF(SIGN(AD24-AF24)=SIGN($G24-$I24),1,0)+IF(AD24=$G24,IF(AF24=$I24,2,0),0))
B25: 46210 | C25: 0.083333333 | E25: - | H25: - | K25: - | M25: =IF(ISBLANK($G25)=TRUE,"",IF(SIGN(J25-L25)=SIGN($G25-$I25),1,0)+IF(J25=$G25,IF(L25=$I25,2,0),0)) | O25: - | Q25: =IF(ISBLANK($G25)=TRUE,"",IF(SIGN(N25-P25)=SIGN($G25-$I25),1,0)+IF(N25=$G25,IF(P25=$I25,2,0),0)) | S25: - | U25: =IF(ISBLANK($G25)=TRUE,"",IF(SIGN(R25-T25)=SIGN($G25-$I25),1,0)+IF(R25=$G25,IF(T25=$I25,2,0),0)) | W25: - | Y25: =IF(ISBLANK($G25)=TRUE,"",IF(SIGN(V25-X25)=SIGN($G25-$I25),1,0)+IF(V25=$G25,IF(X25=$I25,2,0),0)) | AA25: - | AC25: =IF(ISBLANK($G25)=TRUE,"",IF(SIGN(Z25-AB25)=SIGN($G25-$I25),1,0)+IF(Z25=$G25,IF(AB25=$I25,2,0),0)) | AE25: - | AG25: =IF(ISBLANK($G25)=TRUE,"",IF(SIGN(AD25-AF25)=SIGN($G25-$I25),1,0)+IF(AD25=$G25,IF(AF25=$I25,2,0),0))
B26: 46210 | C26: 0.75 | E26: - | H26: - | K26: - | M26: =IF(ISBLANK($G26)=TRUE,"",IF(SIGN(J26-L26)=SIGN($G26-$I26),1,0)+IF(J26=$G26,IF(L26=$I26,2,0),0)) | O26: - | Q26: =IF(ISBLANK($G26)=TRUE,"",IF(SIGN(N26-P26)=SIGN($G26-$I26),1,0)+IF(N26=$G26,IF(P26=$I26,2,0),0)) | S26: - | U26: =IF(ISBLANK($G26)=TRUE,"",IF(SIGN(R26-T26)=SIGN($G26-$I26),1,0)+IF(R26=$G26,IF(T26=$I26,2,0),0)) | W26: - | Y26: =IF(ISBLANK($G26)=TRUE,"",IF(SIGN(V26-X26)=SIGN($G26-$I26),1,0)+IF(V26=$G26,IF(X26=$I26,2,0),0)) | AA26: - | AC26: =IF(ISBLANK($G26)=TRUE,"",IF(SIGN(Z26-AB26)=SIGN($G26-$I26),1,0)+IF(Z26=$G26,IF(AB26=$I26,2,0),0)) | AE26: - | AG26: =IF(ISBLANK($G26)=TRUE,"",IF(SIGN(AD26-AF26)=SIGN($G26-$I26),1,0)+IF(AD26=$G26,IF(AF26=$I26,2,0),0))
B27: 46210 | C27: 0.91666667 | E27: - | H27: - | K27: - | M27: =IF(ISBLANK($G27)=TRUE,"",IF(SIGN(J27-L27)=SIGN($G27-$I27),1,0)+IF(J27=$G27,IF(L27=$I27,2,0),0)) | O27: - | Q27: =IF(ISBLANK($G27)=TRUE,"",IF(SIGN(N27-P27)=SIGN($G27-$I27),1,0)+IF(N27=$G27,IF(P27=$I27,2,0),0)) | S27: - | U27: =IF(ISBLANK($G27)=TRUE,"",IF(SIGN(R27-T27)=SIGN($G27-$I27),1,0)+IF(R27=$G27,IF(T27=$I27,2,0),0)) | W27: - | Y27: =IF(ISBLANK($G27)=TRUE,"",IF(SIGN(V27-X27)=SIGN($G27-$I27),1,0)+IF(V27=$G27,IF(X27=$I27,2,0),0)) | AA27: - | AC27: =IF(ISBLANK($G27)=TRUE,"",IF(SIGN(Z27-AB27)=SIGN($G27-$I27),1,0)+IF(Z27=$G27,IF(AB27=$I27,2,0),0)) | AE27: - | AG27: =IF(ISBLANK($G27)=TRUE,"",IF(SIGN(AD27-AF27)=SIGN($G27-$I27),1,0)+IF(AD27=$G27,IF(AF27=$I27,2,0),0))
B28: Dato | C28: Kl. | D28: Kvartfinaler | G28: Resultat
B29: 46212 | C29: 0.91666667 | E29: - | H29: - | K29: - | M29: =IF(ISBLANK($I29)=TRUE,"",IF(SIGN(J29-L29)=SIGN($G29-$I29),1,0)+IF(J29=$G29,IF(L29=$I29,2,0),0)) | O29: - | Q29: =IF(ISBLANK($I29)=TRUE,"",IF(SIGN(N29-P29)=SIGN($G29-$I29),1,0)+IF(N29=$G29,IF(P29=$I29,2,0),0)) | S29: - | U29: =IF(ISBLANK($I29)=TRUE,"",IF(SIGN(R29-T29)=SIGN($G29-$I29),1,0)+IF(R29=$G29,IF(T29=$I29,2,0),0)) | W29: - | Y29: =IF(ISBLANK($I29)=TRUE,"",IF(SIGN(V29-X29)=SIGN($G29-$I29),1,0)+IF(V29=$G29,IF(X29=$I29,2,0),0)) | AA29: - | AC29: =IF(ISBLANK($I29)=TRUE,"",IF(SIGN(Z29-AB29)=SIGN($G29-$I29),1,0)+IF(Z29=$G29,IF(AB29=$I29,2,0),0)) | AE29: - | AG29: =IF(ISBLANK($I29)=TRUE,"",IF(SIGN(AD29-AF29)=SIGN($G29-$I29),1,0)+IF(AD29=$G29,IF(AF29=$I29,2,0),0))
B30: 46213 | C30: 0.875 | E30: - | H30: - | K30: - | M30: =IF(ISBLANK($G30)=TRUE,"",IF(SIGN(J30-L30)=SIGN($G30-$I30),1,0)+IF(J30=$G30,IF(L30=$I30,2,0),0)) | O30: - | Q30: =IF(ISBLANK($G30)=TRUE,"",IF(SIGN(N30-P30)=SIGN($G30-$I30),1,0)+IF(N30=$G30,IF(P30=$I30,2,0),0)) | S30: - | U30: =IF(ISBLANK($G30)=TRUE,"",IF(SIGN(R30-T30)=SIGN($G30-$I30),1,0)+IF(R30=$G30,IF(T30=$I30,2,0),0)) | W30: - | Y30: =IF(ISBLANK($G30)=TRUE,"",IF(SIGN(V30-X30)=SIGN($G30-$I30),1,0)+IF(V30=$G30,IF(X30=$I30,2,0),0)) | AA30: - | AC30: =IF(ISBLANK($G30)=TRUE,"",IF(SIGN(Z30-AB30)=SIGN($G30-$I30),1,0)+IF(Z30=$G30,IF(AB30=$I30,2,0),0)) | AE30: - | AG30: =IF(ISBLANK($G30)=TRUE,"",IF(SIGN(AD30-AF30)=SIGN($G30-$I30),1,0)+IF(AD30=$G30,IF(AF30=$I30,2,0),0))
B31: 46214 | C31: 0.95833333 | E31: - | H31: - | K31: - | M31: =IF(ISBLANK($G31)=TRUE,"",IF(SIGN(J31-L31)=SIGN($G31-$I31),1,0)+IF(J31=$G31,IF(L31=$I31,2,0),0)) | O31: - | Q31: =IF(ISBLANK($G31)=TRUE,"",IF(SIGN(N31-P31)=SIGN($G31-$I31),1,0)+IF(N31=$G31,IF(P31=$I31,2,0),0)) | S31: - | U31: =IF(ISBLANK($G31)=TRUE,"",IF(SIGN(R31-T31)=SIGN($G31-$I31),1,0)+IF(R31=$G31,IF(T31=$I31,2,0),0)) | W31: - | Y31: =IF(ISBLANK($G31)=TRUE,"",IF(SIGN(V31-X31)=SIGN($G31-$I31),1,0)+IF(V31=$G31,IF(X31=$I31,2,0),0)) | AA31: - | AC31: =IF(ISBLANK($G31)=TRUE,"",IF(SIGN(Z31-AB31)=SIGN($G31-$I31),1,0)+IF(Z31=$G31,IF(AB31=$I31,2,0),0)) | AE31: - | AG31: =IF(ISBLANK($G31)=TRUE,"",IF(SIGN(AD31-AF31)=SIGN($G31-$I31),1,0)+IF(AD31=$G31,IF(AF31=$I31,2,0),0))
B32: 46215 | C32: 0.125 | E32: - | H32: - | K32: - | M32: =IF(ISBLANK($G32)=TRUE,"",IF(SIGN(J32-L32)=SIGN($G32-$I32),1,0)+IF(J32=$G32,IF(L32=$I32,2,0),0)) | O32: - | Q32: =IF(ISBLANK($G32)=TRUE,"",IF(SIGN(N32-P32)=SIGN($G32-$I32),1,0)+IF(N32=$G32,IF(P32=$I32,2,0),0)) | S32: - | U32: =IF(ISBLANK($G32)=TRUE,"",IF(SIGN(R32-T32)=SIGN($G32-$I32),1,0)+IF(R32=$G32,IF(T32=$I32,2,0),0)) | W32: - | Y32: =IF(ISBLANK($G32)=TRUE,"",IF(SIGN(V32-X32)=SIGN($G32-$I32),1,0)+IF(V32=$G32,IF(X32=$I32,2,0),0)) | AA32: - | AC32: =IF(ISBLANK($G32)=TRUE,"",IF(SIGN(Z32-AB32)=SIGN($G32-$I32),1,0)+IF(Z32=$G32,IF(AB32=$I32,2,0),0)) | AE32: - | AG32: =IF(ISBLANK($G32)=TRUE,"",IF(SIGN(AD32-AF32)=SIGN($G32-$I32),1,0)+IF(AD32=$G32,IF(AF32=$I32,2,0),0))
B33: Dato | C33: Kl. | D33: Semifinaler | G33: Resultat
B34: 46217 | C34: 0.875 | E34: - | H34: - | K34: - | M34: =IF(ISBLANK($I34)=TRUE,"",IF(SIGN(J34-L34)=SIGN($G34-$I34),1,0)+IF(J34=$G34,IF(L34=$I34,2,0),0)) | O34: - | Q34: =IF(ISBLANK($I34)=TRUE,"",IF(SIGN(N34-P34)=SIGN($G34-$I34),1,0)+IF(N34=$G34,IF(P34=$I34,2,0),0)) | S34: - | U34: =IF(ISBLANK($I34)=TRUE,"",IF(SIGN(R34-T34)=SIGN($G34-$I34),1,0)+IF(R34=$G34,IF(T34=$I34,2,0),0)) | W34: - | Y34: =IF(ISBLANK($I34)=TRUE,"",IF(SIGN(V34-X34)=SIGN($G34-$I34),1,0)+IF(V34=$G34,IF(X34=$I34,2,0),0)) | AA34: - | AC34: =IF(ISBLANK($I34)=TRUE,"",IF(SIGN(Z34-AB34)=SIGN($G34-$I34),1,0)+IF(Z34=$G34,IF(AB34=$I34,2,0),0)) | AE34: - | AG34: =IF(ISBLANK($I34)=TRUE,"",IF(SIGN(AD34-AF34)=SIGN($G34-$I34),1,0)+IF(AD34=$G34,IF(AF34=$I34,2,0),0))
B35: 46218 | C35: 0.875 | E35: - | H35: - | K35: - | M35: =IF(ISBLANK($G35)=TRUE,"",IF(SIGN(J35-L35)=SIGN($G35-$I35),1,0)+IF(J35=$G35,IF(L35=$I35,2,0),0)) | O35: - | Q35: =IF(ISBLANK($G35)=TRUE,"",IF(SIGN(N35-P35)=SIGN($G35-$I35),1,0)+IF(N35=$G35,IF(P35=$I35,2,0),0)) | S35: - | U35: =IF(ISBLANK($G35)=TRUE,"",IF(SIGN(R35-T35)=SIGN($G35-$I35),1,0)+IF(R35=$G35,IF(T35=$I35,2,0),0)) | W35: - | Y35: =IF(ISBLANK($G35)=TRUE,"",IF(SIGN(V35-X35)=SIGN($G35-$I35),1,0)+IF(V35=$G35,IF(X35=$I35,2,0),0)) | AA35: - | AC35: =IF(ISBLANK($G35)=TRUE,"",IF(SIGN(Z35-AB35)=SIGN($G35-$I35),1,0)+IF(Z35=$G35,IF(AB35=$I35,2,0),0)) | AE35: - | AG35: =IF(ISBLANK($G35)=TRUE,"",IF(SIGN(AD35-AF35)=SIGN($G35-$I35),1,0)+IF(AD35=$G35,IF(AF35=$I35,2,0),0))
B36: Dato | C36: Kl. | D36: Bronsefinale | G36: Resultat
B37: 46221 | C37: 0.95833333 | E37: - | H37: - | K37: - | M37: =IF(ISBLANK($I37)=TRUE,"",IF(SIGN(J37-L37)=SIGN($G37-$I37),1,0)+IF(J37=$G37,IF(L37=$I37,2,0),0)) | O37: - | Q37: =IF(ISBLANK($I37)=TRUE,"",IF(SIGN(N37-P37)=SIGN($G37-$I37),1,0)+IF(N37=$G37,IF(P37=$I37,2,0),0)) | S37: - | U37: =IF(ISBLANK($I37)=TRUE,"",IF(SIGN(R37-T37)=SIGN($G37-$I37),1,0)+IF(R37=$G37,IF(T37=$I37,2,0),0)) | W37: - | Y37: =IF(ISBLANK($I37)=TRUE,"",IF(SIGN(V37-X37)=SIGN($G37-$I37),1,0)+IF(V37=$G37,IF(X37=$I37,2,0),0)) | AA37: - | AC37: =IF(ISBLANK($I37)=TRUE,"",IF(SIGN(Z37-AB37)=SIGN($G37-$I37),1,0)+IF(Z37=$G37,IF(AB37=$I37,2,0),0)) | AE37: - | AG37: =IF(ISBLANK($I37)=TRUE,"",IF(SIGN(AD37-AF37)=SIGN($G37-$I37),1,0)+IF(AD37=$G37,IF(AF37=$I37,2,0),0))
B38: Dato | C38: Kl. | D38: Finale | G38: Resultat
B39: 46222 | C39: 0.875 | E39: - | H39: - | K39: - | M39: =IF(ISBLANK($I39)=TRUE,"",IF(SIGN(J39-L39)=SIGN($G39-$I39),1,0)+IF(J39=$G39,IF(L39=$I39,2,0),0)) | O39: - | Q39: =IF(ISBLANK($I39)=TRUE,"",IF(SIGN(N39-P39)=SIGN($G39-$I39),1,0)+IF(N39=$G39,IF(P39=$I39,2,0),0)) | S39: - | U39: =IF(ISBLANK($I39)=TRUE,"",IF(SIGN(R39-T39)=SIGN($G39-$I39),1,0)+IF(R39=$G39,IF(T39=$I39,2,0),0)) | W39: - | Y39: =IF(ISBLANK($I39)=TRUE,"",IF(SIGN(V39-X39)=SIGN($G39-$I39),1,0)+IF(V39=$G39,IF(X39=$I39,2,0),0)) | AA39: - | AC39: =IF(ISBLANK($I39)=TRUE,"",IF(SIGN(Z39-AB39)=SIGN($G39-$I39),1,0)+IF(Z39=$G39,IF(AB39=$I39,2,0),0)) | AE39: - | AG39: =IF(ISBLANK($I39)=TRUE,"",IF(SIGN(AD39-AF39)=SIGN($G39-$I39),1,0)+IF(AD39=$G39,IF(AF39=$I39,2,0),0))
B40: Poeng utslagsrunder | J40: =SUM(M3:M39) -> 0 | N40: =SUM(Q3:Q39) -> 0 | R40: =SUM(U3:U39) -> 0 | V40: =SUM(Y3:Y39) -> 0 | Z40: =SUM(AC3:AC39) -> 0 | AD40: =SUM(AG3:AG39) -> 0

Sheet Krydderspørsmål
B2: Krydderspørsmål | E2: Fasit | G2: Erling | I2: Rune | K2: Håkon | M2: Geir | O2: Tore | Q2: Tor Arne
B3: 1. | C3: Hvem vinner VM? | D3: 5p | G3: Frankrike | H3: =IF(ISBLANK($E3)=TRUE,"",IF($E3=G3,5,0)) | I3: Spania | J3: =IF(ISBLANK($E3)=TRUE,"",IF($E3=I3,5,0)) | K3: Frankrike | L3: =IF(ISBLANK($E3)=TRUE,"",IF($E3=K3,5,0)) | N3: =IF(ISBLANK($E3)=TRUE,"",IF($E3=M3,5,0)) | O3: Frankrike | P3: =IF(ISBLANK($E3)=TRUE,"",IF($E3=O3,5,0)) | Q3: England | R3: =IF(ISBLANK($E3)=TRUE,"",IF($E3=Q3,5,0))
B4: 2. | C4: Hvem vinner Gullballen (beste spiller)? | D4: 5p | G4: Mbappe | H4: =IF(ISBLANK($E4)=TRUE,"",IF($E4=G4,5,0)) | I4: Yamal | J4: =IF(ISBLANK($E4)=TRUE,"",IF($E4=I4,5,0)) | K4: Mbappe | L4: =IF(ISBLANK($E4)=TRUE,"",IF($E4=K4,5,0)) | N4: =IF(ISBLANK($E4)=TRUE,"",IF($E4=M4,5,0)) | O4: Haaland | P4: =IF(ISBLANK($E4)=TRUE,"",IF($E4=O4,5,0)) | Q4: Harry Kane | R4: =IF(ISBLANK($E4)=TRUE,"",IF($E4=Q4,5,0))
B5: 3. | C5: Hvem vinner Gullstøvelen (toppscorer)? | D5: 5p | G5: Mbappe | H5: =IF(ISBLANK($E5)=TRUE,"",IF($E5=G5,5,0)) | I5: Mbappe | J5: =IF(ISBLANK($E5)=TRUE,"",IF($E5=I5,5,0)) | K5: Kane | L5: =IF(ISBLANK($E5)=TRUE,"",IF($E5=K5,5,0)) | N5: =IF(ISBLANK($E5)=TRUE,"",IF($E5=M5,5,0)) | O5: Bellingham | P5: =IF(ISBLANK($E5)=TRUE,"",IF($E5=O5,5,0)) | Q5: Harry Kane | R5: =IF(ISBLANK($E5)=TRUE,"",IF($E5=Q5,5,0))
B6: 4. | C6: Hvem vinner FIFA Young player of the Tournament? | D6: 3p | G6: Yamal | H6: =IF(ISBLANK($E6)=TRUE,"",IF($E6=G6,3,0)) | I6: Yamal | J6: =IF(ISBLANK($E6)=TRUE,"",IF($E6=I6,3,0)) | K6: Yamal | L6: =IF(ISBLANK($E6)=TRUE,"",IF($E6=K6,3,0)) | N6: =IF(ISBLANK($E6)=TRUE,"",IF($E6=M6,3,0)) | O6: Yamal | P6: =IF(ISBLANK($E6)=TRUE,"",IF($E6=O6,3,0)) | Q6: Antonio Nusa | R6: =IF(ISBLANK($E6)=TRUE,"",IF($E6=Q6,3,0))
B7: 5. | C7: Hvor mange mål scores det totalt i VM? | D7: 2p | G7: 241 | H7: =IF(ISBLANK($E7)=TRUE,"",IF($E7=G7,2,0)) | I7: 168 | J7: =IF(ISBLANK($E7)=TRUE,"",IF($E7=I7,2,0)) | K7: 335 | L7: =IF(ISBLANK($E7)=TRUE,"",IF($E7=K7,2,0)) | N7: =IF(ISBLANK($E7)=TRUE,"",IF($E7=M7,2,0)) | O7: 299 | P7: =IF(ISBLANK($E7)=TRUE,"",IF($E7=O7,2,0)) | Q7: 333 | R7: =IF(ISBLANK($E7)=TRUE,"",IF($E7=Q7,2,0))
E8: Antall mål scoret så langt | F8: =SUM(Gruppespill!G3:G85,Gruppespill!I3:I85,Utslagsrunder!G3:G39,Utslagsrunder!I3:I39) -> 0
E9: Estimert antall mål i VM | F9: =IF(ISBLANK(Gruppespill!G3),"",(F8/(COUNT(Gruppespill!G3:G85,Utslagsrunder!G3:G39)))*104)
B10: 6. | C10: Hvilket tidspunkt scores det raskeste målet? (±15 sek.) | D10: 2p | G10: 0.00040509259 | H10: =IF(ISBLANK($E10),"",IF(ABS($E10-G10)<TIME(0,0,16),2,0)) | I10: 0.00060185185 | J10: =IF(ISBLANK($E10),"",IF(ABS($E10-I10)<TIME(0,0,16),2,0)) | K10: 0.0023842593 | L10: =IF(ISBLANK($E10),"",IF(ABS($E10-K10)<TIME(0,0,16),2,0)) | N10: =IF(ISBLANK($E10),"",IF(ABS($E10-M10)<TIME(0,0,16),2,0)) | O10: 0.0017361111 | P10: =IF(ISBLANK($E10),"",IF(ABS($E10-O10)<TIME(0,0,16),2,0)) | Q10: 0.0041666667 | R10: =IF(ISBLANK($E10),"",IF(ABS($E10-Q10)<TIME(0,0,16),2,0))
B11: 7. | C11: Nevn to lag som får rødt kort i løpet av VM. | D11: 2p | G11: Nederland | H11: =IF(ISBLANK($E11)=TRUE,"",IF(ISNUMBER(SEARCH(G11,$E11)),2,0)) | I11: Marokko | J11: =IF(ISBLANK($E11)=TRUE,"",IF(ISNUMBER(SEARCH(I11,$E11)),2,0)) | K11: Irak | L11: =IF(ISBLANK($E11)=TRUE,"",IF(ISNUMBER(SEARCH(K11,$E11)),2,0)) | N11: =IF(ISBLANK($E11)=TRUE,"",IF(ISNUMBER(SEARCH(M11,$E11)),2,0)) | O11: Tyrkia | P11: =IF(ISBLANK($E11)=TRUE,"",IF(ISNUMBER(SEARCH(O11,$E11)),2,0)) | Q11: Haiti | R11: =IF(ISBLANK($E11)=TRUE,"",IF(ISNUMBER(SEARCH(Q11,$E11)),2,0))
G12: Portugal | H12: =IF(ISBLANK($E11)=TRUE,"",IF(ISNUMBER(SEARCH(G12,$E11)),2,0)) | I12: Argentina | J12: =IF(ISBLANK($E11)=TRUE,"",IF(ISNUMBER(SEARCH(I12,$E11)),2,0)) | K12: Iran | L12: =IF(ISBLANK($E11)=TRUE,"",IF(ISNUMBER(SEARCH(K12,$E11)),2,0)) | N12: =IF(ISBLANK($E11)=TRUE,"",IF(ISNUMBER(SEARCH(M12,$E11)),2,0)) | O12: Ecuador | P12: =IF(ISBLANK($E11)=TRUE,"",IF(ISNUMBER(SEARCH(O12,$E11)),2,0)) | Q12: Elfenbenskysten | R12: =IF(ISBLANK($E11)=TRUE,"",IF(ISNUMBER(SEARCH(Q12,$E11)),2,0))
B13: 8. | C13: Nevn to lag som scorer selvmål i løpet av VM. | D13: 2p | G13: Curacao | H13: =IF(ISBLANK($E13)=TRUE,"",IF(ISNUMBER(SEARCH(G13,$E13)),2,0)) | I13: Brasil | J13: =IF(ISBLANK($E13)=TRUE,"",IF(ISNUMBER(SEARCH(I13,$E13)),2,0)) | K13: Norge | L13: =IF(ISBLANK($E13)=TRUE,"",IF(ISNUMBER(SEARCH(K13,$E13)),2,0)) | N13: =IF(ISBLANK($E13)=TRUE,"",IF(ISNUMBER(SEARCH(M13,$E13)),2,0)) | O13: Sør-Afrika | P13: =IF(ISBLANK($E13)=TRUE,"",IF(ISNUMBER(SEARCH(O13,$E13)),2,0)) | Q13: Sverige | R13: =IF(ISBLANK($E13)=TRUE,"",IF(ISNUMBER(SEARCH(Q13,$E13)),2,0))
G14: Kapp Verde | H14: =IF(ISBLANK($E13)=TRUE,"",IF(ISNUMBER(SEARCH(G14,$E13)),2,0)) | I14: England | J14: =IF(ISBLANK($E13)=TRUE,"",IF(ISNUMBER(SEARCH(I14,$E13)),2,0)) | K14: USA | L14: =IF(ISBLANK($E13)=TRUE,"",IF(ISNUMBER(SEARCH(K14,$E13)),2,0)) | N14: =IF(ISBLANK($E13)=TRUE,"",IF(ISNUMBER(SEARCH(M14,$E13)),2,0)) | O14: Skottland | P14: =IF(ISBLANK($E13)=TRUE,"",IF(ISNUMBER(SEARCH(O14,$E13)),2,0)) | Q14: Skottland | R14: =IF(ISBLANK($E13)=TRUE,"",IF(ISNUMBER(SEARCH(Q14,$E13)),2,0))
B15: 9. | C15: I hvilken gruppe scores det flest mål? | D15: 2p | G15: E | H15: =IF(ISBLANK($E15)=TRUE,"",IF($E15=G15,2,0)) | I15: E | J15: =IF(ISBLANK($E15)=TRUE,"",IF($E15=I15,2,0)) | K15: E | L15: =IF(ISBLANK($E15)=TRUE,"",IF($E15=K15,2,0)) | N15: =IF(ISBLANK($E15)=TRUE,"",IF($E15=M15,2,0)) | O15: E | P15: =IF(ISBLANK($E15)=TRUE,"",IF($E15=O15,2,0)) | Q15: Gruppe E | R15: =IF(ISBLANK($E15)=TRUE,"",IF($E15=Q15,2,0))
B16: 10. | C16: Hvilket lag blir VMs dårligste? | D16: 2p | G16: Curacao | H16: =IF(ISBLANK($E16)=TRUE,"",IF($E16=G16,2,0)) | I16: Kapp Verde | J16: =IF(ISBLANK($E16)=TRUE,"",IF($E16=I16,2,0)) | K16: Curacao | L16: =IF(ISBLANK($E16)=TRUE,"",IF($E16=K16,2,0)) | N16: =IF(ISBLANK($E16)=TRUE,"",IF($E16=M16,2,0)) | O16: Haiti | P16: =IF(ISBLANK($E16)=TRUE,"",IF($E16=O16,2,0)) | Q16: Curacao | R16: =IF(ISBLANK($E16)=TRUE,"",IF($E16=Q16,2,0))
B17: 11. | C17: Hvem dømmer finalen? | D17: 4p | G17: Schärer | H17: =IF(ISBLANK($E17)=TRUE,"",IF($E17=G17,4,0)) | I17: Marciniak | J17: =IF(ISBLANK($E17)=TRUE,"",IF($E17=I17,4,0)) | K17: Marciniak | L17: =IF(ISBLANK($E17)=TRUE,"",IF($E17=K17,4,0)) | N17: =IF(ISBLANK($E17)=TRUE,"",IF($E17=M17,4,0)) | O17: Nyberg | P17: =IF(ISBLANK($E17)=TRUE,"",IF($E17=O17,4,0)) | Q17: Khalid Al-Turais | R17: =IF(ISBLANK($E17)=TRUE,"",IF($E17=Q17,4,0))
B18: 12. | C18: Hvilken øynasjon kommer lengst? | D18: 2p | G18: Japan | H18: =IF(ISBLANK($E18)=TRUE,"",IF($E18=G18,2,0)) | I18: Australia | J18: =IF(ISBLANK($E18)=TRUE,"",IF($E18=I18,2,0)) | K18: Japan | L18: =IF(ISBLANK($E18)=TRUE,"",IF($E18=K18,2,0)) | N18: =IF(ISBLANK($E18)=TRUE,"",IF($E18=M18,2,0)) | O18: Japan | P18: =IF(ISBLANK($E18)=TRUE,"",IF($E18=O18,2,0)) | Q18: Japan | R18: =IF(ISBLANK($E18)=TRUE,"",IF($E18=Q18,2,0))
B19: 13. | C19: Hvem scorer flest mål av Cristiano Ronaldo og Lionel Messi? | D19: 1p | G19: Messi | H19: =IF(ISBLANK($E19)=TRUE,"",IF($E19=G19,1,0)) | I19: Messi | J19: =IF(ISBLANK($E19)=TRUE,"",IF($E19=I19,1,0)) | K19: Messi | L19: =IF(ISBLANK($E19)=TRUE,"",IF($E19=K19,1,0)) | N19: =IF(ISBLANK($E19)=TRUE,"",IF($E19=M19,1,0)) | O19: Messi | P19: =IF(ISBLANK($E19)=TRUE,"",IF($E19=O19,1,0)) | Q19: Messi | R19: =IF(ISBLANK($E19)=TRUE,"",IF($E19=Q19,1,0))
B20: 14. | C20: Hvilket afrikanske land kommer lengst? | D20: 2p | G20: Marokko | H20: =IF(ISBLANK($E20)=TRUE,"",IF($E20=G20,2,0)) | I20: Marokko | J20: =IF(ISBLANK($E20)=TRUE,"",IF($E20=I20,2,0)) | K20: Marokko | L20: =IF(ISBLANK($E20)=TRUE,"",IF($E20=K20,2,0)) | N20: =IF(ISBLANK($E20)=TRUE,"",IF($E20=M20,2,0)) | O20: Marokko | P20: =IF(ISBLANK($E20)=TRUE,"",IF($E20=O20,2,0)) | Q20: Marokko | R20: =IF(ISBLANK($E20)=TRUE,"",IF($E20=Q20,2,0))
B21: 15. | C21: Nevn en kjendis som dør i løpet av VM. | D21: 3p | G21: Prinsesse Astrid | H21: =IF(ISBLANK($E21)=TRUE,"",IF(ISNUMBER(SEARCH(G21,$E21)),3,0)) | I21: Pave Frans | J21: =IF(ISBLANK($E21)=TRUE,"",IF(ISNUMBER(SEARCH(I21,$E21)),3,0)) | K21: Thorbjørn Jagland | L21: =IF(ISBLANK($E21)=TRUE,"",IF(ISNUMBER(SEARCH(K21,$E21)),3,0)) | N21: =IF(ISBLANK($E21)=TRUE,"",IF(ISNUMBER(SEARCH(M21,$E21)),3,0)) | O21: Clint Eastwood | P21: =IF(ISBLANK($E21)=TRUE,"",IF(ISNUMBER(SEARCH(O21,$E21)),3,0)) | Q21: Arne Scheie | R21: =IF(ISBLANK($E21)=TRUE,"",IF(ISNUMBER(SEARCH(Q21,$E21)),3,0))
B22: 16. | C22: Får alle tre Bodø/Glimt-spillerne spilletid i løpet av VM? | D22: 1p | G22: Ja | H22: =IF(ISBLANK($E22)=TRUE,"",IF(ISNUMBER(SEARCH(G22,$E22)),1,0)) | I22: Ja | J22: =IF(ISBLANK($E22)=TRUE,"",IF(ISNUMBER(SEARCH(I22,$E22)),1,0)) | K22: Nei | L22: =IF(ISBLANK($E22)=TRUE,"",IF(ISNUMBER(SEARCH(K22,$E22)),1,0)) | N22: =IF(ISBLANK($E22)=TRUE,"",IF(ISNUMBER(SEARCH(M22,$E22)),1,0)) | O22: Nei | P22: =IF(ISBLANK($E22)=TRUE,"",IF(ISNUMBER(SEARCH(O22,$E22)),1,0)) | Q22: Nei | R22: =IF(ISBLANK($E22)=TRUE,"",IF(ISNUMBER(SEARCH(Q22,$E22)),1,0))
B23: 17. | C23: Hvor langt kommer Norge | D23: 2p | G23: Åttendelsfinale | H23: =IF(ISBLANK($E23)=TRUE,"",IF($E23=G23,2,0)) | I23: Kvartfinale | J23: =IF(ISBLANK($E23)=TRUE,"",IF($E23=I23,2,0)) | K23: Semifinale | L23: =IF(ISBLANK($E23)=TRUE,"",IF($E23=K23,2,0)) | N23: =IF(ISBLANK($E23)=TRUE,"",IF($E23=M23,2,0)) | O23: Kvartfinale | P23: =IF(ISBLANK($E23)=TRUE,"",IF($E23=O23,2,0)) | R23: =IF(ISBLANK($E23)=TRUE,"",IF($E23=Q23,2,0))
B24: Krydderspørsmål sekstendelsfinaler
B25: 1. | H25: =IF(ISBLANK($E25)=TRUE,"",IF($E25=G25,5,0)) | J25: =IF(ISBLANK($E25)=TRUE,"",IF($E25=I25,5,0)) | L25: =IF(ISBLANK($E25)=TRUE,"",IF($E25=K25,5,0)) | N25: =IF(ISBLANK($E25)=TRUE,"",IF($E25=M25,5,0)) | P25: =IF(ISBLANK($E25)=TRUE,"",IF($E25=O25,5,0)) | R25: =IF(ISBLANK($E25)=TRUE,"",IF($E25=Q25,5,0))
B26: 2. | H26: =IF(ISBLANK($E26)=TRUE,"",IF($E26=G26,5,0)) | J26: =IF(ISBLANK($E26)=TRUE,"",IF($E26=I26,5,0)) | L26: =IF(ISBLANK($E26)=TRUE,"",IF($E26=K26,5,0)) | N26: =IF(ISBLANK($E26)=TRUE,"",IF($E26=M26,5,0)) | P26: =IF(ISBLANK($E26)=TRUE,"",IF($E26=O26,5,0)) | R26: =IF(ISBLANK($E26)=TRUE,"",IF($E26=Q26,5,0))
B27: 3. | H27: =IF(ISBLANK($E27)=TRUE,"",IF($E27=G27,5,0)) | J27: =IF(ISBLANK($E27)=TRUE,"",IF($E27=I27,5,0)) | L27: =IF(ISBLANK($E27)=TRUE,"",IF($E27=K27,5,0)) | N27: =IF(ISBLANK($E27)=TRUE,"",IF($E27=M27,5,0)) | P27: =IF(ISBLANK($E27)=TRUE,"",IF($E27=O27,5,0)) | R27: =IF(ISBLANK($E27)=TRUE,"",IF($E27=Q27,5,0))
B28: Krydderspørsmål åttendelsfinaler
B29: 1. | H29: =IF(ISBLANK($E29)=TRUE,"",IF($E29=G29,5,0)) | J29: =IF(ISBLANK($E29)=TRUE,"",IF($E29=I29,5,0)) | L29: =IF(ISBLANK($E29)=TRUE,"",IF($E29=K29,5,0)) | N29: =IF(ISBLANK($E29)=TRUE,"",IF($E29=M29,5,0)) | P29: =IF(ISBLANK($E29)=TRUE,"",IF($E29=O29,5,0)) | R29: =IF(ISBLANK($E29)=TRUE,"",IF($E29=Q29,5,0))
B30: 2. | H30: =IF(ISBLANK($E30)=TRUE,"",IF($E30=G30,5,0)) | J30: =IF(ISBLANK($E30)=TRUE,"",IF($E30=I30,5,0)) | L30: =IF(ISBLANK($E30)=TRUE,"",IF($E30=K30,5,0)) | N30: =IF(ISBLANK($E30)=TRUE,"",IF($E30=M30,5,0)) | P30: =IF(ISBLANK($E30)=TRUE,"",IF($E30=O30,5,0)) | R30: =IF(ISBLANK($E30)=TRUE,"",IF($E30=Q30,5,0))
B31: 3. | H31: =IF(ISBLANK($E31)=TRUE,"",IF($E31=G31,5,0)) | J31: =IF(ISBLANK($E31)=TRUE,"",IF($E31=I31,5,0)) | L31: =IF(ISBLANK($E31)=TRUE,"",IF($E31=K31,5,0)) | N31: =IF(ISBLANK($E31)=TRUE,"",IF($E31=M31,5,0)) | P31: =IF(ISBLANK($E31)=TRUE,"",IF($E31=O31,5,0)) | R31: =IF(ISBLANK($E31)=TRUE,"",IF($E31=Q31,5,0))
B32: Krydderspørsmål kvartfinaler
B33: 1. | H33: =IF(ISBLANK($E33)=TRUE,"",IF($E33=G33,5,0)) | J33: =IF(ISBLANK($E33)=TRUE,"",IF($E33=I33,5,0)) | L33: =IF(ISBLANK($E33)=TRUE,"",IF($E33=K33,5,0)) | N33: =IF(ISBLANK($E33)=TRUE,"",IF($E33=M33,5,0)) | P33: =IF(ISBLANK($E33)=TRUE,"",IF($E33=O33,5,0)) | R33: =IF(ISBLANK($E33)=TRUE,"",IF($E33=Q33,5,0))
B34: 2. | H34: =IF(ISBLANK($E34)=TRUE,"",IF($E34=G34,5,0)) | J34: =IF(ISBLANK($E34)=TRUE,"",IF($E34=I34,5,0)) | L34: =IF(ISBLANK($E34)=TRUE,"",IF($E34=K34,5,0)) | N34: =IF(ISBLANK($E34)=TRUE,"",IF($E34=M34,5,0)) | P34: =IF(ISBLANK($E34)=TRUE,"",IF($E34=O34,5,0)) | R34: =IF(ISBLANK($E34)=TRUE,"",IF($E34=Q34,5,0))
B35: 3. | H35: =IF(ISBLANK($E35)=TRUE,"",IF($E35=G35,5,0)) | J35: =IF(ISBLANK($E35)=TRUE,"",IF($E35=I35,5,0)) | L35: =IF(ISBLANK($E35)=TRUE,"",IF($E35=K35,5,0)) | N35: =IF(ISBLANK($E35)=TRUE,"",IF($E35=M35,5,0)) | P35: =IF(ISBLANK($E35)=TRUE,"",IF($E35=O35,5,0)) | R35: =IF(ISBLANK($E35)=TRUE,"",IF($E35=Q35,5,0))
B36: Krydderspørsmål semifinaler
B37: 1. | H37: =IF(ISBLANK($E37)=TRUE,"",IF($E37=G37,5,0)) | J37: =IF(ISBLANK($E37)=TRUE,"",IF($E37=I37,5,0)) | L37: =IF(ISBLANK($E37)=TRUE,"",IF($E37=K37,5,0)) | N37: =IF(ISBLANK($E37)=TRUE,"",IF($E37=M37,5,0)) | P37: =IF(ISBLANK($E37)=TRUE,"",IF($E37=O37,5,0)) | R37: =IF(ISBLANK($E37)=TRUE,"",IF($E37=Q37,5,0))
B38: 2. | H38: =IF(ISBLANK($E38)=TRUE,"",IF($E38=G38,5,0)) | J38: =IF(ISBLANK($E38)=TRUE,"",IF($E38=I38,5,0)) | L38: =IF(ISBLANK($E38)=TRUE,"",IF($E38=K38,5,0)) | N38: =IF(ISBLANK($E38)=TRUE,"",IF($E38=M38,5,0)) | P38: =IF(ISBLANK($E38)=TRUE,"",IF($E38=O38,5,0)) | R38: =IF(ISBLANK($E38)=TRUE,"",IF($E38=Q38,5,0))
B39: 3. | H39: =IF(ISBLANK($E39)=TRUE,"",IF($E39=G39,5,0)) | J39: =IF(ISBLANK($E39)=TRUE,"",IF($E39=I39,5,0)) | L39: =IF(ISBLANK($E39)=TRUE,"",IF($E39=K39,5,0)) | N39: =IF(ISBLANK($E39)=TRUE,"",IF($E39=M39,5,0)) | P39: =IF(ISBLANK($E39)=TRUE,"",IF($E39=O39,5,0)) | R39: =IF(ISBLANK($E39)=TRUE,"",IF($E39=Q39,5,0))
B40: Krydderspørsmål finaler
B41: 1. | H41: =IF(ISBLANK($E41)=TRUE,"",IF($E41=G41,5,0)) | J41: =IF(ISBLANK($E41)=TRUE,"",IF($E41=I41,5,0)) | L41: =IF(ISBLANK($E41)=TRUE,"",IF($E41=K41,5,0)) | N41: =IF(ISBLANK($E41)=TRUE,"",IF($E41=M41,5,0)) | P41: =IF(ISBLANK($E41)=TRUE,"",IF($E41=O41,5,0)) | R41: =IF(ISBLANK($E41)=TRUE,"",IF($E41=Q41,5,0))
B42: 2. | H42: =IF(ISBLANK($E42)=TRUE,"",IF($E42=G42,5,0)) | J42: =IF(ISBLANK($E42)=TRUE,"",IF($E42=I42,5,0)) | L42: =IF(ISBLANK($E42)=TRUE,"",IF($E42=K42,5,0)) | N42: =IF(ISBLANK($E42)=TRUE,"",IF($E42=M42,5,0)) | P42: =IF(ISBLANK($E42)=TRUE,"",IF($E42=O42,5,0)) | R42: =IF(ISBLANK($E42)=TRUE,"",IF($E42=Q42,5,0))
B43: 3. | H43: =IF(ISBLANK($E43)=TRUE,"",IF($E43=G43,5,0)) | J43: =IF(ISBLANK($E43)=TRUE,"",IF($E43=I43,5,0)) | L43: =IF(ISBLANK($E43)=TRUE,"",IF($E43=K43,5,0)) | N43: =IF(ISBLANK($E43)=TRUE,"",IF($E43=M43,5,0)) | P43: =IF(ISBLANK($E43)=TRUE,"",IF($E43=O43,5,0)) | R43: =IF(ISBLANK($E43)=TRUE,"",IF($E43=Q43,5,0))
B44: Poeng krydderspørsmål | G44: =SUM(H3:H43) -> 0 | I44: =SUM(J3:J43) -> 0 | K44: =SUM(L3:L43) -> 0 | M44: =SUM(N3:N43) -> 0 | O44: =SUM(P3:P43) -> 0 | Q44: =SUM(R3:R43) -> 0

Sheet Sammenlagt og tabell
B2: Kategori | D2: Erling | E2: Rune | F2: Håkon | G2: Geir | H2: Tore | I2: Tor Arne
B3: Gruppespill | D3: =Gruppespill!J86 -> 0 | E3: =Gruppespill!N86 -> 0 | F3: =Gruppespill!R86 -> 0 | G3: =Gruppespill!V86 -> 0 | H3: =Gruppespill!Z86 -> 0 | I3: =Gruppespill!AD86 -> 0
B4: Utslagsrunder | D4: =Utslagsrunder!J40 -> 0 | E4: =Utslagsrunder!N40 -> 0 | F4: =Utslagsrunder!R40 -> 0 | G4: =Utslagsrunder!V40 -> 0 | H4: =Utslagsrunder!Z40 -> 0 | I4: =Utslagsrunder!AD40 -> 0
B5: Krydderspørsmål | D5: =Krydderspørsmål!G44 -> 0 | E5: =Krydderspørsmål!I44 -> 0 | F5: =Krydderspørsmål!K44 -> 0 | G5: =Krydderspørsmål!M44 -> 0 | H5: =Krydderspørsmål!O44 -> 0 | I5: =Krydderspørsmål!Q44 -> 0
B6: Totalt | D6: =SUM(D3:D5) -> 0 | E6: =SUM(E3:E5) -> 0 | F6: =SUM(F3:F5) -> 0 | G6: =SUM(G3:G5) -> 0 | H6: =SUM(H3:H5) -> 0 | I6: =SUM(I3:I5) -> 0
B9: Nr. | C9: Navn | D9: Poeng
B10: 1 | C10: {=_xlfn.SORTBY(TRANSPOSE(D2:I2),TRANSPOSE(D6:I6),-1)} -> Erling | D10: {=_xlfn.SORTBY(TRANSPOSE(D6:I6),TRANSPOSE(D6:I6),-1)} -> 0
B11: 2 | C11: Rune | D11: 0
B12: 3 | C12: Håkon | D12: 0
B13: 4 | C13: Geir | D13: 0
B14: 5 | C14: Tore | D14: 0
B15: 6 | C15: Tor Arne | D15: 0
