Workbook

Sheet Gruppespill
B2: Dato | C2: Kl. | D2: Gruppe A | G2: Resultat | J2: Skjalg | N2: Sindre | R2: Anne Marte | V2: Ole | Z2: Eirik | AD2: Margret | AH2: Håkon Emil | AL2: Morten | AP2: Hilde | AT2: Sofia | AX2: Nicholas | BB2: Trond | BF2: Anders | BJ2: Ida | BN2: Erling | BR2: Håkon M | BV2: Bent Arne | BZ2: Gunvor | CD2: Lisa | CH2: Espen | CL2: Jonas G | CP2: Kay Robin | CT2: Magnus | CX2: Jonas W | DB2: Viktor | DF2: Kajsa
B3: 46184 | C3: 21:00 | D3: Mexico | E3: - | F3: Sør-Afrika | G3: 2 | H3: - | I3: 0 | J3: 2 | K3: - | L3: 0 | M3: =IF(ISBLANK($I3)=TRUE,"",IF(SIGN(J3-L3)=SIGN($G3-$I3),1,0)+IF(J3=$G3,IF(L3=$I3,2,0),0)) -> 3 | N3: 2 | O3: - | P3: 0 | Q3: =IF(ISBLANK($I3)=TRUE,"",IF(SIGN(N3-P3)=SIGN($G3-$I3),1,0)+IF(N3=$G3,IF(P3=$I3,2,0),0)) -> 3 | R3: 2 | S3: - | T3: 1 | U3: =IF(ISBLANK($I3)=TRUE,"",IF(SIGN(R3-T3)=SIGN($G3-$I3),1,0)+IF(R3=$G3,IF(T3=$I3,2,0),0)) -> 1 | V3: 3 | W3: - | X3: 0 | Y3: =IF(ISBLANK($I3)=TRUE,"",IF(SIGN(V3-X3)=SIGN($G3-$I3),1,0)+IF(V3=$G3,IF(X3=$I3,2,0),0)) -> 1 | Z3: 2 | AA3: - | AB3: 0 | AC3: =IF(ISBLANK($I3)=TRUE,"",IF(SIGN(Z3-AB3)=SIGN($G3-$I3),1,0)+IF(Z3=$G3,IF(AB3=$I3,2,0),0)) -> 3 | AD3: 3 | AE3: - | AF3: 0 | AG3: =IF(ISBLANK($I3)=TRUE,"",IF(SIGN(AD3-AF3)=SIGN($G3-$I3),1,0)+IF(AD3=$G3,IF(AF3=$I3,2,0),0)) -> 1 | AH3: 1 | AI3: - | AJ3: 0 | AK3: =IF(ISBLANK($I3)=TRUE,"",IF(SIGN(AH3-AJ3)=SIGN($G3-$I3),1,0)+IF(AH3=$G3,IF(AJ3=$I3,2,0),0)) -> 1 | AL3: 1 | AM3: - | AN3: 0 | AO3: =IF(ISBLANK($I3)=TRUE,"",IF(SIGN(AL3-AN3)=SIGN($G3-$I3),1,0)+IF(AL3=$G3,IF(AN3=$I3,2,0),0)) -> 1 | AP3: 1 | AQ3: - | AR3: 0 | AS3: =IF(ISBLANK($I3)=TRUE,"",IF(SIGN(AP3-AR3)=SIGN($G3-$I3),1,0)+IF(AP3=$G3,IF(AR3=$I3,2,0),0)) -> 1 | AT3: 2 | AU3: - | AV3: 0 | AW3: =IF(ISBLANK($I3)=TRUE,"",IF(SIGN(AT3-AV3)=SIGN($G3-$I3),1,0)+IF(AT3=$G3,IF(AV3=$I3,2,0),0)) -> 3 | AX3: 3 | AY3: - | AZ3: 1 | BA3: =IF(ISBLANK($I3)=TRUE,"",IF(SIGN(AX3-AZ3)=SIGN($G3-$I3),1,0)+IF(AX3=$G3,IF(AZ3=$I3,2,0),0)) -> 1 | BB3: 3 | BC3: - | BD3: 1 | BE3: =IF(ISBLANK($I3)=TRUE,"",IF(SIGN(BB3-BD3)=SIGN($G3-$I3),1,0)+IF(BB3=$G3,IF(BD3=$I3,2,0),0)) -> 1 | BF3: 2 | BG3: - | BH3: 0 | BI3: =IF(ISBLANK($I3)=TRUE,"",IF(SIGN(BF3-BH3)=SIGN($G3-$I3),1,0)+IF(BF3=$G3,IF(BH3=$I3,2,0),0)) -> 3 | BJ3: 1 | BK3: - | BL3: 0 | BM3: =IF(ISBLANK($I3)=TRUE,"",IF(SIGN(BJ3-BL3)=SIGN($G3-$I3),1,0)+IF(BJ3=$G3,IF(BL3=$I3,2,0),0)) -> 1 | BN3: 2 | BO3: - | BP3: 0 | BQ3: =IF(ISBLANK($I3)=TRUE,"",IF(SIGN(BN3-BP3)=SIGN($G3-$I3),1,0)+IF(BN3=$G3,IF(BP3=$I3,2,0),0)) -> 3 | BR3: 2 | BS3: - | BT3: 0 | BU3: =IF(ISBLANK($I3)=TRUE,"",IF(SIGN(BR3-BT3)=SIGN($G3-$I3),1,0)+IF(BR3=$G3,IF(BT3=$I3,2,0),0)) -> 3 | BV3: 2 | BW3: - | BX3: 0 | BY3: =IF(ISBLANK($I3)=TRUE,"",IF(SIGN(BV3-BX3)=SIGN($G3-$I3),1,0)+IF(BV3=$G3,IF(BX3=$I3,2,0),0)) -> 3 | BZ3: 3 | CA3: - | CB3: 1 | CC3: =IF(ISBLANK($I3)=TRUE,"",IF(SIGN(BZ3-CB3)=SIGN($G3-$I3),1,0)+IF(BZ3=$G3,IF(CB3=$I3,2,0),0)) -> 1 | CD3: 2 | CE3: - | CF3: 0 | CG3: =IF(ISBLANK($I3)=TRUE,"",IF(SIGN(CD3-CF3)=SIGN($G3-$I3),1,0)+IF(CD3=$G3,IF(CF3=$I3,2,0),0)) -> 3 | CH3: 3 | CI3: - | CJ3: 1 | CK3: =IF(ISBLANK($I3)=TRUE,"",IF(SIGN(CH3-CJ3)=SIGN($G3-$I3),1,0)+IF(CH3=$G3,IF(CJ3=$I3,2,0),0)) -> 1 | CL3: 2 | CM3: - | CN3: 1 | CO3: =IF(ISBLANK($I3)=TRUE,"",IF(SIGN(CL3-CN3)=SIGN($G3-$I3),1,0)+IF(CL3=$G3,IF(CN3=$I3,2,0),0)) -> 1 | CP3: 3 | CQ3: - | CR3: 1 | CS3: =IF(ISBLANK($I3)=TRUE,"",IF(SIGN(CP3-CR3)=SIGN($G3-$I3),1,0)+IF(CP3=$G3,IF(CR3=$I3,2,0),0)) -> 1 | CT3: 2 | CU3: - | CV3: 0 | CW3: =IF(ISBLANK($I3)=TRUE,"",IF(SIGN(CT3-CV3)=SIGN($G3-$I3),1,0)+IF(CT3=$G3,IF(CV3=$I3,2,0),0)) -> 3 | CX3: 1 | CY3: - | CZ3: 0 | DA3: =IF(ISBLANK($I3)=TRUE,"",IF(SIGN(CX3-CZ3)=SIGN($G3-$I3),1,0)+IF(CX3=$G3,IF(CZ3=$I3,2,0),0)) -> 1 | DB3: 2 | DC3: - | DD3: 1 | DE3: =IF(ISBLANK($I3)=TRUE,"",IF(SIGN(DB3-DD3)=SIGN($G3-$I3),1,0)+IF(DB3=$G3,IF(DD3=$I3,2,0),0)) -> 1 | DF3: 1 | DG3: - | DH3: 0 | DI3: =IF(ISBLANK($I3)=TRUE,"",IF(SIGN(DF3-DH3)=SIGN($G3-$I3),1,0)+IF(DF3=$G3,IF(DH3=$I3,2,0),0)) -> 1
B4: 46185 | C4: 04:00 | D4: Sør-Korea | E4: - | F4: Tsjekkia | G4: 2 | H4: - | I4: 1 | J4: 1 | K4: - | L4: 1 | M4: =IF(ISBLANK($G4)=TRUE,"",IF(SIGN(J4-L4)=SIGN($G4-$I4),1,0)+IF(J4=$G4,IF(L4=$I4,2,0),0)) -> 0 | N4: 1 | O4: - | P4: 1 | Q4: =IF(ISBLANK($G4)=TRUE,"",IF(SIGN(N4-P4)=SIGN($G4-$I4),1,0)+IF(N4=$G4,IF(P4=$I4,2,0),0)) -> 0 | R4: 1 | S4: - | T4: 1 | U4: =IF(ISBLANK($G4)=TRUE,"",IF(SIGN(R4-T4)=SIGN($G4-$I4),1,0)+IF(R4=$G4,IF(T4=$I4,2,0),0)) -> 0 | V4: 2 | W4: - | X4: 1 | Y4: =IF(ISBLANK($G4)=TRUE,"",IF(SIGN(V4-X4)=SIGN($G4-$I4),1,0)+IF(V4=$G4,IF(X4=$I4,2,0),0)) -> 3 | Z4: 1 | AA4: - | AB4: 1 | AC4: =IF(ISBLANK($G4)=TRUE,"",IF(SIGN(Z4-AB4)=SIGN($G4-$I4),1,0)+IF(Z4=$G4,IF(AB4=$I4,2,0),0)) -> 0 | AD4: 2 | AE4: - | AF4: 1 | AG4: =IF(ISBLANK($G4)=TRUE,"",IF(SIGN(AD4-AF4)=SIGN($G4-$I4),1,0)+IF(AD4=$G4,IF(AF4=$I4,2,0),0)) -> 3 | AH4: 0 | AI4: - | AJ4: 1 | AK4: =IF(ISBLANK($G4)=TRUE,"",IF(SIGN(AH4-AJ4)=SIGN($G4-$I4),1,0)+IF(AH4=$G4,IF(AJ4=$I4,2,0),0)) -> 0 | AL4: 0 | AM4: - | AN4: 0 | AO4: =IF(ISBLANK($G4)=TRUE,"",IF(SIGN(AL4-AN4)=SIGN($G4-$I4),1,0)+IF(AL4=$G4,IF(AN4=$I4,2,0),0)) -> 0 | AP4: 1 | AQ4: - | AR4: 2 | AS4: =IF(ISBLANK($G4)=TRUE,"",IF(SIGN(AP4-AR4)=SIGN($G4-$I4),1,0)+IF(AP4=$G4,IF(AR4=$I4,2,0),0)) -> 0 | AT4: 1 | AU4: - | AV4: 1 | AW4: =IF(ISBLANK($G4)=TRUE,"",IF(SIGN(AT4-AV4)=SIGN($G4-$I4),1,0)+IF(AT4=$G4,IF(AV4=$I4,2,0),0)) -> 0 | AX4: 0 | AY4: - | AZ4: 2 | BA4: =IF(ISBLANK($G4)=TRUE,"",IF(SIGN(AX4-AZ4)=SIGN($G4-$I4),1,0)+IF(AX4=$G4,IF(AZ4=$I4,2,0),0)) -> 0 | BB4: 1 | BC4: - | BD4: 1 | BE4: =IF(ISBLANK($G4)=TRUE,"",IF(SIGN(BB4-BD4)=SIGN($G4-$I4),1,0)+IF(BB4=$G4,IF(BD4=$I4,2,0),0)) -> 0 | BF4: 2 | BG4: - | BH4: 0 | BI4: =IF(ISBLANK($G4)=TRUE,"",IF(SIGN(BF4-BH4)=SIGN($G4-$I4),1,0)+IF(BF4=$G4,IF(BH4=$I4,2,0),0)) -> 1 | BJ4: 1 | BK4: - | BL4: 1 | BM4: =IF(ISBLANK($G4)=TRUE,"",IF(SIGN(BJ4-BL4)=SIGN($G4-$I4),1,0)+IF(BJ4=$G4,IF(BL4=$I4,2,0),0)) -> 0 | BN4: 1 | BO4: - | BP4: 1 | BQ4: =IF(ISBLANK($G4)=TRUE,"",IF(SIGN(BN4-BP4)=SIGN($G4-$I4),1,0)+IF(BN4=$G4,IF(BP4=$I4,2,0),0)) -> 0 | BR4: 2 | BS4: - | BT4: 1 | BU4: =IF(ISBLANK($G4)=TRUE,"",IF(SIGN(BR4-BT4)=SIGN($G4-$I4),1,0)+IF(BR4=$G4,IF(BT4=$I4,2,0),0)) -> 3 | BV4: 2 | BW4: - | BX4: 1 | BY4: =IF(ISBLANK($G4)=TRUE,"",IF(SIGN(BV4-BX4)=SIGN($G4-$I4),1,0)+IF(BV4=$G4,IF(BX4=$I4,2,0),0)) -> 3 | BZ4: 2 | CA4: - | CB4: 3 | CC4: =IF(ISBLANK($G4)=TRUE,"",IF(SIGN(BZ4-CB4)=SIGN($G4-$I4),1,0)+IF(BZ4=$G4,IF(CB4=$I4,2,0),0)) -> 0 | CD4: 1 | CE4: - | CF4: 1 | CG4: =IF(ISBLANK($G4)=TRUE,"",IF(SIGN(CD4-CF4)=SIGN($G4-$I4),1,0)+IF(CD4=$G4,IF(CF4=$I4,2,0),0)) -> 0 | CH4: 2 | CI4: - | CJ4: 2 | CK4: =IF(ISBLANK($G4)=TRUE,"",IF(SIGN(CH4-CJ4)=SIGN($G4-$I4),1,0)+IF(CH4=$G4,IF(CJ4=$I4,2,0),0)) -> 0 | CL4: 1 | CM4: - | CN4: 1 | CO4: =IF(ISBLANK($G4)=TRUE,"",IF(SIGN(CL4-CN4)=SIGN($G4-$I4),1,0)+IF(CL4=$G4,IF(CN4=$I4,2,0),0)) -> 0 | CP4: 1 | CQ4: - | CR4: 2 | CS4: =IF(ISBLANK($G4)=TRUE,"",IF(SIGN(CP4-CR4)=SIGN($G4-$I4),1,0)+IF(CP4=$G4,IF(CR4=$I4,2,0),0)) -> 0 | CT4: 2 | CU4: - | CV4: 1 | CW4: =IF(ISBLANK($G4)=TRUE,"",IF(SIGN(CT4-CV4)=SIGN($G4-$I4),1,0)+IF(CT4=$G4,IF(CV4=$I4,2,0),0)) -> 3 | CX4: 1 | CY4: - | CZ4: 1 | DA4: =IF(ISBLANK($G4)=TRUE,"",IF(SIGN(CX4-CZ4)=SIGN($G4-$I4),1,0)+IF(CX4=$G4,IF(CZ4=$I4,2,0),0)) -> 0 | DB4: 3 | DC4: - | DD4: 1 | DE4: =IF(ISBLANK($G4)=TRUE,"",IF(SIGN(DB4-DD4)=SIGN($G4-$I4),1,0)+IF(DB4=$G4,IF(DD4=$I4,2,0),0)) -> 1 | DF4: 0 | DG4: - | DH4: 2 | DI4: =IF(ISBLANK($G4)=TRUE,"",IF(SIGN(DF4-DH4)=SIGN($G4-$I4),1,0)+IF(DF4=$G4,IF(DH4=$I4,2,0),0)) -> 0
B5: 46191 | C5: 18:00 | D5: Tsjekkia | E5: - | F5: Sør-Afrika | H5: - | J5: 2 | K5: - | L5: 1 | M5: =IF(ISBLANK($G5)=TRUE,"",IF(SIGN(J5-L5)=SIGN($G5-$I5),1,0)+IF(J5=$G5,IF(L5=$I5,2,0),0)) | N5: 1 | O5: - | P5: 0 | Q5: =IF(ISBLANK($G5)=TRUE,"",IF(SIGN(N5-P5)=SIGN($G5-$I5),1,0)+IF(N5=$G5,IF(P5=$I5,2,0),0)) | R5: 1 | S5: - | T5: 0 | U5: =IF(ISBLANK($G5)=TRUE,"",IF(SIGN(R5-T5)=SIGN($G5-$I5),1,0)+IF(R5=$G5,IF(T5=$I5,2,0),0)) | V5: 2 | W5: - | X5: 0 | Y5: =IF(ISBLANK($G5)=TRUE,"",IF(SIGN(V5-X5)=SIGN($G5-$I5),1,0)+IF(V5=$G5,IF(X5=$I5,2,0),0)) | Z5: 2 | AA5: - | AB5: 0 | AC5: =IF(ISBLANK($G5)=TRUE,"",IF(SIGN(Z5-AB5)=SIGN($G5-$I5),1,0)+IF(Z5=$G5,IF(AB5=$I5,2,0),0)) | AD5: 1 | AE5: - | AF5: 1 | AG5: =IF(ISBLANK($G5)=TRUE,"",IF(SIGN(AD5-AF5)=SIGN($G5-$I5),1,0)+IF(AD5=$G5,IF(AF5=$I5,2,0),0)) | AH5: 1 | AI5: - | AJ5: 0 | AK5: =IF(ISBLANK($G5)=TRUE,"",IF(SIGN(AH5-AJ5)=SIGN($G5-$I5),1,0)+IF(AH5=$G5,IF(AJ5=$I5,2,0),0)) | AL5: 1 | AM5: - | AN5: 0 | AO5: =IF(ISBLANK($G5)=TRUE,"",IF(SIGN(AL5-AN5)=SIGN($G5-$I5),1,0)+IF(AL5=$G5,IF(AN5=$I5,2,0),0)) | AP5: 2 | AQ5: - | AR5: 1 | AS5: =IF(ISBLANK($G5)=TRUE,"",IF(SIGN(AP5-AR5)=SIGN($G5-$I5),1,0)+IF(AP5=$G5,IF(AR5=$I5,2,0),0)) | AT5: 2 | AU5: - | AV5: 1 | AW5: =IF(ISBLANK($G5)=TRUE,"",IF(SIGN(AT5-AV5)=SIGN($G5-$I5),1,0)+IF(AT5=$G5,IF(AV5=$I5,2,0),0)) | AX5: 2 | AY5: - | AZ5: 1 | BA5: =IF(ISBLANK($G5)=TRUE,"",IF(SIGN(AX5-AZ5)=SIGN($G5-$I5),1,0)+IF(AX5=$G5,IF(AZ5=$I5,2,0),0)) | BB5: 1 | BC5: - | BD5: 1 | BE5: =IF(ISBLANK($G5)=TRUE,"",IF(SIGN(BB5-BD5)=SIGN($G5-$I5),1,0)+IF(BB5=$G5,IF(BD5=$I5,2,0),0)) | BF5: 1 | BG5: - | BH5: 1 | BI5: =IF(ISBLANK($G5)=TRUE,"",IF(SIGN(BF5-BH5)=SIGN($G5-$I5),1,0)+IF(BF5=$G5,IF(BH5=$I5,2,0),0)) | BJ5: 2 | BK5: - | BL5: 1 | BM5: =IF(ISBLANK($G5)=TRUE,"",IF(SIGN(BJ5-BL5)=SIGN($G5-$I5),1,0)+IF(BJ5=$G5,IF(BL5=$I5,2,0),0)) | BN5: 2 | BO5: - | BP5: 0 | BQ5: =IF(ISBLANK($G5)=TRUE,"",IF(SIGN(BN5-BP5)=SIGN($G5-$I5),1,0)+IF(BN5=$G5,IF(BP5=$I5,2,0),0)) | BR5: 1 | BS5: - | BT5: 1 | BU5: =IF(ISBLANK($G5)=TRUE,"",IF(SIGN(BR5-BT5)=SIGN($G5-$I5),1,0)+IF(BR5=$G5,IF(BT5=$I5,2,0),0)) | BV5: 3 | BW5: - | BX5: 1 | BY5: =IF(ISBLANK($G5)=TRUE,"",IF(SIGN(BV5-BX5)=SIGN($G5-$I5),1,0)+IF(BV5=$G5,IF(BX5=$I5,2,0),0)) | BZ5: 2 | CA5: - | CB5: 1 | CC5: =IF(ISBLANK($G5)=TRUE,"",IF(SIGN(BZ5-CB5)=SIGN($G5-$I5),1,0)+IF(BZ5=$G5,IF(CB5=$I5,2,0),0)) | CD5: 2 | CE5: - | CF5: 0 | CG5: =IF(ISBLANK($G5)=TRUE,"",IF(SIGN(CD5-CF5)=SIGN($G5-$I5),1,0)+IF(CD5=$G5,IF(CF5=$I5,2,0),0)) | CH5: 2 | CI5: - | CJ5: 0 | CK5: =IF(ISBLANK($G5)=TRUE,"",IF(SIGN(CH5-CJ5)=SIGN($G5-$I5),1,0)+IF(CH5=$G5,IF(CJ5=$I5,2,0),0)) | CL5: 2 | CM5: - | CN5: 0 | CO5: =IF(ISBLANK($G5)=TRUE,"",IF(SIGN(CL5-CN5)=SIGN($G5-$I5),1,0)+IF(CL5=$G5,IF(CN5=$I5,2,0),0)) | CP5: 2 | CQ5: - | CR5: 0 | CS5: =IF(ISBLANK($G5)=TRUE,"",IF(SIGN(CP5-CR5)=SIGN($G5-$I5),1,0)+IF(CP5=$G5,IF(CR5=$I5,2,0),0)) | CT5: 2 | CU5: - | CV5: 0 | CW5: =IF(ISBLANK($G5)=TRUE,"",IF(SIGN(CT5-CV5)=SIGN($G5-$I5),1,0)+IF(CT5=$G5,IF(CV5=$I5,2,0),0)) | CX5: 1 | CY5: - | CZ5: 0 | DA5: =IF(ISBLANK($G5)=TRUE,"",IF(SIGN(CX5-CZ5)=SIGN($G5-$I5),1,0)+IF(CX5=$G5,IF(CZ5=$I5,2,0),0)) | DB5: 2 | DC5: - | DD5: 1 | DE5: =IF(ISBLANK($G5)=TRUE,"",IF(SIGN(DB5-DD5)=SIGN($G5-$I5),1,0)+IF(DB5=$G5,IF(DD5=$I5,2,0),0)) | DF5: 1 | DG5: - | DH5: 1 | DI5: =IF(ISBLANK($G5)=TRUE,"",IF(SIGN(DF5-DH5)=SIGN($G5-$I5),1,0)+IF(DF5=$G5,IF(DH5=$I5,2,0),0))
B6: 46192 | C6: 03:00 | D6: Mexico | E6: - | F6: Sør-Korea | H6: - | J6: 1 | K6: - | L6: 1 | M6: =IF(ISBLANK($G6)=TRUE,"",IF(SIGN(J6-L6)=SIGN($G6-$I6),1,0)+IF(J6=$G6,IF(L6=$I6,2,0),0)) | N6: 2 | O6: - | P6: 1 | Q6: =IF(ISBLANK($G6)=TRUE,"",IF(SIGN(N6-P6)=SIGN($G6-$I6),1,0)+IF(N6=$G6,IF(P6=$I6,2,0),0)) | R6: 2 | S6: - | T6: 0 | U6: =IF(ISBLANK($G6)=TRUE,"",IF(SIGN(R6-T6)=SIGN($G6-$I6),1,0)+IF(R6=$G6,IF(T6=$I6,2,0),0)) | V6: 2 | W6: - | X6: 1 | Y6: =IF(ISBLANK($G6)=TRUE,"",IF(SIGN(V6-X6)=SIGN($G6-$I6),1,0)+IF(V6=$G6,IF(X6=$I6,2,0),0)) | Z6: 1 | AA6: - | AB6: 1 | AC6: =IF(ISBLANK($G6)=TRUE,"",IF(SIGN(Z6-AB6)=SIGN($G6-$I6),1,0)+IF(Z6=$G6,IF(AB6=$I6,2,0),0)) | AD6: 2 | AE6: - | AF6: 1 | AG6: =IF(ISBLANK($G6)=TRUE,"",IF(SIGN(AD6-AF6)=SIGN($G6-$I6),1,0)+IF(AD6=$G6,IF(AF6=$I6,2,0),0)) | AH6: 1 | AI6: - | AJ6: 0 | AK6: =IF(ISBLANK($G6)=TRUE,"",IF(SIGN(AH6-AJ6)=SIGN($G6-$I6),1,0)+IF(AH6=$G6,IF(AJ6=$I6,2,0),0)) | AL6: 1 | AM6: - | AN6: 0 | AO6: =IF(ISBLANK($G6)=TRUE,"",IF(SIGN(AL6-AN6)=SIGN($G6-$I6),1,0)+IF(AL6=$G6,IF(AN6=$I6,2,0),0)) | AP6: 1 | AQ6: - | AR6: 1 | AS6: =IF(ISBLANK($G6)=TRUE,"",IF(SIGN(AP6-AR6)=SIGN($G6-$I6),1,0)+IF(AP6=$G6,IF(AR6=$I6,2,0),0)) | AT6: 3 | AU6: - | AV6: 1 | AW6: =IF(ISBLANK($G6)=TRUE,"",IF(SIGN(AT6-AV6)=SIGN($G6-$I6),1,0)+IF(AT6=$G6,IF(AV6=$I6,2,0),0)) | AX6: 1 | AY6: - | AZ6: 0 | BA6: =IF(ISBLANK($G6)=TRUE,"",IF(SIGN(AX6-AZ6)=SIGN($G6-$I6),1,0)+IF(AX6=$G6,IF(AZ6=$I6,2,0),0)) | BB6: 1 | BC6: - | BD6: 1 | BE6: =IF(ISBLANK($G6)=TRUE,"",IF(SIGN(BB6-BD6)=SIGN($G6-$I6),1,0)+IF(BB6=$G6,IF(BD6=$I6,2,0),0)) | BF6: 1 | BG6: - | BH6: 0 | BI6: =IF(ISBLANK($G6)=TRUE,"",IF(SIGN(BF6-BH6)=SIGN($G6-$I6),1,0)+IF(BF6=$G6,IF(BH6=$I6,2,0),0)) | BJ6: 1 | BK6: - | BL6: 0 | BM6: =IF(ISBLANK($G6)=TRUE,"",IF(SIGN(BJ6-BL6)=SIGN($G6-$I6),1,0)+IF(BJ6=$G6,IF(BL6=$I6,2,0),0)) | BN6: 1 | BO6: - | BP6: 0 | BQ6: =IF(ISBLANK($G6)=TRUE,"",IF(SIGN(BN6-BP6)=SIGN($G6-$I6),1,0)+IF(BN6=$G6,IF(BP6=$I6,2,0),0)) | BR6: 2 | BS6: - | BT6: 1 | BU6: =IF(ISBLANK($G6)=TRUE,"",IF(SIGN(BR6-BT6)=SIGN($G6-$I6),1,0)+IF(BR6=$G6,IF(BT6=$I6,2,0),0)) | BV6: 1 | BW6: - | BX6: 1 | BY6: =IF(ISBLANK($G6)=TRUE,"",IF(SIGN(BV6-BX6)=SIGN($G6-$I6),1,0)+IF(BV6=$G6,IF(BX6=$I6,2,0),0)) | BZ6: 1 | CA6: - | CB6: 1 | CC6: =IF(ISBLANK($G6)=TRUE,"",IF(SIGN(BZ6-CB6)=SIGN($G6-$I6),1,0)+IF(BZ6=$G6,IF(CB6=$I6,2,0),0)) | CD6: 2 | CE6: - | CF6: 1 | CG6: =IF(ISBLANK($G6)=TRUE,"",IF(SIGN(CD6-CF6)=SIGN($G6-$I6),1,0)+IF(CD6=$G6,IF(CF6=$I6,2,0),0)) | CH6: 2 | CI6: - | CJ6: 1 | CK6: =IF(ISBLANK($G6)=TRUE,"",IF(SIGN(CH6-CJ6)=SIGN($G6-$I6),1,0)+IF(CH6=$G6,IF(CJ6=$I6,2,0),0)) | CL6: 3 | CM6: - | CN6: 1 | CO6: =IF(ISBLANK($G6)=TRUE,"",IF(SIGN(CL6-CN6)=SIGN($G6-$I6),1,0)+IF(CL6=$G6,IF(CN6=$I6,2,0),0)) | CP6: 1 | CQ6: - | CR6: 0 | CS6: =IF(ISBLANK($G6)=TRUE,"",IF(SIGN(CP6-CR6)=SIGN($G6-$I6),1,0)+IF(CP6=$G6,IF(CR6=$I6,2,0),0)) | CT6: 2 | CU6: - | CV6: 1 | CW6: =IF(ISBLANK($G6)=TRUE,"",IF(SIGN(CT6-CV6)=SIGN($G6-$I6),1,0)+IF(CT6=$G6,IF(CV6=$I6,2,0),0)) | CX6: 1 | CY6: - | CZ6: 2 | DA6: =IF(ISBLANK($G6)=TRUE,"",IF(SIGN(CX6-CZ6)=SIGN($G6-$I6),1,0)+IF(CX6=$G6,IF(CZ6=$I6,2,0),0)) | DB6: 3 | DC6: - | DD6: 2 | DE6: =IF(ISBLANK($G6)=TRUE,"",IF(SIGN(DB6-DD6)=SIGN($G6-$I6),1,0)+IF(DB6=$G6,IF(DD6=$I6,2,0),0)) | DF6: 2 | DG6: - | DH6: 0 | DI6: =IF(ISBLANK($G6)=TRUE,"",IF(SIGN(DF6-DH6)=SIGN($G6-$I6),1,0)+IF(DF6=$G6,IF(DH6=$I6,2,0),0))
B7: 46198 | C7: 03:00 | D7: Tsjekkia | E7: - | F7: Mexico | H7: - | J7: 1 | K7: - | L7: 2 | M7: =IF(ISBLANK($G7)=TRUE,"",IF(SIGN(J7-L7)=SIGN($G7-$I7),1,0)+IF(J7=$G7,IF(L7=$I7,2,0),0)) | N7: 0 | O7: - | P7: 1 | Q7: =IF(ISBLANK($G7)=TRUE,"",IF(SIGN(N7-P7)=SIGN($G7-$I7),1,0)+IF(N7=$G7,IF(P7=$I7,2,0),0)) | R7: 1 | S7: - | T7: 1 | U7: =IF(ISBLANK($G7)=TRUE,"",IF(SIGN(R7-T7)=SIGN($G7-$I7),1,0)+IF(R7=$G7,IF(T7=$I7,2,0),0)) | V7: 0 | W7: - | X7: 2 | Y7: =IF(ISBLANK($G7)=TRUE,"",IF(SIGN(V7-X7)=SIGN($G7-$I7),1,0)+IF(V7=$G7,IF(X7=$I7,2,0),0)) | Z7: 1 | AA7: - | AB7: 1 | AC7: =IF(ISBLANK($G7)=TRUE,"",IF(SIGN(Z7-AB7)=SIGN($G7-$I7),1,0)+IF(Z7=$G7,IF(AB7=$I7,2,0),0)) | AD7: 0 | AE7: - | AF7: 2 | AG7: =IF(ISBLANK($G7)=TRUE,"",IF(SIGN(AD7-AF7)=SIGN($G7-$I7),1,0)+IF(AD7=$G7,IF(AF7=$I7,2,0),0)) | AH7: 1 | AI7: - | AJ7: 1 | AK7: =IF(ISBLANK($G7)=TRUE,"",IF(SIGN(AH7-AJ7)=SIGN($G7-$I7),1,0)+IF(AH7=$G7,IF(AJ7=$I7,2,0),0)) | AL7: 1 | AM7: - | AN7: 0 | AO7: =IF(ISBLANK($G7)=TRUE,"",IF(SIGN(AL7-AN7)=SIGN($G7-$I7),1,0)+IF(AL7=$G7,IF(AN7=$I7,2,0),0)) | AP7: 1 | AQ7: - | AR7: 0 | AS7: =IF(ISBLANK($G7)=TRUE,"",IF(SIGN(AP7-AR7)=SIGN($G7-$I7),1,0)+IF(AP7=$G7,IF(AR7=$I7,2,0),0)) | AT7: 1 | AU7: - | AV7: 2 | AW7: =IF(ISBLANK($G7)=TRUE,"",IF(SIGN(AT7-AV7)=SIGN($G7-$I7),1,0)+IF(AT7=$G7,IF(AV7=$I7,2,0),0)) | AX7: 1 | AY7: - | AZ7: 1 | BA7: =IF(ISBLANK($G7)=TRUE,"",IF(SIGN(AX7-AZ7)=SIGN($G7-$I7),1,0)+IF(AX7=$G7,IF(AZ7=$I7,2,0),0)) | BB7: 1 | BC7: - | BD7: 1 | BE7: =IF(ISBLANK($G7)=TRUE,"",IF(SIGN(BB7-BD7)=SIGN($G7-$I7),1,0)+IF(BB7=$G7,IF(BD7=$I7,2,0),0)) | BF7: 0 | BG7: - | BH7: 2 | BI7: =IF(ISBLANK($G7)=TRUE,"",IF(SIGN(BF7-BH7)=SIGN($G7-$I7),1,0)+IF(BF7=$G7,IF(BH7=$I7,2,0),0)) | BJ7: 0 | BK7: - | BL7: 1 | BM7: =IF(ISBLANK($G7)=TRUE,"",IF(SIGN(BJ7-BL7)=SIGN($G7-$I7),1,0)+IF(BJ7=$G7,IF(BL7=$I7,2,0),0)) | BN7: 1 | BO7: - | BP7: 2 | BQ7: =IF(ISBLANK($G7)=TRUE,"",IF(SIGN(BN7-BP7)=SIGN($G7-$I7),1,0)+IF(BN7=$G7,IF(BP7=$I7,2,0),0)) | BR7: 0 | BS7: - | BT7: 3 | BU7: =IF(ISBLANK($G7)=TRUE,"",IF(SIGN(BR7-BT7)=SIGN($G7-$I7),1,0)+IF(BR7=$G7,IF(BT7=$I7,2,0),0)) | BV7: 0 | BW7: - | BX7: 1 | BY7: =IF(ISBLANK($G7)=TRUE,"",IF(SIGN(BV7-BX7)=SIGN($G7-$I7),1,0)+IF(BV7=$G7,IF(BX7=$I7,2,0),0)) | BZ7: 3 | CA7: - | CB7: 2 | CC7: =IF(ISBLANK($G7)=TRUE,"",IF(SIGN(BZ7-CB7)=SIGN($G7-$I7),1,0)+IF(BZ7=$G7,IF(CB7=$I7,2,0),0)) | CD7: 0 | CE7: - | CF7: 1 | CG7: =IF(ISBLANK($G7)=TRUE,"",IF(SIGN(CD7-CF7)=SIGN($G7-$I7),1,0)+IF(CD7=$G7,IF(CF7=$I7,2,0),0)) | CH7: 1 | CI7: - | CJ7: 1 | CK7: =IF(ISBLANK($G7)=TRUE,"",IF(SIGN(CH7-CJ7)=SIGN($G7-$I7),1,0)+IF(CH7=$G7,IF(CJ7=$I7,2,0),0)) | CL7: 1 | CM7: - | CN7: 2 | CO7: =IF(ISBLANK($G7)=TRUE,"",IF(SIGN(CL7-CN7)=SIGN($G7-$I7),1,0)+IF(CL7=$G7,IF(CN7=$I7,2,0),0)) | CP7: 1 | CQ7: - | CR7: 1 | CS7: =IF(ISBLANK($G7)=TRUE,"",IF(SIGN(CP7-CR7)=SIGN($G7-$I7),1,0)+IF(CP7=$G7,IF(CR7=$I7,2,0),0)) | CT7: 1 | CU7: - | CV7: 1 | CW7: =IF(ISBLANK($G7)=TRUE,"",IF(SIGN(CT7-CV7)=SIGN($G7-$I7),1,0)+IF(CT7=$G7,IF(CV7=$I7,2,0),0)) | CX7: 1 | CY7: - | CZ7: 2 | DA7: =IF(ISBLANK($G7)=TRUE,"",IF(SIGN(CX7-CZ7)=SIGN($G7-$I7),1,0)+IF(CX7=$G7,IF(CZ7=$I7,2,0),0)) | DB7: 2 | DC7: - | DD7: 2 | DE7: =IF(ISBLANK($G7)=TRUE,"",IF(SIGN(DB7-DD7)=SIGN($G7-$I7),1,0)+IF(DB7=$G7,IF(DD7=$I7,2,0),0)) | DF7: 1 | DG7: - | DH7: 1 | DI7: =IF(ISBLANK($G7)=TRUE,"",IF(SIGN(DF7-DH7)=SIGN($G7-$I7),1,0)+IF(DF7=$G7,IF(DH7=$I7,2,0),0))
B8: 46198 | C8: 03:00 | D8: Sør-Afrika | E8: - | F8: Sør-Korea | H8: - | J8: 1 | K8: - | L8: 2 | M8: =IF(ISBLANK($G8)=TRUE,"",IF(SIGN(J8-L8)=SIGN($G8-$I8),1,0)+IF(J8=$G8,IF(L8=$I8,2,0),0)) | N8: 0 | O8: - | P8: 1 | Q8: =IF(ISBLANK($G8)=TRUE,"",IF(SIGN(N8-P8)=SIGN($G8-$I8),1,0)+IF(N8=$G8,IF(P8=$I8,2,0),0)) | R8: 1 | S8: - | T8: 2 | U8: =IF(ISBLANK($G8)=TRUE,"",IF(SIGN(R8-T8)=SIGN($G8-$I8),1,0)+IF(R8=$G8,IF(T8=$I8,2,0),0)) | V8: 0 | W8: - | X8: 0 | Y8: =IF(ISBLANK($G8)=TRUE,"",IF(SIGN(V8-X8)=SIGN($G8-$I8),1,0)+IF(V8=$G8,IF(X8=$I8,2,0),0)) | Z8: 0 | AA8: - | AB8: 1 | AC8: =IF(ISBLANK($G8)=TRUE,"",IF(SIGN(Z8-AB8)=SIGN($G8-$I8),1,0)+IF(Z8=$G8,IF(AB8=$I8,2,0),0)) | AD8: 1 | AE8: - | AF8: 2 | AG8: =IF(ISBLANK($G8)=TRUE,"",IF(SIGN(AD8-AF8)=SIGN($G8-$I8),1,0)+IF(AD8=$G8,IF(AF8=$I8,2,0),0)) | AH8: 1 | AI8: - | AJ8: 1 | AK8: =IF(ISBLANK($G8)=TRUE,"",IF(SIGN(AH8-AJ8)=SIGN($G8-$I8),1,0)+IF(AH8=$G8,IF(AJ8=$I8,2,0),0)) | AL8: 0 | AM8: - | AN8: 0 | AO8: =IF(ISBLANK($G8)=TRUE,"",IF(SIGN(AL8-AN8)=SIGN($G8-$I8),1,0)+IF(AL8=$G8,IF(AN8=$I8,2,0),0)) | AP8: 1 | AQ8: - | AR8: 2 | AS8: =IF(ISBLANK($G8)=TRUE,"",IF(SIGN(AP8-AR8)=SIGN($G8-$I8),1,0)+IF(AP8=$G8,IF(AR8=$I8,2,0),0)) | AT8: 0 | AU8: - | AV8: 0 | AW8: =IF(ISBLANK($G8)=TRUE,"",IF(SIGN(AT8-AV8)=SIGN($G8-$I8),1,0)+IF(AT8=$G8,IF(AV8=$I8,2,0),0)) | AX8: 2 | AY8: - | AZ8: 2 | BA8: =IF(ISBLANK($G8)=TRUE,"",IF(SIGN(AX8-AZ8)=SIGN($G8-$I8),1,0)+IF(AX8=$G8,IF(AZ8=$I8,2,0),0)) | BB8: 1 | BC8: - | BD8: 2 | BE8: =IF(ISBLANK($G8)=TRUE,"",IF(SIGN(BB8-BD8)=SIGN($G8-$I8),1,0)+IF(BB8=$G8,IF(BD8=$I8,2,0),0)) | BF8: 1 | BG8: - | BH8: 2 | BI8: =IF(ISBLANK($G8)=TRUE,"",IF(SIGN(BF8-BH8)=SIGN($G8-$I8),1,0)+IF(BF8=$G8,IF(BH8=$I8,2,0),0)) | BJ8: 1 | BK8: - | BL8: 2 | BM8: =IF(ISBLANK($G8)=TRUE,"",IF(SIGN(BJ8-BL8)=SIGN($G8-$I8),1,0)+IF(BJ8=$G8,IF(BL8=$I8,2,0),0)) | BN8: 1 | BO8: - | BP8: 2 | BQ8: =IF(ISBLANK($G8)=TRUE,"",IF(SIGN(BN8-BP8)=SIGN($G8-$I8),1,0)+IF(BN8=$G8,IF(BP8=$I8,2,0),0)) | BR8: 1 | BS8: - | BT8: 2 | BU8: =IF(ISBLANK($G8)=TRUE,"",IF(SIGN(BR8-BT8)=SIGN($G8-$I8),1,0)+IF(BR8=$G8,IF(BT8=$I8,2,0),0)) | BV8: 1 | BW8: - | BX8: 1 | BY8: =IF(ISBLANK($G8)=TRUE,"",IF(SIGN(BV8-BX8)=SIGN($G8-$I8),1,0)+IF(BV8=$G8,IF(BX8=$I8,2,0),0)) | BZ8: 0 | CA8: - | CB8: 1 | CC8: =IF(ISBLANK($G8)=TRUE,"",IF(SIGN(BZ8-CB8)=SIGN($G8-$I8),1,0)+IF(BZ8=$G8,IF(CB8=$I8,2,0),0)) | CD8: 0 | CE8: - | CF8: 2 | CG8: =IF(ISBLANK($G8)=TRUE,"",IF(SIGN(CD8-CF8)=SIGN($G8-$I8),1,0)+IF(CD8=$G8,IF(CF8=$I8,2,0),0)) | CH8: 0 | CI8: - | CJ8: 2 | CK8: =IF(ISBLANK($G8)=TRUE,"",IF(SIGN(CH8-CJ8)=SIGN($G8-$I8),1,0)+IF(CH8=$G8,IF(CJ8=$I8,2,0),0)) | CL8: 1 | CM8: - | CN8: 2 | CO8: =IF(ISBLANK($G8)=TRUE,"",IF(SIGN(CL8-CN8)=SIGN($G8-$I8),1,0)+IF(CL8=$G8,IF(CN8=$I8,2,0),0)) | CP8: 2 | CQ8: - | CR8: 3 | CS8: =IF(ISBLANK($G8)=TRUE,"",IF(SIGN(CP8-CR8)=SIGN($G8-$I8),1,0)+IF(CP8=$G8,IF(CR8=$I8,2,0),0)) | CT8: 1 | CU8: - | CV8: 3 | CW8: =IF(ISBLANK($G8)=TRUE,"",IF(SIGN(CT8-CV8)=SIGN($G8-$I8),1,0)+IF(CT8=$G8,IF(CV8=$I8,2,0),0)) | CX8: 0 | CY8: - | CZ8: 2 | DA8: =IF(ISBLANK($G8)=TRUE,"",IF(SIGN(CX8-CZ8)=SIGN($G8-$I8),1,0)+IF(CX8=$G8,IF(CZ8=$I8,2,0),0)) | DB8: 4 | DC8: - | DD8: 0 | DE8: =IF(ISBLANK($G8)=TRUE,"",IF(SIGN(DB8-DD8)=SIGN($G8-$I8),1,0)+IF(DB8=$G8,IF(DD8=$I8,2,0),0)) | DF8: 3 | DG8: - | DH8: 1 | DI8: =IF(ISBLANK($G8)=TRUE,"",IF(SIGN(DF8-DH8)=SIGN($G8-$I8),1,0)+IF(DF8=$G8,IF(DH8=$I8,2,0),0))
B9: Dato | C9: Kl. | D9: Gruppe B | G9: Resultat
B10: 46185 | C10: 21:00 | D10: Canada | E10: - | F10: Bosnia-Hercegovina | G10: 1 | H10: - | I10: 1 | J10: 1 | K10: - | L10: 1 | M10: =IF(ISBLANK($I10)=TRUE,"",IF(SIGN(J10-L10)=SIGN($G10-$I10),1,0)+IF(J10=$G10,IF(L10=$I10,2,0),0)) -> 3 | N10: 1 | O10: - | P10: 1 | Q10: =IF(ISBLANK($I10)=TRUE,"",IF(SIGN(N10-P10)=SIGN($G10-$I10),1,0)+IF(N10=$G10,IF(P10=$I10,2,0),0)) -> 3 | R10: 2 | S10: - | T10: 0 | U10: =IF(ISBLANK($I10)=TRUE,"",IF(SIGN(R10-T10)=SIGN($G10-$I10),1,0)+IF(R10=$G10,IF(T10=$I10,2,0),0)) -> 0 | V10: 2 | W10: - | X10: 1 | Y10: =IF(ISBLANK($I10)=TRUE,"",IF(SIGN(V10-X10)=SIGN($G10-$I10),1,0)+IF(V10=$G10,IF(X10=$I10,2,0),0)) -> 0 | Z10: 1 | AA10: - | AB10: 0 | AC10: =IF(ISBLANK($I10)=TRUE,"",IF(SIGN(Z10-AB10)=SIGN($G10-$I10),1,0)+IF(Z10=$G10,IF(AB10=$I10,2,0),0)) -> 0 | AD10: 2 | AE10: - | AF10: 0 | AG10: =IF(ISBLANK($I10)=TRUE,"",IF(SIGN(AD10-AF10)=SIGN($G10-$I10),1,0)+IF(AD10=$G10,IF(AF10=$I10,2,0),0)) -> 0 | AH10: 0 | AI10: - | AJ10: 1 | AK10: =IF(ISBLANK($I10)=TRUE,"",IF(SIGN(AH10-AJ10)=SIGN($G10-$I10),1,0)+IF(AH10=$G10,IF(AJ10=$I10,2,0),0)) -> 0 | AL10: 1 | AM10: - | AN10: 0 | AO10: =IF(ISBLANK($I10)=TRUE,"",IF(SIGN(AL10-AN10)=SIGN($G10-$I10),1,0)+IF(AL10=$G10,IF(AN10=$I10,2,0),0)) -> 0 | AP10: 0 | AQ10: - | AR10: 1 | AS10: =IF(ISBLANK($I10)=TRUE,"",IF(SIGN(AP10-AR10)=SIGN($G10-$I10),1,0)+IF(AP10=$G10,IF(AR10=$I10,2,0),0)) -> 0 | AT10: 1 | AU10: - | AV10: 0 | AW10: =IF(ISBLANK($I10)=TRUE,"",IF(SIGN(AT10-AV10)=SIGN($G10-$I10),1,0)+IF(AT10=$G10,IF(AV10=$I10,2,0),0)) -> 0 | AX10: 2 | AY10: - | AZ10: 1 | BA10: =IF(ISBLANK($I10)=TRUE,"",IF(SIGN(AX10-AZ10)=SIGN($G10-$I10),1,0)+IF(AX10=$G10,IF(AZ10=$I10,2,0),0)) -> 0 | BB10: 1 | BC10: - | BD10: 1 | BE10: =IF(ISBLANK($I10)=TRUE,"",IF(SIGN(BB10-BD10)=SIGN($G10-$I10),1,0)+IF(BB10=$G10,IF(BD10=$I10,2,0),0)) -> 3 | BF10: 0 | BG10: - | BH10: 1 | BI10: =IF(ISBLANK($I10)=TRUE,"",IF(SIGN(BF10-BH10)=SIGN($G10-$I10),1,0)+IF(BF10=$G10,IF(BH10=$I10,2,0),0)) -> 0 | BJ10: 0 | BK10: - | BL10: 1 | BM10: =IF(ISBLANK($I10)=TRUE,"",IF(SIGN(BJ10-BL10)=SIGN($G10-$I10),1,0)+IF(BJ10=$G10,IF(BL10=$I10,2,0),0)) -> 0 | BN10: 2 | BO10: - | BP10: 1 | BQ10: =IF(ISBLANK($I10)=TRUE,"",IF(SIGN(BN10-BP10)=SIGN($G10-$I10),1,0)+IF(BN10=$G10,IF(BP10=$I10,2,0),0)) -> 0 | BR10: 1 | BS10: - | BT10: 1 | BU10: =IF(ISBLANK($I10)=TRUE,"",IF(SIGN(BR10-BT10)=SIGN($G10-$I10),1,0)+IF(BR10=$G10,IF(BT10=$I10,2,0),0)) -> 3 | BV10: 2 | BW10: - | BX10: 0 | BY10: =IF(ISBLANK($I10)=TRUE,"",IF(SIGN(BV10-BX10)=SIGN($G10-$I10),1,0)+IF(BV10=$G10,IF(BX10=$I10,2,0),0)) -> 0 | BZ10: 2 | CA10: - | CB10: 0 | CC10: =IF(ISBLANK($I10)=TRUE,"",IF(SIGN(BZ10-CB10)=SIGN($G10-$I10),1,0)+IF(BZ10=$G10,IF(CB10=$I10,2,0),0)) -> 0 | CD10: 1 | CE10: - | CF10: 0 | CG10: =IF(ISBLANK($I10)=TRUE,"",IF(SIGN(CD10-CF10)=SIGN($G10-$I10),1,0)+IF(CD10=$G10,IF(CF10=$I10,2,0),0)) -> 0 | CH10: 2 | CI10: - | CJ10: 1 | CK10: =IF(ISBLANK($I10)=TRUE,"",IF(SIGN(CH10-CJ10)=SIGN($G10-$I10),1,0)+IF(CH10=$G10,IF(CJ10=$I10,2,0),0)) -> 0 | CL10: 2 | CM10: - | CN10: 1 | CO10: =IF(ISBLANK($I10)=TRUE,"",IF(SIGN(CL10-CN10)=SIGN($G10-$I10),1,0)+IF(CL10=$G10,IF(CN10=$I10,2,0),0)) -> 0 | CP10: 3 | CQ10: - | CR10: 2 | CS10: =IF(ISBLANK($I10)=TRUE,"",IF(SIGN(CP10-CR10)=SIGN($G10-$I10),1,0)+IF(CP10=$G10,IF(CR10=$I10,2,0),0)) -> 0 | CT10: 1 | CU10: - | CV10: 1 | CW10: =IF(ISBLANK($I10)=TRUE,"",IF(SIGN(CT10-CV10)=SIGN($G10-$I10),1,0)+IF(CT10=$G10,IF(CV10=$I10,2,0),0)) -> 3 | CX10: 0 | CY10: - | CZ10: 2 | DA10: =IF(ISBLANK($I10)=TRUE,"",IF(SIGN(CX10-CZ10)=SIGN($G10-$I10),1,0)+IF(CX10=$G10,IF(CZ10=$I10,2,0),0)) -> 0 | DB10: 2 | DC10: - | DD10: 3 | DE10: =IF(ISBLANK($I10)=TRUE,"",IF(SIGN(DB10-DD10)=SIGN($G10-$I10),1,0)+IF(DB10=$G10,IF(DD10=$I10,2,0),0)) -> 0 | DF10: 2 | DG10: - | DH10: 1 | DI10: =IF(ISBLANK($I10)=TRUE,"",IF(SIGN(DF10-DH10)=SIGN($G10-$I10),1,0)+IF(DF10=$G10,IF(DH10=$I10,2,0),0)) -> 0
B11: 46186 | C11: 21:00 | D11: Qatar | E11: - | F11: Sveits | H11: - | J11: 0 | K11: - | L11: 2 | M11: =IF(ISBLANK($G11)=TRUE,"",IF(SIGN(J11-L11)=SIGN($G11-$I11),1,0)+IF(J11=$G11,IF(L11=$I11,2,0),0)) | N11: 0 | O11: - | P11: 1 | Q11: =IF(ISBLANK($G11)=TRUE,"",IF(SIGN(N11-P11)=SIGN($G11-$I11),1,0)+IF(N11=$G11,IF(P11=$I11,2,0),0)) | R11: 0 | S11: - | T11: 2 | U11: =IF(ISBLANK($G11)=TRUE,"",IF(SIGN(R11-T11)=SIGN($G11-$I11),1,0)+IF(R11=$G11,IF(T11=$I11,2,0),0)) | V11: 0 | W11: - | X11: 2 | Y11: =IF(ISBLANK($G11)=TRUE,"",IF(SIGN(V11-X11)=SIGN($G11-$I11),1,0)+IF(V11=$G11,IF(X11=$I11,2,0),0)) | Z11: 0 | AA11: - | AB11: 2 | AC11: =IF(ISBLANK($G11)=TRUE,"",IF(SIGN(Z11-AB11)=SIGN($G11-$I11),1,0)+IF(Z11=$G11,IF(AB11=$I11,2,0),0)) | AD11: 1 | AE11: - | AF11: 3 | AG11: =IF(ISBLANK($G11)=TRUE,"",IF(SIGN(AD11-AF11)=SIGN($G11-$I11),1,0)+IF(AD11=$G11,IF(AF11=$I11,2,0),0)) | AH11: 0 | AI11: - | AJ11: 2 | AK11: =IF(ISBLANK($G11)=TRUE,"",IF(SIGN(AH11-AJ11)=SIGN($G11-$I11),1,0)+IF(AH11=$G11,IF(AJ11=$I11,2,0),0)) | AL11: 0 | AM11: - | AN11: 2 | AO11: =IF(ISBLANK($G11)=TRUE,"",IF(SIGN(AL11-AN11)=SIGN($G11-$I11),1,0)+IF(AL11=$G11,IF(AN11=$I11,2,0),0)) | AP11: 1 | AQ11: - | AR11: 3 | AS11: =IF(ISBLANK($G11)=TRUE,"",IF(SIGN(AP11-AR11)=SIGN($G11-$I11),1,0)+IF(AP11=$G11,IF(AR11=$I11,2,0),0)) | AT11: 1 | AU11: - | AV11: 2 | AW11: =IF(ISBLANK($G11)=TRUE,"",IF(SIGN(AT11-AV11)=SIGN($G11-$I11),1,0)+IF(AT11=$G11,IF(AV11=$I11,2,0),0)) | AX11: 1 | AY11: - | AZ11: 3 | BA11: =IF(ISBLANK($G11)=TRUE,"",IF(SIGN(AX11-AZ11)=SIGN($G11-$I11),1,0)+IF(AX11=$G11,IF(AZ11=$I11,2,0),0)) | BB11: 1 | BC11: - | BD11: 2 | BE11: =IF(ISBLANK($G11)=TRUE,"",IF(SIGN(BB11-BD11)=SIGN($G11-$I11),1,0)+IF(BB11=$G11,IF(BD11=$I11,2,0),0)) | BF11: 0 | BG11: - | BH11: 3 | BI11: =IF(ISBLANK($G11)=TRUE,"",IF(SIGN(BF11-BH11)=SIGN($G11-$I11),1,0)+IF(BF11=$G11,IF(BH11=$I11,2,0),0)) | BJ11: 0 | BK11: - | BL11: 3 | BM11: =IF(ISBLANK($G11)=TRUE,"",IF(SIGN(BJ11-BL11)=SIGN($G11-$I11),1,0)+IF(BJ11=$G11,IF(BL11=$I11,2,0),0)) | BN11: 0 | BO11: - | BP11: 2 | BQ11: =IF(ISBLANK($G11)=TRUE,"",IF(SIGN(BN11-BP11)=SIGN($G11-$I11),1,0)+IF(BN11=$G11,IF(BP11=$I11,2,0),0)) | BR11: 0 | BS11: - | BT11: 2 | BU11: =IF(ISBLANK($G11)=TRUE,"",IF(SIGN(BR11-BT11)=SIGN($G11-$I11),1,0)+IF(BR11=$G11,IF(BT11=$I11,2,0),0)) | BV11: 1 | BW11: - | BX11: 4 | BY11: =IF(ISBLANK($G11)=TRUE,"",IF(SIGN(BV11-BX11)=SIGN($G11-$I11),1,0)+IF(BV11=$G11,IF(BX11=$I11,2,0),0)) | BZ11: 1 | CA11: - | CB11: 2 | CC11: =IF(ISBLANK($G11)=TRUE,"",IF(SIGN(BZ11-CB11)=SIGN($G11-$I11),1,0)+IF(BZ11=$G11,IF(CB11=$I11,2,0),0)) | CD11: 0 | CE11: - | CF11: 2 | CG11: =IF(ISBLANK($G11)=TRUE,"",IF(SIGN(CD11-CF11)=SIGN($G11-$I11),1,0)+IF(CD11=$G11,IF(CF11=$I11,2,0),0)) | CH11: 0 | CI11: - | CJ11: 4 | CK11: =IF(ISBLANK($G11)=TRUE,"",IF(SIGN(CH11-CJ11)=SIGN($G11-$I11),1,0)+IF(CH11=$G11,IF(CJ11=$I11,2,0),0)) | CL11: 0 | CM11: - | CN11: 1 | CO11: =IF(ISBLANK($G11)=TRUE,"",IF(SIGN(CL11-CN11)=SIGN($G11-$I11),1,0)+IF(CL11=$G11,IF(CN11=$I11,2,0),0)) | CP11: 0 | CQ11: - | CR11: 3 | CS11: =IF(ISBLANK($G11)=TRUE,"",IF(SIGN(CP11-CR11)=SIGN($G11-$I11),1,0)+IF(CP11=$G11,IF(CR11=$I11,2,0),0)) | CT11: 0 | CU11: - | CV11: 2 | CW11: =IF(ISBLANK($G11)=TRUE,"",IF(SIGN(CT11-CV11)=SIGN($G11-$I11),1,0)+IF(CT11=$G11,IF(CV11=$I11,2,0),0)) | CX11: 1 | CY11: - | CZ11: 3 | DA11: =IF(ISBLANK($G11)=TRUE,"",IF(SIGN(CX11-CZ11)=SIGN($G11-$I11),1,0)+IF(CX11=$G11,IF(CZ11=$I11,2,0),0)) | DB11: 1 | DC11: - | DD11: 2 | DE11: =IF(ISBLANK($G11)=TRUE,"",IF(SIGN(DB11-DD11)=SIGN($G11-$I11),1,0)+IF(DB11=$G11,IF(DD11=$I11,2,0),0)) | DF11: 3 | DG11: - | DH11: 2 | DI11: =IF(ISBLANK($G11)=TRUE,"",IF(SIGN(DF11-DH11)=SIGN($G11-$I11),1,0)+IF(DF11=$G11,IF(DH11=$I11,2,0),0))
B12: 46191 | C12: 21:00 | D12: Sveits | E12: - | F12: Bosnia-Hercegovina | H12: - | J12: 2 | K12: - | L12: 0 | M12: =IF(ISBLANK($G12)=TRUE,"",IF(SIGN(J12-L12)=SIGN($G12-$I12),1,0)+IF(J12=$G12,IF(L12=$I12,2,0),0)) | N12: 1 | O12: - | P12: 0 | Q12: =IF(ISBLANK($G12)=TRUE,"",IF(SIGN(N12-P12)=SIGN($G12-$I12),1,0)+IF(N12=$G12,IF(P12=$I12,2,0),0)) | R12: 2 | S12: - | T12: 0 | U12: =IF(ISBLANK($G12)=TRUE,"",IF(SIGN(R12-T12)=SIGN($G12-$I12),1,0)+IF(R12=$G12,IF(T12=$I12,2,0),0)) | V12: 2 | W12: - | X12: 1 | Y12: =IF(ISBLANK($G12)=TRUE,"",IF(SIGN(V12-X12)=SIGN($G12-$I12),1,0)+IF(V12=$G12,IF(X12=$I12,2,0),0)) | Z12: 2 | AA12: - | AB12: 1 | AC12: =IF(ISBLANK($G12)=TRUE,"",IF(SIGN(Z12-AB12)=SIGN($G12-$I12),1,0)+IF(Z12=$G12,IF(AB12=$I12,2,0),0)) | AD12: 2 | AE12: - | AF12: 1 | AG12: =IF(ISBLANK($G12)=TRUE,"",IF(SIGN(AD12-AF12)=SIGN($G12-$I12),1,0)+IF(AD12=$G12,IF(AF12=$I12,2,0),0)) | AH12: 1 | AI12: - | AJ12: 1 | AK12: =IF(ISBLANK($G12)=TRUE,"",IF(SIGN(AH12-AJ12)=SIGN($G12-$I12),1,0)+IF(AH12=$G12,IF(AJ12=$I12,2,0),0)) | AL12: 1 | AM12: - | AN12: 0 | AO12: =IF(ISBLANK($G12)=TRUE,"",IF(SIGN(AL12-AN12)=SIGN($G12-$I12),1,0)+IF(AL12=$G12,IF(AN12=$I12,2,0),0)) | AP12: 2 | AQ12: - | AR12: 0 | AS12: =IF(ISBLANK($G12)=TRUE,"",IF(SIGN(AP12-AR12)=SIGN($G12-$I12),1,0)+IF(AP12=$G12,IF(AR12=$I12,2,0),0)) | AT12: 1 | AU12: - | AV12: 0 | AW12: =IF(ISBLANK($G12)=TRUE,"",IF(SIGN(AT12-AV12)=SIGN($G12-$I12),1,0)+IF(AT12=$G12,IF(AV12=$I12,2,0),0)) | AX12: 2 | AY12: - | AZ12: 0 | BA12: =IF(ISBLANK($G12)=TRUE,"",IF(SIGN(AX12-AZ12)=SIGN($G12-$I12),1,0)+IF(AX12=$G12,IF(AZ12=$I12,2,0),0)) | BB12: 2 | BC12: - | BD12: 1 | BE12: =IF(ISBLANK($G12)=TRUE,"",IF(SIGN(BB12-BD12)=SIGN($G12-$I12),1,0)+IF(BB12=$G12,IF(BD12=$I12,2,0),0)) | BF12: 1 | BG12: - | BH12: 0 | BI12: =IF(ISBLANK($G12)=TRUE,"",IF(SIGN(BF12-BH12)=SIGN($G12-$I12),1,0)+IF(BF12=$G12,IF(BH12=$I12,2,0),0)) | BJ12: 2 | BK12: - | BL12: 1 | BM12: =IF(ISBLANK($G12)=TRUE,"",IF(SIGN(BJ12-BL12)=SIGN($G12-$I12),1,0)+IF(BJ12=$G12,IF(BL12=$I12,2,0),0)) | BN12: 1 | BO12: - | BP12: 0 | BQ12: =IF(ISBLANK($G12)=TRUE,"",IF(SIGN(BN12-BP12)=SIGN($G12-$I12),1,0)+IF(BN12=$G12,IF(BP12=$I12,2,0),0)) | BR12: 2 | BS12: - | BT12: 1 | BU12: =IF(ISBLANK($G12)=TRUE,"",IF(SIGN(BR12-BT12)=SIGN($G12-$I12),1,0)+IF(BR12=$G12,IF(BT12=$I12,2,0),0)) | BV12: 2 | BW12: - | BX12: 0 | BY12: =IF(ISBLANK($G12)=TRUE,"",IF(SIGN(BV12-BX12)=SIGN($G12-$I12),1,0)+IF(BV12=$G12,IF(BX12=$I12,2,0),0)) | BZ12: 3 | CA12: - | CB12: 0 | CC12: =IF(ISBLANK($G12)=TRUE,"",IF(SIGN(BZ12-CB12)=SIGN($G12-$I12),1,0)+IF(BZ12=$G12,IF(CB12=$I12,2,0),0)) | CD12: 2 | CE12: - | CF12: 0 | CG12: =IF(ISBLANK($G12)=TRUE,"",IF(SIGN(CD12-CF12)=SIGN($G12-$I12),1,0)+IF(CD12=$G12,IF(CF12=$I12,2,0),0)) | CH12: 3 | CI12: - | CJ12: 1 | CK12: =IF(ISBLANK($G12)=TRUE,"",IF(SIGN(CH12-CJ12)=SIGN($G12-$I12),1,0)+IF(CH12=$G12,IF(CJ12=$I12,2,0),0)) | CL12: 1 | CM12: - | CN12: 1 | CO12: =IF(ISBLANK($G12)=TRUE,"",IF(SIGN(CL12-CN12)=SIGN($G12-$I12),1,0)+IF(CL12=$G12,IF(CN12=$I12,2,0),0)) | CP12: 2 | CQ12: - | CR12: 1 | CS12: =IF(ISBLANK($G12)=TRUE,"",IF(SIGN(CP12-CR12)=SIGN($G12-$I12),1,0)+IF(CP12=$G12,IF(CR12=$I12,2,0),0)) | CT12: 3 | CU12: - | CV12: 1 | CW12: =IF(ISBLANK($G12)=TRUE,"",IF(SIGN(CT12-CV12)=SIGN($G12-$I12),1,0)+IF(CT12=$G12,IF(CV12=$I12,2,0),0)) | CX12: 2 | CY12: - | CZ12: 1 | DA12: =IF(ISBLANK($G12)=TRUE,"",IF(SIGN(CX12-CZ12)=SIGN($G12-$I12),1,0)+IF(CX12=$G12,IF(CZ12=$I12,2,0),0)) | DB12: 3 | DC12: - | DD12: 1 | DE12: =IF(ISBLANK($G12)=TRUE,"",IF(SIGN(DB12-DD12)=SIGN($G12-$I12),1,0)+IF(DB12=$G12,IF(DD12=$I12,2,0),0)) | DF12: 1 | DG12: - | DH12: 2 | DI12: =IF(ISBLANK($G12)=TRUE,"",IF(SIGN(DF12-DH12)=SIGN($G12-$I12),1,0)+IF(DF12=$G12,IF(DH12=$I12,2,0),0))
B13: 46192 | C13: 00:00 | D13: Canada | E13: - | F13: Qatar | H13: - | J13: 2 | K13: - | L13: 0 | M13: =IF(ISBLANK($G13)=TRUE,"",IF(SIGN(J13-L13)=SIGN($G13-$I13),1,0)+IF(J13=$G13,IF(L13=$I13,2,0),0)) | N13: 1 | O13: - | P13: 0 | Q13: =IF(ISBLANK($G13)=TRUE,"",IF(SIGN(N13-P13)=SIGN($G13-$I13),1,0)+IF(N13=$G13,IF(P13=$I13,2,0),0)) | R13: 1 | S13: - | T13: 1 | U13: =IF(ISBLANK($G13)=TRUE,"",IF(SIGN(R13-T13)=SIGN($G13-$I13),1,0)+IF(R13=$G13,IF(T13=$I13,2,0),0)) | V13: 2 | W13: - | X13: 0 | Y13: =IF(ISBLANK($G13)=TRUE,"",IF(SIGN(V13-X13)=SIGN($G13-$I13),1,0)+IF(V13=$G13,IF(X13=$I13,2,0),0)) | Z13: 1 | AA13: - | AB13: 0 | AC13: =IF(ISBLANK($G13)=TRUE,"",IF(SIGN(Z13-AB13)=SIGN($G13-$I13),1,0)+IF(Z13=$G13,IF(AB13=$I13,2,0),0)) | AD13: 2 | AE13: - | AF13: 0 | AG13: =IF(ISBLANK($G13)=TRUE,"",IF(SIGN(AD13-AF13)=SIGN($G13-$I13),1,0)+IF(AD13=$G13,IF(AF13=$I13,2,0),0)) | AH13: 1 | AI13: - | AJ13: 0 | AK13: =IF(ISBLANK($G13)=TRUE,"",IF(SIGN(AH13-AJ13)=SIGN($G13-$I13),1,0)+IF(AH13=$G13,IF(AJ13=$I13,2,0),0)) | AL13: 1 | AM13: - | AN13: 0 | AO13: =IF(ISBLANK($G13)=TRUE,"",IF(SIGN(AL13-AN13)=SIGN($G13-$I13),1,0)+IF(AL13=$G13,IF(AN13=$I13,2,0),0)) | AP13: 2 | AQ13: - | AR13: 2 | AS13: =IF(ISBLANK($G13)=TRUE,"",IF(SIGN(AP13-AR13)=SIGN($G13-$I13),1,0)+IF(AP13=$G13,IF(AR13=$I13,2,0),0)) | AT13: 1 | AU13: - | AV13: 1 | AW13: =IF(ISBLANK($G13)=TRUE,"",IF(SIGN(AT13-AV13)=SIGN($G13-$I13),1,0)+IF(AT13=$G13,IF(AV13=$I13,2,0),0)) | AX13: 2 | AY13: - | AZ13: 1 | BA13: =IF(ISBLANK($G13)=TRUE,"",IF(SIGN(AX13-AZ13)=SIGN($G13-$I13),1,0)+IF(AX13=$G13,IF(AZ13=$I13,2,0),0)) | BB13: 1 | BC13: - | BD13: 1 | BE13: =IF(ISBLANK($G13)=TRUE,"",IF(SIGN(BB13-BD13)=SIGN($G13-$I13),1,0)+IF(BB13=$G13,IF(BD13=$I13,2,0),0)) | BF13: 0 | BG13: - | BH13: 0 | BI13: =IF(ISBLANK($G13)=TRUE,"",IF(SIGN(BF13-BH13)=SIGN($G13-$I13),1,0)+IF(BF13=$G13,IF(BH13=$I13,2,0),0)) | BJ13: 1 | BK13: - | BL13: 0 | BM13: =IF(ISBLANK($G13)=TRUE,"",IF(SIGN(BJ13-BL13)=SIGN($G13-$I13),1,0)+IF(BJ13=$G13,IF(BL13=$I13,2,0),0)) | BN13: 2 | BO13: - | BP13: 0 | BQ13: =IF(ISBLANK($G13)=TRUE,"",IF(SIGN(BN13-BP13)=SIGN($G13-$I13),1,0)+IF(BN13=$G13,IF(BP13=$I13,2,0),0)) | BR13: 2 | BS13: - | BT13: 1 | BU13: =IF(ISBLANK($G13)=TRUE,"",IF(SIGN(BR13-BT13)=SIGN($G13-$I13),1,0)+IF(BR13=$G13,IF(BT13=$I13,2,0),0)) | BV13: 1 | BW13: - | BX13: 0 | BY13: =IF(ISBLANK($G13)=TRUE,"",IF(SIGN(BV13-BX13)=SIGN($G13-$I13),1,0)+IF(BV13=$G13,IF(BX13=$I13,2,0),0)) | BZ13: 2 | CA13: - | CB13: 1 | CC13: =IF(ISBLANK($G13)=TRUE,"",IF(SIGN(BZ13-CB13)=SIGN($G13-$I13),1,0)+IF(BZ13=$G13,IF(CB13=$I13,2,0),0)) | CD13: 3 | CE13: - | CF13: 0 | CG13: =IF(ISBLANK($G13)=TRUE,"",IF(SIGN(CD13-CF13)=SIGN($G13-$I13),1,0)+IF(CD13=$G13,IF(CF13=$I13,2,0),0)) | CH13: 2 | CI13: - | CJ13: 0 | CK13: =IF(ISBLANK($G13)=TRUE,"",IF(SIGN(CH13-CJ13)=SIGN($G13-$I13),1,0)+IF(CH13=$G13,IF(CJ13=$I13,2,0),0)) | CL13: 2 | CM13: - | CN13: 0 | CO13: =IF(ISBLANK($G13)=TRUE,"",IF(SIGN(CL13-CN13)=SIGN($G13-$I13),1,0)+IF(CL13=$G13,IF(CN13=$I13,2,0),0)) | CP13: 2 | CQ13: - | CR13: 0 | CS13: =IF(ISBLANK($G13)=TRUE,"",IF(SIGN(CP13-CR13)=SIGN($G13-$I13),1,0)+IF(CP13=$G13,IF(CR13=$I13,2,0),0)) | CT13: 2 | CU13: - | CV13: 0 | CW13: =IF(ISBLANK($G13)=TRUE,"",IF(SIGN(CT13-CV13)=SIGN($G13-$I13),1,0)+IF(CT13=$G13,IF(CV13=$I13,2,0),0)) | CX13: 1 | CY13: - | CZ13: 1 | DA13: =IF(ISBLANK($G13)=TRUE,"",IF(SIGN(CX13-CZ13)=SIGN($G13-$I13),1,0)+IF(CX13=$G13,IF(CZ13=$I13,2,0),0)) | DB13: 2 | DC13: - | DD13: 2 | DE13: =IF(ISBLANK($G13)=TRUE,"",IF(SIGN(DB13-DD13)=SIGN($G13-$I13),1,0)+IF(DB13=$G13,IF(DD13=$I13,2,0),0)) | DF13: 1 | DG13: - | DH13: 2 | DI13: =IF(ISBLANK($G13)=TRUE,"",IF(SIGN(DF13-DH13)=SIGN($G13-$I13),1,0)+IF(DF13=$G13,IF(DH13=$I13,2,0),0))
B14: 46197 | C14: 21:00 | D14: Sveits | E14: - | F14: Canada | H14: - | J14: 2 | K14: - | L14: 1 | M14: =IF(ISBLANK($G14)=TRUE,"",IF(SIGN(J14-L14)=SIGN($G14-$I14),1,0)+IF(J14=$G14,IF(L14=$I14,2,0),0)) | N14: 1 | O14: - | P14: 0 | Q14: =IF(ISBLANK($G14)=TRUE,"",IF(SIGN(N14-P14)=SIGN($G14-$I14),1,0)+IF(N14=$G14,IF(P14=$I14,2,0),0)) | R14: 1 | S14: - | T14: 1 | U14: =IF(ISBLANK($G14)=TRUE,"",IF(SIGN(R14-T14)=SIGN($G14-$I14),1,0)+IF(R14=$G14,IF(T14=$I14,2,0),0)) | V14: 2 | W14: - | X14: 1 | Y14: =IF(ISBLANK($G14)=TRUE,"",IF(SIGN(V14-X14)=SIGN($G14-$I14),1,0)+IF(V14=$G14,IF(X14=$I14,2,0),0)) | Z14: 2 | AA14: - | AB14: 0 | AC14: =IF(ISBLANK($G14)=TRUE,"",IF(SIGN(Z14-AB14)=SIGN($G14-$I14),1,0)+IF(Z14=$G14,IF(AB14=$I14,2,0),0)) | AD14: 2 | AE14: - | AF14: 2 | AG14: =IF(ISBLANK($G14)=TRUE,"",IF(SIGN(AD14-AF14)=SIGN($G14-$I14),1,0)+IF(AD14=$G14,IF(AF14=$I14,2,0),0)) | AH14: 2 | AI14: - | AJ14: 0 | AK14: =IF(ISBLANK($G14)=TRUE,"",IF(SIGN(AH14-AJ14)=SIGN($G14-$I14),1,0)+IF(AH14=$G14,IF(AJ14=$I14,2,0),0)) | AL14: 0 | AM14: - | AN14: 0 | AO14: =IF(ISBLANK($G14)=TRUE,"",IF(SIGN(AL14-AN14)=SIGN($G14-$I14),1,0)+IF(AL14=$G14,IF(AN14=$I14,2,0),0)) | AP14: 1 | AQ14: - | AR14: 0 | AS14: =IF(ISBLANK($G14)=TRUE,"",IF(SIGN(AP14-AR14)=SIGN($G14-$I14),1,0)+IF(AP14=$G14,IF(AR14=$I14,2,0),0)) | AT14: 3 | AU14: - | AV14: 2 | AW14: =IF(ISBLANK($G14)=TRUE,"",IF(SIGN(AT14-AV14)=SIGN($G14-$I14),1,0)+IF(AT14=$G14,IF(AV14=$I14,2,0),0)) | AX14: 1 | AY14: - | AZ14: 0 | BA14: =IF(ISBLANK($G14)=TRUE,"",IF(SIGN(AX14-AZ14)=SIGN($G14-$I14),1,0)+IF(AX14=$G14,IF(AZ14=$I14,2,0),0)) | BB14: 2 | BC14: - | BD14: 1 | BE14: =IF(ISBLANK($G14)=TRUE,"",IF(SIGN(BB14-BD14)=SIGN($G14-$I14),1,0)+IF(BB14=$G14,IF(BD14=$I14,2,0),0)) | BF14: 1 | BG14: - | BH14: 1 | BI14: =IF(ISBLANK($G14)=TRUE,"",IF(SIGN(BF14-BH14)=SIGN($G14-$I14),1,0)+IF(BF14=$G14,IF(BH14=$I14,2,0),0)) | BJ14: 2 | BK14: - | BL14: 1 | BM14: =IF(ISBLANK($G14)=TRUE,"",IF(SIGN(BJ14-BL14)=SIGN($G14-$I14),1,0)+IF(BJ14=$G14,IF(BL14=$I14,2,0),0)) | BN14: 1 | BO14: - | BP14: 1 | BQ14: =IF(ISBLANK($G14)=TRUE,"",IF(SIGN(BN14-BP14)=SIGN($G14-$I14),1,0)+IF(BN14=$G14,IF(BP14=$I14,2,0),0)) | BR14: 1 | BS14: - | BT14: 1 | BU14: =IF(ISBLANK($G14)=TRUE,"",IF(SIGN(BR14-BT14)=SIGN($G14-$I14),1,0)+IF(BR14=$G14,IF(BT14=$I14,2,0),0)) | BV14: 1 | BW14: - | BX14: 1 | BY14: =IF(ISBLANK($G14)=TRUE,"",IF(SIGN(BV14-BX14)=SIGN($G14-$I14),1,0)+IF(BV14=$G14,IF(BX14=$I14,2,0),0)) | BZ14: 2 | CA14: - | CB14: 0 | CC14: =IF(ISBLANK($G14)=TRUE,"",IF(SIGN(BZ14-CB14)=SIGN($G14-$I14),1,0)+IF(BZ14=$G14,IF(CB14=$I14,2,0),0)) | CD14: 1 | CE14: - | CF14: 1 | CG14: =IF(ISBLANK($G14)=TRUE,"",IF(SIGN(CD14-CF14)=SIGN($G14-$I14),1,0)+IF(CD14=$G14,IF(CF14=$I14,2,0),0)) | CH14: 2 | CI14: - | CJ14: 1 | CK14: =IF(ISBLANK($G14)=TRUE,"",IF(SIGN(CH14-CJ14)=SIGN($G14-$I14),1,0)+IF(CH14=$G14,IF(CJ14=$I14,2,0),0)) | CL14: 1 | CM14: - | CN14: 0 | CO14: =IF(ISBLANK($G14)=TRUE,"",IF(SIGN(CL14-CN14)=SIGN($G14-$I14),1,0)+IF(CL14=$G14,IF(CN14=$I14,2,0),0)) | CP14: 1 | CQ14: - | CR14: 0 | CS14: =IF(ISBLANK($G14)=TRUE,"",IF(SIGN(CP14-CR14)=SIGN($G14-$I14),1,0)+IF(CP14=$G14,IF(CR14=$I14,2,0),0)) | CT14: 2 | CU14: - | CV14: 1 | CW14: =IF(ISBLANK($G14)=TRUE,"",IF(SIGN(CT14-CV14)=SIGN($G14-$I14),1,0)+IF(CT14=$G14,IF(CV14=$I14,2,0),0)) | CX14: 3 | CY14: - | CZ14: 0 | DA14: =IF(ISBLANK($G14)=TRUE,"",IF(SIGN(CX14-CZ14)=SIGN($G14-$I14),1,0)+IF(CX14=$G14,IF(CZ14=$I14,2,0),0)) | DB14: 3 | DC14: - | DD14: 0 | DE14: =IF(ISBLANK($G14)=TRUE,"",IF(SIGN(DB14-DD14)=SIGN($G14-$I14),1,0)+IF(DB14=$G14,IF(DD14=$I14,2,0),0)) | DF14: 1 | DG14: - | DH14: 1 | DI14: =IF(ISBLANK($G14)=TRUE,"",IF(SIGN(DF14-DH14)=SIGN($G14-$I14),1,0)+IF(DF14=$G14,IF(DH14=$I14,2,0),0))
B15: 46197 | C15: 21:00 | D15: Bosnia-Hercegovina | E15: - | F15: Qatar | H15: - | J15: 2 | K15: - | L15: 1 | M15: =IF(ISBLANK($G15)=TRUE,"",IF(SIGN(J15-L15)=SIGN($G15-$I15),1,0)+IF(J15=$G15,IF(L15=$I15,2,0),0)) | N15: 1 | O15: - | P15: 0 | Q15: =IF(ISBLANK($G15)=TRUE,"",IF(SIGN(N15-P15)=SIGN($G15-$I15),1,0)+IF(N15=$G15,IF(P15=$I15,2,0),0)) | R15: 2 | S15: - | T15: 0 | U15: =IF(ISBLANK($G15)=TRUE,"",IF(SIGN(R15-T15)=SIGN($G15-$I15),1,0)+IF(R15=$G15,IF(T15=$I15,2,0),0)) | V15: 1 | W15: - | X15: 1 | Y15: =IF(ISBLANK($G15)=TRUE,"",IF(SIGN(V15-X15)=SIGN($G15-$I15),1,0)+IF(V15=$G15,IF(X15=$I15,2,0),0)) | Z15: 1 | AA15: - | AB15: 0 | AC15: =IF(ISBLANK($G15)=TRUE,"",IF(SIGN(Z15-AB15)=SIGN($G15-$I15),1,0)+IF(Z15=$G15,IF(AB15=$I15,2,0),0)) | AD15: 1 | AE15: - | AF15: 1 | AG15: =IF(ISBLANK($G15)=TRUE,"",IF(SIGN(AD15-AF15)=SIGN($G15-$I15),1,0)+IF(AD15=$G15,IF(AF15=$I15,2,0),0)) | AH15: 2 | AI15: - | AJ15: 0 | AK15: =IF(ISBLANK($G15)=TRUE,"",IF(SIGN(AH15-AJ15)=SIGN($G15-$I15),1,0)+IF(AH15=$G15,IF(AJ15=$I15,2,0),0)) | AL15: 1 | AM15: - | AN15: 0 | AO15: =IF(ISBLANK($G15)=TRUE,"",IF(SIGN(AL15-AN15)=SIGN($G15-$I15),1,0)+IF(AL15=$G15,IF(AN15=$I15,2,0),0)) | AP15: 2 | AQ15: - | AR15: 1 | AS15: =IF(ISBLANK($G15)=TRUE,"",IF(SIGN(AP15-AR15)=SIGN($G15-$I15),1,0)+IF(AP15=$G15,IF(AR15=$I15,2,0),0)) | AT15: 2 | AU15: - | AV15: 1 | AW15: =IF(ISBLANK($G15)=TRUE,"",IF(SIGN(AT15-AV15)=SIGN($G15-$I15),1,0)+IF(AT15=$G15,IF(AV15=$I15,2,0),0)) | AX15: 0 | AY15: - | AZ15: 1 | BA15: =IF(ISBLANK($G15)=TRUE,"",IF(SIGN(AX15-AZ15)=SIGN($G15-$I15),1,0)+IF(AX15=$G15,IF(AZ15=$I15,2,0),0)) | BB15: 1 | BC15: - | BD15: 1 | BE15: =IF(ISBLANK($G15)=TRUE,"",IF(SIGN(BB15-BD15)=SIGN($G15-$I15),1,0)+IF(BB15=$G15,IF(BD15=$I15,2,0),0)) | BF15: 2 | BG15: - | BH15: 0 | BI15: =IF(ISBLANK($G15)=TRUE,"",IF(SIGN(BF15-BH15)=SIGN($G15-$I15),1,0)+IF(BF15=$G15,IF(BH15=$I15,2,0),0)) | BJ15: 1 | BK15: - | BL15: 0 | BM15: =IF(ISBLANK($G15)=TRUE,"",IF(SIGN(BJ15-BL15)=SIGN($G15-$I15),1,0)+IF(BJ15=$G15,IF(BL15=$I15,2,0),0)) | BN15: 1 | BO15: - | BP15: 0 | BQ15: =IF(ISBLANK($G15)=TRUE,"",IF(SIGN(BN15-BP15)=SIGN($G15-$I15),1,0)+IF(BN15=$G15,IF(BP15=$I15,2,0),0)) | BR15: 1 | BS15: - | BT15: 0 | BU15: =IF(ISBLANK($G15)=TRUE,"",IF(SIGN(BR15-BT15)=SIGN($G15-$I15),1,0)+IF(BR15=$G15,IF(BT15=$I15,2,0),0)) | BV15: 2 | BW15: - | BX15: 0 | BY15: =IF(ISBLANK($G15)=TRUE,"",IF(SIGN(BV15-BX15)=SIGN($G15-$I15),1,0)+IF(BV15=$G15,IF(BX15=$I15,2,0),0)) | BZ15: 1 | CA15: - | CB15: 3 | CC15: =IF(ISBLANK($G15)=TRUE,"",IF(SIGN(BZ15-CB15)=SIGN($G15-$I15),1,0)+IF(BZ15=$G15,IF(CB15=$I15,2,0),0)) | CD15: 2 | CE15: - | CF15: 1 | CG15: =IF(ISBLANK($G15)=TRUE,"",IF(SIGN(CD15-CF15)=SIGN($G15-$I15),1,0)+IF(CD15=$G15,IF(CF15=$I15,2,0),0)) | CH15: 2 | CI15: - | CJ15: 0 | CK15: =IF(ISBLANK($G15)=TRUE,"",IF(SIGN(CH15-CJ15)=SIGN($G15-$I15),1,0)+IF(CH15=$G15,IF(CJ15=$I15,2,0),0)) | CL15: 0 | CM15: - | CN15: 2 | CO15: =IF(ISBLANK($G15)=TRUE,"",IF(SIGN(CL15-CN15)=SIGN($G15-$I15),1,0)+IF(CL15=$G15,IF(CN15=$I15,2,0),0)) | CP15: 2 | CQ15: - | CR15: 1 | CS15: =IF(ISBLANK($G15)=TRUE,"",IF(SIGN(CP15-CR15)=SIGN($G15-$I15),1,0)+IF(CP15=$G15,IF(CR15=$I15,2,0),0)) | CT15: 1 | CU15: - | CV15: 0 | CW15: =IF(ISBLANK($G15)=TRUE,"",IF(SIGN(CT15-CV15)=SIGN($G15-$I15),1,0)+IF(CT15=$G15,IF(CV15=$I15,2,0),0)) | CX15: 2 | CY15: - | CZ15: 0 | DA15: =IF(ISBLANK($G15)=TRUE,"",IF(SIGN(CX15-CZ15)=SIGN($G15-$I15),1,0)+IF(CX15=$G15,IF(CZ15=$I15,2,0),0)) | DB15: 3 | DC15: - | DD15: 1 | DE15: =IF(ISBLANK($G15)=TRUE,"",IF(SIGN(DB15-DD15)=SIGN($G15-$I15),1,0)+IF(DB15=$G15,IF(DD15=$I15,2,0),0)) | DF15: 1 | DG15: - | DH15: 0 | DI15: =IF(ISBLANK($G15)=TRUE,"",IF(SIGN(DF15-DH15)=SIGN($G15-$I15),1,0)+IF(DF15=$G15,IF(DH15=$I15,2,0),0))
B16: Dato | C16: Kl. | D16: Gruppe C | G16: Resultat
B17: 46187 | C17: 00:00 | D17: Brasil | E17: - | F17: Marokko | H17: - | J17: 1 | K17: - | L17: 1 | M17: =IF(ISBLANK($I17)=TRUE,"",IF(SIGN(J17-L17)=SIGN($G17-$I17),1,0)+IF(J17=$G17,IF(L17=$I17,2,0),0)) | N17: 2 | O17: - | P17: 1 | Q17: =IF(ISBLANK($I17)=TRUE,"",IF(SIGN(N17-P17)=SIGN($G17-$I17),1,0)+IF(N17=$G17,IF(P17=$I17,2,0),0)) | R17: 2 | S17: - | T17: 1 | U17: =IF(ISBLANK($I17)=TRUE,"",IF(SIGN(R17-T17)=SIGN($G17-$I17),1,0)+IF(R17=$G17,IF(T17=$I17,2,0),0)) | V17: 2 | W17: - | X17: 2 | Y17: =IF(ISBLANK($I17)=TRUE,"",IF(SIGN(V17-X17)=SIGN($G17-$I17),1,0)+IF(V17=$G17,IF(X17=$I17,2,0),0)) | Z17: 3 | AA17: - | AB17: 1 | AC17: =IF(ISBLANK($I17)=TRUE,"",IF(SIGN(Z17-AB17)=SIGN($G17-$I17),1,0)+IF(Z17=$G17,IF(AB17=$I17,2,0),0)) | AD17: 2 | AE17: - | AF17: 1 | AG17: =IF(ISBLANK($I17)=TRUE,"",IF(SIGN(AD17-AF17)=SIGN($G17-$I17),1,0)+IF(AD17=$G17,IF(AF17=$I17,2,0),0)) | AH17: 2 | AI17: - | AJ17: 1 | AK17: =IF(ISBLANK($I17)=TRUE,"",IF(SIGN(AH17-AJ17)=SIGN($G17-$I17),1,0)+IF(AH17=$G17,IF(AJ17=$I17,2,0),0)) | AL17: 1 | AM17: - | AN17: 0 | AO17: =IF(ISBLANK($I17)=TRUE,"",IF(SIGN(AL17-AN17)=SIGN($G17-$I17),1,0)+IF(AL17=$G17,IF(AN17=$I17,2,0),0)) | AP17: 3 | AQ17: - | AR17: 1 | AS17: =IF(ISBLANK($I17)=TRUE,"",IF(SIGN(AP17-AR17)=SIGN($G17-$I17),1,0)+IF(AP17=$G17,IF(AR17=$I17,2,0),0)) | AT17: 2 | AU17: - | AV17: 0 | AW17: =IF(ISBLANK($I17)=TRUE,"",IF(SIGN(AT17-AV17)=SIGN($G17-$I17),1,0)+IF(AT17=$G17,IF(AV17=$I17,2,0),0)) | AX17: 0 | AY17: - | AZ17: 1 | BA17: =IF(ISBLANK($I17)=TRUE,"",IF(SIGN(AX17-AZ17)=SIGN($G17-$I17),1,0)+IF(AX17=$G17,IF(AZ17=$I17,2,0),0)) | BB17: 2 | BC17: - | BD17: 2 | BE17: =IF(ISBLANK($I17)=TRUE,"",IF(SIGN(BB17-BD17)=SIGN($G17-$I17),1,0)+IF(BB17=$G17,IF(BD17=$I17,2,0),0)) | BF17: 2 | BG17: - | BH17: 2 | BI17: =IF(ISBLANK($I17)=TRUE,"",IF(SIGN(BF17-BH17)=SIGN($G17-$I17),1,0)+IF(BF17=$G17,IF(BH17=$I17,2,0),0)) | BJ17: 2 | BK17: - | BL17: 1 | BM17: =IF(ISBLANK($I17)=TRUE,"",IF(SIGN(BJ17-BL17)=SIGN($G17-$I17),1,0)+IF(BJ17=$G17,IF(BL17=$I17,2,0),0)) | BN17: 2 | BO17: - | BP17: 0 | BQ17: =IF(ISBLANK($I17)=TRUE,"",IF(SIGN(BN17-BP17)=SIGN($G17-$I17),1,0)+IF(BN17=$G17,IF(BP17=$I17,2,0),0)) | BR17: 2 | BS17: - | BT17: 1 | BU17: =IF(ISBLANK($I17)=TRUE,"",IF(SIGN(BR17-BT17)=SIGN($G17-$I17),1,0)+IF(BR17=$G17,IF(BT17=$I17,2,0),0)) | BV17: 1 | BW17: - | BX17: 1 | BY17: =IF(ISBLANK($I17)=TRUE,"",IF(SIGN(BV17-BX17)=SIGN($G17-$I17),1,0)+IF(BV17=$G17,IF(BX17=$I17,2,0),0)) | BZ17: 2 | CA17: - | CB17: 1 | CC17: =IF(ISBLANK($I17)=TRUE,"",IF(SIGN(BZ17-CB17)=SIGN($G17-$I17),1,0)+IF(BZ17=$G17,IF(CB17=$I17,2,0),0)) | CD17: 2 | CE17: - | CF17: 1 | CG17: =IF(ISBLANK($I17)=TRUE,"",IF(SIGN(CD17-CF17)=SIGN($G17-$I17),1,0)+IF(CD17=$G17,IF(CF17=$I17,2,0),0)) | CH17: 2 | CI17: - | CJ17: 1 | CK17: =IF(ISBLANK($I17)=TRUE,"",IF(SIGN(CH17-CJ17)=SIGN($G17-$I17),1,0)+IF(CH17=$G17,IF(CJ17=$I17,2,0),0)) | CL17: 3 | CM17: - | CN17: 1 | CO17: =IF(ISBLANK($I17)=TRUE,"",IF(SIGN(CL17-CN17)=SIGN($G17-$I17),1,0)+IF(CL17=$G17,IF(CN17=$I17,2,0),0)) | CP17: 2 | CQ17: - | CR17: 1 | CS17: =IF(ISBLANK($I17)=TRUE,"",IF(SIGN(CP17-CR17)=SIGN($G17-$I17),1,0)+IF(CP17=$G17,IF(CR17=$I17,2,0),0)) | CT17: 1 | CU17: - | CV17: 1 | CW17: =IF(ISBLANK($I17)=TRUE,"",IF(SIGN(CT17-CV17)=SIGN($G17-$I17),1,0)+IF(CT17=$G17,IF(CV17=$I17,2,0),0)) | CX17: 1 | CY17: - | CZ17: 1 | DA17: =IF(ISBLANK($I17)=TRUE,"",IF(SIGN(CX17-CZ17)=SIGN($G17-$I17),1,0)+IF(CX17=$G17,IF(CZ17=$I17,2,0),0)) | DB17: 3 | DC17: - | DD17: 2 | DE17: =IF(ISBLANK($I17)=TRUE,"",IF(SIGN(DB17-DD17)=SIGN($G17-$I17),1,0)+IF(DB17=$G17,IF(DD17=$I17,2,0),0)) | DF17: 1 | DG17: - | DH17: 1 | DI17: =IF(ISBLANK($I17)=TRUE,"",IF(SIGN(DF17-DH17)=SIGN($G17-$I17),1,0)+IF(DF17=$G17,IF(DH17=$I17,2,0),0))
B18: 46187 | C18: 03:00 | D18: Haiti | E18: - | F18: Skottland | H18: - | J18: 0 | K18: - | L18: 2 | M18: =IF(ISBLANK($G18)=TRUE,"",IF(SIGN(J18-L18)=SIGN($G18-$I18),1,0)+IF(J18=$G18,IF(L18=$I18,2,0),0)) | N18: 0 | O18: - | P18: 2 | Q18: =IF(ISBLANK($G18)=TRUE,"",IF(SIGN(N18-P18)=SIGN($G18-$I18),1,0)+IF(N18=$G18,IF(P18=$I18,2,0),0)) | R18: 0 | S18: - | T18: 1 | U18: =IF(ISBLANK($G18)=TRUE,"",IF(SIGN(R18-T18)=SIGN($G18-$I18),1,0)+IF(R18=$G18,IF(T18=$I18,2,0),0)) | V18: 0 | W18: - | X18: 3 | Y18: =IF(ISBLANK($G18)=TRUE,"",IF(SIGN(V18-X18)=SIGN($G18-$I18),1,0)+IF(V18=$G18,IF(X18=$I18,2,0),0)) | Z18: 0 | AA18: - | AB18: 2 | AC18: =IF(ISBLANK($G18)=TRUE,"",IF(SIGN(Z18-AB18)=SIGN($G18-$I18),1,0)+IF(Z18=$G18,IF(AB18=$I18,2,0),0)) | AD18: 1 | AE18: - | AF18: 2 | AG18: =IF(ISBLANK($G18)=TRUE,"",IF(SIGN(AD18-AF18)=SIGN($G18-$I18),1,0)+IF(AD18=$G18,IF(AF18=$I18,2,0),0)) | AH18: 0 | AI18: - | AJ18: 2 | AK18: =IF(ISBLANK($G18)=TRUE,"",IF(SIGN(AH18-AJ18)=SIGN($G18-$I18),1,0)+IF(AH18=$G18,IF(AJ18=$I18,2,0),0)) | AL18: 0 | AM18: - | AN18: 1 | AO18: =IF(ISBLANK($G18)=TRUE,"",IF(SIGN(AL18-AN18)=SIGN($G18-$I18),1,0)+IF(AL18=$G18,IF(AN18=$I18,2,0),0)) | AP18: 1 | AQ18: - | AR18: 2 | AS18: =IF(ISBLANK($G18)=TRUE,"",IF(SIGN(AP18-AR18)=SIGN($G18-$I18),1,0)+IF(AP18=$G18,IF(AR18=$I18,2,0),0)) | AT18: 1 | AU18: - | AV18: 1 | AW18: =IF(ISBLANK($G18)=TRUE,"",IF(SIGN(AT18-AV18)=SIGN($G18-$I18),1,0)+IF(AT18=$G18,IF(AV18=$I18,2,0),0)) | AX18: 1 | AY18: - | AZ18: 1 | BA18: =IF(ISBLANK($G18)=TRUE,"",IF(SIGN(AX18-AZ18)=SIGN($G18-$I18),1,0)+IF(AX18=$G18,IF(AZ18=$I18,2,0),0)) | BB18: 0 | BC18: - | BD18: 2 | BE18: =IF(ISBLANK($G18)=TRUE,"",IF(SIGN(BB18-BD18)=SIGN($G18-$I18),1,0)+IF(BB18=$G18,IF(BD18=$I18,2,0),0)) | BF18: 0 | BG18: - | BH18: 1 | BI18: =IF(ISBLANK($G18)=TRUE,"",IF(SIGN(BF18-BH18)=SIGN($G18-$I18),1,0)+IF(BF18=$G18,IF(BH18=$I18,2,0),0)) | BJ18: 1 | BK18: - | BL18: 3 | BM18: =IF(ISBLANK($G18)=TRUE,"",IF(SIGN(BJ18-BL18)=SIGN($G18-$I18),1,0)+IF(BJ18=$G18,IF(BL18=$I18,2,0),0)) | BN18: 0 | BO18: - | BP18: 2 | BQ18: =IF(ISBLANK($G18)=TRUE,"",IF(SIGN(BN18-BP18)=SIGN($G18-$I18),1,0)+IF(BN18=$G18,IF(BP18=$I18,2,0),0)) | BR18: 1 | BS18: - | BT18: 4 | BU18: =IF(ISBLANK($G18)=TRUE,"",IF(SIGN(BR18-BT18)=SIGN($G18-$I18),1,0)+IF(BR18=$G18,IF(BT18=$I18,2,0),0)) | BV18: 0 | BW18: - | BX18: 3 | BY18: =IF(ISBLANK($G18)=TRUE,"",IF(SIGN(BV18-BX18)=SIGN($G18-$I18),1,0)+IF(BV18=$G18,IF(BX18=$I18,2,0),0)) | BZ18: 0 | CA18: - | CB18: 4 | CC18: =IF(ISBLANK($G18)=TRUE,"",IF(SIGN(BZ18-CB18)=SIGN($G18-$I18),1,0)+IF(BZ18=$G18,IF(CB18=$I18,2,0),0)) | CD18: 0 | CE18: - | CF18: 2 | CG18: =IF(ISBLANK($G18)=TRUE,"",IF(SIGN(CD18-CF18)=SIGN($G18-$I18),1,0)+IF(CD18=$G18,IF(CF18=$I18,2,0),0)) | CH18: 0 | CI18: - | CJ18: 3 | CK18: =IF(ISBLANK($G18)=TRUE,"",IF(SIGN(CH18-CJ18)=SIGN($G18-$I18),1,0)+IF(CH18=$G18,IF(CJ18=$I18,2,0),0)) | CL18: 1 | CM18: - | CN18: 1 | CO18: =IF(ISBLANK($G18)=TRUE,"",IF(SIGN(CL18-CN18)=SIGN($G18-$I18),1,0)+IF(CL18=$G18,IF(CN18=$I18,2,0),0)) | CP18: 0 | CQ18: - | CR18: 3 | CS18: =IF(ISBLANK($G18)=TRUE,"",IF(SIGN(CP18-CR18)=SIGN($G18-$I18),1,0)+IF(CP18=$G18,IF(CR18=$I18,2,0),0)) | CT18: 1 | CU18: - | CV18: 2 | CW18: =IF(ISBLANK($G18)=TRUE,"",IF(SIGN(CT18-CV18)=SIGN($G18-$I18),1,0)+IF(CT18=$G18,IF(CV18=$I18,2,0),0)) | CX18: 1 | CY18: - | CZ18: 2 | DA18: =IF(ISBLANK($G18)=TRUE,"",IF(SIGN(CX18-CZ18)=SIGN($G18-$I18),1,0)+IF(CX18=$G18,IF(CZ18=$I18,2,0),0)) | DB18: 1 | DC18: - | DD18: 3 | DE18: =IF(ISBLANK($G18)=TRUE,"",IF(SIGN(DB18-DD18)=SIGN($G18-$I18),1,0)+IF(DB18=$G18,IF(DD18=$I18,2,0),0)) | DF18: 0 | DG18: - | DH18: 2 | DI18: =IF(ISBLANK($G18)=TRUE,"",IF(SIGN(DF18-DH18)=SIGN($G18-$I18),1,0)+IF(DF18=$G18,IF(DH18=$I18,2,0),0))
B19: 46193 | C19: 00:00 | D19: Skottland | E19: - | F19: Marokko | H19: - | J19: 1 | K19: - | L19: 1 | M19: =IF(ISBLANK($G19)=TRUE,"",IF(SIGN(J19-L19)=SIGN($G19-$I19),1,0)+IF(J19=$G19,IF(L19=$I19,2,0),0)) | N19: 1 | O19: - | P19: 1 | Q19: =IF(ISBLANK($G19)=TRUE,"",IF(SIGN(N19-P19)=SIGN($G19-$I19),1,0)+IF(N19=$G19,IF(P19=$I19,2,0),0)) | R19: 0 | S19: - | T19: 2 | U19: =IF(ISBLANK($G19)=TRUE,"",IF(SIGN(R19-T19)=SIGN($G19-$I19),1,0)+IF(R19=$G19,IF(T19=$I19,2,0),0)) | V19: 0 | W19: - | X19: 2 | Y19: =IF(ISBLANK($G19)=TRUE,"",IF(SIGN(V19-X19)=SIGN($G19-$I19),1,0)+IF(V19=$G19,IF(X19=$I19,2,0),0)) | Z19: 1 | AA19: - | AB19: 1 | AC19: =IF(ISBLANK($G19)=TRUE,"",IF(SIGN(Z19-AB19)=SIGN($G19-$I19),1,0)+IF(Z19=$G19,IF(AB19=$I19,2,0),0)) | AD19: 1 | AE19: - | AF19: 1 | AG19: =IF(ISBLANK($G19)=TRUE,"",IF(SIGN(AD19-AF19)=SIGN($G19-$I19),1,0)+IF(AD19=$G19,IF(AF19=$I19,2,0),0)) | AH19: 1 | AI19: - | AJ19: 1 | AK19: =IF(ISBLANK($G19)=TRUE,"",IF(SIGN(AH19-AJ19)=SIGN($G19-$I19),1,0)+IF(AH19=$G19,IF(AJ19=$I19,2,0),0)) | AL19: 0 | AM19: - | AN19: 0 | AO19: =IF(ISBLANK($G19)=TRUE,"",IF(SIGN(AL19-AN19)=SIGN($G19-$I19),1,0)+IF(AL19=$G19,IF(AN19=$I19,2,0),0)) | AP19: 0 | AQ19: - | AR19: 2 | AS19: =IF(ISBLANK($G19)=TRUE,"",IF(SIGN(AP19-AR19)=SIGN($G19-$I19),1,0)+IF(AP19=$G19,IF(AR19=$I19,2,0),0)) | AT19: 1 | AU19: - | AV19: 2 | AW19: =IF(ISBLANK($G19)=TRUE,"",IF(SIGN(AT19-AV19)=SIGN($G19-$I19),1,0)+IF(AT19=$G19,IF(AV19=$I19,2,0),0)) | AX19: 0 | AY19: - | AZ19: 2 | BA19: =IF(ISBLANK($G19)=TRUE,"",IF(SIGN(AX19-AZ19)=SIGN($G19-$I19),1,0)+IF(AX19=$G19,IF(AZ19=$I19,2,0),0)) | BB19: 0 | BC19: - | BD19: 2 | BE19: =IF(ISBLANK($G19)=TRUE,"",IF(SIGN(BB19-BD19)=SIGN($G19-$I19),1,0)+IF(BB19=$G19,IF(BD19=$I19,2,0),0)) | BF19: 0 | BG19: - | BH19: 3 | BI19: =IF(ISBLANK($G19)=TRUE,"",IF(SIGN(BF19-BH19)=SIGN($G19-$I19),1,0)+IF(BF19=$G19,IF(BH19=$I19,2,0),0)) | BJ19: 1 | BK19: - | BL19: 1 | BM19: =IF(ISBLANK($G19)=TRUE,"",IF(SIGN(BJ19-BL19)=SIGN($G19-$I19),1,0)+IF(BJ19=$G19,IF(BL19=$I19,2,0),0)) | BN19: 0 | BO19: - | BP19: 1 | BQ19: =IF(ISBLANK($G19)=TRUE,"",IF(SIGN(BN19-BP19)=SIGN($G19-$I19),1,0)+IF(BN19=$G19,IF(BP19=$I19,2,0),0)) | BR19: 1 | BS19: - | BT19: 2 | BU19: =IF(ISBLANK($G19)=TRUE,"",IF(SIGN(BR19-BT19)=SIGN($G19-$I19),1,0)+IF(BR19=$G19,IF(BT19=$I19,2,0),0)) | BV19: 1 | BW19: - | BX19: 2 | BY19: =IF(ISBLANK($G19)=TRUE,"",IF(SIGN(BV19-BX19)=SIGN($G19-$I19),1,0)+IF(BV19=$G19,IF(BX19=$I19,2,0),0)) | BZ19: 1 | CA19: - | CB19: 3 | CC19: =IF(ISBLANK($G19)=TRUE,"",IF(SIGN(BZ19-CB19)=SIGN($G19-$I19),1,0)+IF(BZ19=$G19,IF(CB19=$I19,2,0),0)) | CD19: 0 | CE19: - | CF19: 1 | CG19: =IF(ISBLANK($G19)=TRUE,"",IF(SIGN(CD19-CF19)=SIGN($G19-$I19),1,0)+IF(CD19=$G19,IF(CF19=$I19,2,0),0)) | CH19: 1 | CI19: - | CJ19: 2 | CK19: =IF(ISBLANK($G19)=TRUE,"",IF(SIGN(CH19-CJ19)=SIGN($G19-$I19),1,0)+IF(CH19=$G19,IF(CJ19=$I19,2,0),0)) | CL19: 0 | CM19: - | CN19: 2 | CO19: =IF(ISBLANK($G19)=TRUE,"",IF(SIGN(CL19-CN19)=SIGN($G19-$I19),1,0)+IF(CL19=$G19,IF(CN19=$I19,2,0),0)) | CP19: 1 | CQ19: - | CR19: 2 | CS19: =IF(ISBLANK($G19)=TRUE,"",IF(SIGN(CP19-CR19)=SIGN($G19-$I19),1,0)+IF(CP19=$G19,IF(CR19=$I19,2,0),0)) | CT19: 1 | CU19: - | CV19: 2 | CW19: =IF(ISBLANK($G19)=TRUE,"",IF(SIGN(CT19-CV19)=SIGN($G19-$I19),1,0)+IF(CT19=$G19,IF(CV19=$I19,2,0),0)) | CX19: 0 | CY19: - | CZ19: 2 | DA19: =IF(ISBLANK($G19)=TRUE,"",IF(SIGN(CX19-CZ19)=SIGN($G19-$I19),1,0)+IF(CX19=$G19,IF(CZ19=$I19,2,0),0)) | DB19: 3 | DC19: - | DD19: 0 | DE19: =IF(ISBLANK($G19)=TRUE,"",IF(SIGN(DB19-DD19)=SIGN($G19-$I19),1,0)+IF(DB19=$G19,IF(DD19=$I19,2,0),0)) | DF19: 1 | DG19: - | DH19: 2 | DI19: =IF(ISBLANK($G19)=TRUE,"",IF(SIGN(DF19-DH19)=SIGN($G19-$I19),1,0)+IF(DF19=$G19,IF(DH19=$I19,2,0),0))
B20: 46193 | C20: 02:30 | D20: Brasil | E20: - | F20: Haiti | H20: - | J20: 3 | K20: - | L20: 0 | M20: =IF(ISBLANK($G20)=TRUE,"",IF(SIGN(J20-L20)=SIGN($G20-$I20),1,0)+IF(J20=$G20,IF(L20=$I20,2,0),0)) | N20: 3 | O20: - | P20: 0 | Q20: =IF(ISBLANK($G20)=TRUE,"",IF(SIGN(N20-P20)=SIGN($G20-$I20),1,0)+IF(N20=$G20,IF(P20=$I20,2,0),0)) | R20: 4 | S20: - | T20: 0 | U20: =IF(ISBLANK($G20)=TRUE,"",IF(SIGN(R20-T20)=SIGN($G20-$I20),1,0)+IF(R20=$G20,IF(T20=$I20,2,0),0)) | V20: 3 | W20: - | X20: 0 | Y20: =IF(ISBLANK($G20)=TRUE,"",IF(SIGN(V20-X20)=SIGN($G20-$I20),1,0)+IF(V20=$G20,IF(X20=$I20,2,0),0)) | Z20: 4 | AA20: - | AB20: 0 | AC20: =IF(ISBLANK($G20)=TRUE,"",IF(SIGN(Z20-AB20)=SIGN($G20-$I20),1,0)+IF(Z20=$G20,IF(AB20=$I20,2,0),0)) | AD20: 3 | AE20: - | AF20: 0 | AG20: =IF(ISBLANK($G20)=TRUE,"",IF(SIGN(AD20-AF20)=SIGN($G20-$I20),1,0)+IF(AD20=$G20,IF(AF20=$I20,2,0),0)) | AH20: 3 | AI20: - | AJ20: 0 | AK20: =IF(ISBLANK($G20)=TRUE,"",IF(SIGN(AH20-AJ20)=SIGN($G20-$I20),1,0)+IF(AH20=$G20,IF(AJ20=$I20,2,0),0)) | AL20: 2 | AM20: - | AN20: 0 | AO20: =IF(ISBLANK($G20)=TRUE,"",IF(SIGN(AL20-AN20)=SIGN($G20-$I20),1,0)+IF(AL20=$G20,IF(AN20=$I20,2,0),0)) | AP20: 4 | AQ20: - | AR20: 2 | AS20: =IF(ISBLANK($G20)=TRUE,"",IF(SIGN(AP20-AR20)=SIGN($G20-$I20),1,0)+IF(AP20=$G20,IF(AR20=$I20,2,0),0)) | AT20: 2 | AU20: - | AV20: 0 | AW20: =IF(ISBLANK($G20)=TRUE,"",IF(SIGN(AT20-AV20)=SIGN($G20-$I20),1,0)+IF(AT20=$G20,IF(AV20=$I20,2,0),0)) | AX20: 2 | AY20: - | AZ20: 0 | BA20: =IF(ISBLANK($G20)=TRUE,"",IF(SIGN(AX20-AZ20)=SIGN($G20-$I20),1,0)+IF(AX20=$G20,IF(AZ20=$I20,2,0),0)) | BB20: 5 | BC20: - | BD20: 0 | BE20: =IF(ISBLANK($G20)=TRUE,"",IF(SIGN(BB20-BD20)=SIGN($G20-$I20),1,0)+IF(BB20=$G20,IF(BD20=$I20,2,0),0)) | BF20: 6 | BG20: - | BH20: 0 | BI20: =IF(ISBLANK($G20)=TRUE,"",IF(SIGN(BF20-BH20)=SIGN($G20-$I20),1,0)+IF(BF20=$G20,IF(BH20=$I20,2,0),0)) | BJ20: 3 | BK20: - | BL20: 0 | BM20: =IF(ISBLANK($G20)=TRUE,"",IF(SIGN(BJ20-BL20)=SIGN($G20-$I20),1,0)+IF(BJ20=$G20,IF(BL20=$I20,2,0),0)) | BN20: 3 | BO20: - | BP20: 0 | BQ20: =IF(ISBLANK($G20)=TRUE,"",IF(SIGN(BN20-BP20)=SIGN($G20-$I20),1,0)+IF(BN20=$G20,IF(BP20=$I20,2,0),0)) | BR20: 4 | BS20: - | BT20: 0 | BU20: =IF(ISBLANK($G20)=TRUE,"",IF(SIGN(BR20-BT20)=SIGN($G20-$I20),1,0)+IF(BR20=$G20,IF(BT20=$I20,2,0),0)) | BV20: 4 | BW20: - | BX20: 0 | BY20: =IF(ISBLANK($G20)=TRUE,"",IF(SIGN(BV20-BX20)=SIGN($G20-$I20),1,0)+IF(BV20=$G20,IF(BX20=$I20,2,0),0)) | BZ20: 5 | CA20: - | CB20: 0 | CC20: =IF(ISBLANK($G20)=TRUE,"",IF(SIGN(BZ20-CB20)=SIGN($G20-$I20),1,0)+IF(BZ20=$G20,IF(CB20=$I20,2,0),0)) | CD20: 4 | CE20: - | CF20: 0 | CG20: =IF(ISBLANK($G20)=TRUE,"",IF(SIGN(CD20-CF20)=SIGN($G20-$I20),1,0)+IF(CD20=$G20,IF(CF20=$I20,2,0),0)) | CH20: 5 | CI20: - | CJ20: 0 | CK20: =IF(ISBLANK($G20)=TRUE,"",IF(SIGN(CH20-CJ20)=SIGN($G20-$I20),1,0)+IF(CH20=$G20,IF(CJ20=$I20,2,0),0)) | CL20: 4 | CM20: - | CN20: 0 | CO20: =IF(ISBLANK($G20)=TRUE,"",IF(SIGN(CL20-CN20)=SIGN($G20-$I20),1,0)+IF(CL20=$G20,IF(CN20=$I20,2,0),0)) | CP20: 6 | CQ20: - | CR20: 0 | CS20: =IF(ISBLANK($G20)=TRUE,"",IF(SIGN(CP20-CR20)=SIGN($G20-$I20),1,0)+IF(CP20=$G20,IF(CR20=$I20,2,0),0)) | CT20: 3 | CU20: - | CV20: 0 | CW20: =IF(ISBLANK($G20)=TRUE,"",IF(SIGN(CT20-CV20)=SIGN($G20-$I20),1,0)+IF(CT20=$G20,IF(CV20=$I20,2,0),0)) | CX20: 4 | CY20: - | CZ20: 0 | DA20: =IF(ISBLANK($G20)=TRUE,"",IF(SIGN(CX20-CZ20)=SIGN($G20-$I20),1,0)+IF(CX20=$G20,IF(CZ20=$I20,2,0),0)) | DB20: 5 | DC20: - | DD20: 0 | DE20: =IF(ISBLANK($G20)=TRUE,"",IF(SIGN(DB20-DD20)=SIGN($G20-$I20),1,0)+IF(DB20=$G20,IF(DD20=$I20,2,0),0)) | DF20: 2 | DG20: - | DH20: 0 | DI20: =IF(ISBLANK($G20)=TRUE,"",IF(SIGN(DF20-DH20)=SIGN($G20-$I20),1,0)+IF(DF20=$G20,IF(DH20=$I20,2,0),0))
B21: 46198 | C21: 00:00 | D21: Skottland | E21: - | F21: Brasil | H21: - | J21: 1 | K21: - | L21: 3 | M21: =IF(ISBLANK($G21)=TRUE,"",IF(SIGN(J21-L21)=SIGN($G21-$I21),1,0)+IF(J21=$G21,IF(L21=$I21,2,0),0)) | N21: 1 | O21: - | P21: 2 | Q21: =IF(ISBLANK($G21)=TRUE,"",IF(SIGN(N21-P21)=SIGN($G21-$I21),1,0)+IF(N21=$G21,IF(P21=$I21,2,0),0)) | R21: 0 | S21: - | T21: 3 | U21: =IF(ISBLANK($G21)=TRUE,"",IF(SIGN(R21-T21)=SIGN($G21-$I21),1,0)+IF(R21=$G21,IF(T21=$I21,2,0),0)) | V21: 1 | W21: - | X21: 2 | Y21: =IF(ISBLANK($G21)=TRUE,"",IF(SIGN(V21-X21)=SIGN($G21-$I21),1,0)+IF(V21=$G21,IF(X21=$I21,2,0),0)) | Z21: 0 | AA21: - | AB21: 2 | AC21: =IF(ISBLANK($G21)=TRUE,"",IF(SIGN(Z21-AB21)=SIGN($G21-$I21),1,0)+IF(Z21=$G21,IF(AB21=$I21,2,0),0)) | AD21: 1 | AE21: - | AF21: 2 | AG21: =IF(ISBLANK($G21)=TRUE,"",IF(SIGN(AD21-AF21)=SIGN($G21-$I21),1,0)+IF(AD21=$G21,IF(AF21=$I21,2,0),0)) | AH21: 1 | AI21: - | AJ21: 2 | AK21: =IF(ISBLANK($G21)=TRUE,"",IF(SIGN(AH21-AJ21)=SIGN($G21-$I21),1,0)+IF(AH21=$G21,IF(AJ21=$I21,2,0),0)) | AL21: 0 | AM21: - | AN21: 1 | AO21: =IF(ISBLANK($G21)=TRUE,"",IF(SIGN(AL21-AN21)=SIGN($G21-$I21),1,0)+IF(AL21=$G21,IF(AN21=$I21,2,0),0)) | AP21: 1 | AQ21: - | AR21: 2 | AS21: =IF(ISBLANK($G21)=TRUE,"",IF(SIGN(AP21-AR21)=SIGN($G21-$I21),1,0)+IF(AP21=$G21,IF(AR21=$I21,2,0),0)) | AT21: 1 | AU21: - | AV21: 3 | AW21: =IF(ISBLANK($G21)=TRUE,"",IF(SIGN(AT21-AV21)=SIGN($G21-$I21),1,0)+IF(AT21=$G21,IF(AV21=$I21,2,0),0)) | AX21: 1 | AY21: - | AZ21: 3 | BA21: =IF(ISBLANK($G21)=TRUE,"",IF(SIGN(AX21-AZ21)=SIGN($G21-$I21),1,0)+IF(AX21=$G21,IF(AZ21=$I21,2,0),0)) | BB21: 0 | BC21: - | BD21: 3 | BE21: =IF(ISBLANK($G21)=TRUE,"",IF(SIGN(BB21-BD21)=SIGN($G21-$I21),1,0)+IF(BB21=$G21,IF(BD21=$I21,2,0),0)) | BF21: 0 | BG21: - | BH21: 3 | BI21: =IF(ISBLANK($G21)=TRUE,"",IF(SIGN(BF21-BH21)=SIGN($G21-$I21),1,0)+IF(BF21=$G21,IF(BH21=$I21,2,0),0)) | BJ21: 2 | BK21: - | BL21: 2 | BM21: =IF(ISBLANK($G21)=TRUE,"",IF(SIGN(BJ21-BL21)=SIGN($G21-$I21),1,0)+IF(BJ21=$G21,IF(BL21=$I21,2,0),0)) | BN21: 0 | BO21: - | BP21: 2 | BQ21: =IF(ISBLANK($G21)=TRUE,"",IF(SIGN(BN21-BP21)=SIGN($G21-$I21),1,0)+IF(BN21=$G21,IF(BP21=$I21,2,0),0)) | BR21: 1 | BS21: - | BT21: 1 | BU21: =IF(ISBLANK($G21)=TRUE,"",IF(SIGN(BR21-BT21)=SIGN($G21-$I21),1,0)+IF(BR21=$G21,IF(BT21=$I21,2,0),0)) | BV21: 1 | BW21: - | BX21: 3 | BY21: =IF(ISBLANK($G21)=TRUE,"",IF(SIGN(BV21-BX21)=SIGN($G21-$I21),1,0)+IF(BV21=$G21,IF(BX21=$I21,2,0),0)) | BZ21: 0 | CA21: - | CB21: 3 | CC21: =IF(ISBLANK($G21)=TRUE,"",IF(SIGN(BZ21-CB21)=SIGN($G21-$I21),1,0)+IF(BZ21=$G21,IF(CB21=$I21,2,0),0)) | CD21: 0 | CE21: - | CF21: 2 | CG21: =IF(ISBLANK($G21)=TRUE,"",IF(SIGN(CD21-CF21)=SIGN($G21-$I21),1,0)+IF(CD21=$G21,IF(CF21=$I21,2,0),0)) | CH21: 2 | CI21: - | CJ21: 3 | CK21: =IF(ISBLANK($G21)=TRUE,"",IF(SIGN(CH21-CJ21)=SIGN($G21-$I21),1,0)+IF(CH21=$G21,IF(CJ21=$I21,2,0),0)) | CL21: 1 | CM21: - | CN21: 2 | CO21: =IF(ISBLANK($G21)=TRUE,"",IF(SIGN(CL21-CN21)=SIGN($G21-$I21),1,0)+IF(CL21=$G21,IF(CN21=$I21,2,0),0)) | CP21: 1 | CQ21: - | CR21: 3 | CS21: =IF(ISBLANK($G21)=TRUE,"",IF(SIGN(CP21-CR21)=SIGN($G21-$I21),1,0)+IF(CP21=$G21,IF(CR21=$I21,2,0),0)) | CT21: 1 | CU21: - | CV21: 2 | CW21: =IF(ISBLANK($G21)=TRUE,"",IF(SIGN(CT21-CV21)=SIGN($G21-$I21),1,0)+IF(CT21=$G21,IF(CV21=$I21,2,0),0)) | CX21: 1 | CY21: - | CZ21: 3 | DA21: =IF(ISBLANK($G21)=TRUE,"",IF(SIGN(CX21-CZ21)=SIGN($G21-$I21),1,0)+IF(CX21=$G21,IF(CZ21=$I21,2,0),0)) | DB21: 3 | DC21: - | DD21: 1 | DE21: =IF(ISBLANK($G21)=TRUE,"",IF(SIGN(DB21-DD21)=SIGN($G21-$I21),1,0)+IF(DB21=$G21,IF(DD21=$I21,2,0),0)) | DF21: 1 | DG21: - | DH21: 1 | DI21: =IF(ISBLANK($G21)=TRUE,"",IF(SIGN(DF21-DH21)=SIGN($G21-$I21),1,0)+IF(DF21=$G21,IF(DH21=$I21,2,0),0))
B22: 46198 | C22: 00:00 | D22: Marokko | E22: - | F22: Haiti | H22: - | J22: 3 | K22: - | L22: 0 | M22: =IF(ISBLANK($G22)=TRUE,"",IF(SIGN(J22-L22)=SIGN($G22-$I22),1,0)+IF(J22=$G22,IF(L22=$I22,2,0),0)) | N22: 1 | O22: - | P22: 0 | Q22: =IF(ISBLANK($G22)=TRUE,"",IF(SIGN(N22-P22)=SIGN($G22-$I22),1,0)+IF(N22=$G22,IF(P22=$I22,2,0),0)) | R22: 3 | S22: - | T22: 0 | U22: =IF(ISBLANK($G22)=TRUE,"",IF(SIGN(R22-T22)=SIGN($G22-$I22),1,0)+IF(R22=$G22,IF(T22=$I22,2,0),0)) | V22: 4 | W22: - | X22: 0 | Y22: =IF(ISBLANK($G22)=TRUE,"",IF(SIGN(V22-X22)=SIGN($G22-$I22),1,0)+IF(V22=$G22,IF(X22=$I22,2,0),0)) | Z22: 3 | AA22: - | AB22: 0 | AC22: =IF(ISBLANK($G22)=TRUE,"",IF(SIGN(Z22-AB22)=SIGN($G22-$I22),1,0)+IF(Z22=$G22,IF(AB22=$I22,2,0),0)) | AD22: 2 | AE22: - | AF22: 0 | AG22: =IF(ISBLANK($G22)=TRUE,"",IF(SIGN(AD22-AF22)=SIGN($G22-$I22),1,0)+IF(AD22=$G22,IF(AF22=$I22,2,0),0)) | AH22: 2 | AI22: - | AJ22: 0 | AK22: =IF(ISBLANK($G22)=TRUE,"",IF(SIGN(AH22-AJ22)=SIGN($G22-$I22),1,0)+IF(AH22=$G22,IF(AJ22=$I22,2,0),0)) | AL22: 1 | AM22: - | AN22: 0 | AO22: =IF(ISBLANK($G22)=TRUE,"",IF(SIGN(AL22-AN22)=SIGN($G22-$I22),1,0)+IF(AL22=$G22,IF(AN22=$I22,2,0),0)) | AP22: 2 | AQ22: - | AR22: 1 | AS22: =IF(ISBLANK($G22)=TRUE,"",IF(SIGN(AP22-AR22)=SIGN($G22-$I22),1,0)+IF(AP22=$G22,IF(AR22=$I22,2,0),0)) | AT22: 0 | AU22: - | AV22: 0 | AW22: =IF(ISBLANK($G22)=TRUE,"",IF(SIGN(AT22-AV22)=SIGN($G22-$I22),1,0)+IF(AT22=$G22,IF(AV22=$I22,2,0),0)) | AX22: 3 | AY22: - | AZ22: 0 | BA22: =IF(ISBLANK($G22)=TRUE,"",IF(SIGN(AX22-AZ22)=SIGN($G22-$I22),1,0)+IF(AX22=$G22,IF(AZ22=$I22,2,0),0)) | BB22: 3 | BC22: - | BD22: 0 | BE22: =IF(ISBLANK($G22)=TRUE,"",IF(SIGN(BB22-BD22)=SIGN($G22-$I22),1,0)+IF(BB22=$G22,IF(BD22=$I22,2,0),0)) | BF22: 4 | BG22: - | BH22: 1 | BI22: =IF(ISBLANK($G22)=TRUE,"",IF(SIGN(BF22-BH22)=SIGN($G22-$I22),1,0)+IF(BF22=$G22,IF(BH22=$I22,2,0),0)) | BJ22: 2 | BK22: - | BL22: 0 | BM22: =IF(ISBLANK($G22)=TRUE,"",IF(SIGN(BJ22-BL22)=SIGN($G22-$I22),1,0)+IF(BJ22=$G22,IF(BL22=$I22,2,0),0)) | BN22: 2 | BO22: - | BP22: 0 | BQ22: =IF(ISBLANK($G22)=TRUE,"",IF(SIGN(BN22-BP22)=SIGN($G22-$I22),1,0)+IF(BN22=$G22,IF(BP22=$I22,2,0),0)) | BR22: 2 | BS22: - | BT22: 0 | BU22: =IF(ISBLANK($G22)=TRUE,"",IF(SIGN(BR22-BT22)=SIGN($G22-$I22),1,0)+IF(BR22=$G22,IF(BT22=$I22,2,0),0)) | BV22: 3 | BW22: - | BX22: 0 | BY22: =IF(ISBLANK($G22)=TRUE,"",IF(SIGN(BV22-BX22)=SIGN($G22-$I22),1,0)+IF(BV22=$G22,IF(BX22=$I22,2,0),0)) | BZ22: 4 | CA22: - | CB22: 1 | CC22: =IF(ISBLANK($G22)=TRUE,"",IF(SIGN(BZ22-CB22)=SIGN($G22-$I22),1,0)+IF(BZ22=$G22,IF(CB22=$I22,2,0),0)) | CD22: 2 | CE22: - | CF22: 0 | CG22: =IF(ISBLANK($G22)=TRUE,"",IF(SIGN(CD22-CF22)=SIGN($G22-$I22),1,0)+IF(CD22=$G22,IF(CF22=$I22,2,0),0)) | CH22: 3 | CI22: - | CJ22: 0 | CK22: =IF(ISBLANK($G22)=TRUE,"",IF(SIGN(CH22-CJ22)=SIGN($G22-$I22),1,0)+IF(CH22=$G22,IF(CJ22=$I22,2,0),0)) | CL22: 2 | CM22: - | CN22: 1 | CO22: =IF(ISBLANK($G22)=TRUE,"",IF(SIGN(CL22-CN22)=SIGN($G22-$I22),1,0)+IF(CL22=$G22,IF(CN22=$I22,2,0),0)) | CP22: 5 | CQ22: - | CR22: 0 | CS22: =IF(ISBLANK($G22)=TRUE,"",IF(SIGN(CP22-CR22)=SIGN($G22-$I22),1,0)+IF(CP22=$G22,IF(CR22=$I22,2,0),0)) | CT22: 2 | CU22: - | CV22: 0 | CW22: =IF(ISBLANK($G22)=TRUE,"",IF(SIGN(CT22-CV22)=SIGN($G22-$I22),1,0)+IF(CT22=$G22,IF(CV22=$I22,2,0),0)) | CX22: 3 | CY22: - | CZ22: 0 | DA22: =IF(ISBLANK($G22)=TRUE,"",IF(SIGN(CX22-CZ22)=SIGN($G22-$I22),1,0)+IF(CX22=$G22,IF(CZ22=$I22,2,0),0)) | DB22: 4 | DC22: - | DD22: 1 | DE22: =IF(ISBLANK($G22)=TRUE,"",IF(SIGN(DB22-DD22)=SIGN($G22-$I22),1,0)+IF(DB22=$G22,IF(DD22=$I22,2,0),0)) | DF22: 1 | DG22: - | DH22: 0 | DI22: =IF(ISBLANK($G22)=TRUE,"",IF(SIGN(DF22-DH22)=SIGN($G22-$I22),1,0)+IF(DF22=$G22,IF(DH22=$I22,2,0),0))
B23: Dato | C23: Kl. | D23: Gruppe D | G23: Resultat
B24: 46186 | C24: 03:00 | D24: USA | E24: - | F24: Paraguay | G24: 4 | H24: - | I24: 1 | J24: 2 | K24: - | L24: 1 | M24: =IF(ISBLANK($I24)=TRUE,"",IF(SIGN(J24-L24)=SIGN($G24-$I24),1,0)+IF(J24=$G24,IF(L24=$I24,2,0),0)) -> 1 | N24: 2 | O24: - | P24: 1 | Q24: =IF(ISBLANK($I24)=TRUE,"",IF(SIGN(N24-P24)=SIGN($G24-$I24),1,0)+IF(N24=$G24,IF(P24=$I24,2,0),0)) -> 1 | R24: 3 | S24: - | T24: 1 | U24: =IF(ISBLANK($I24)=TRUE,"",IF(SIGN(R24-T24)=SIGN($G24-$I24),1,0)+IF(R24=$G24,IF(T24=$I24,2,0),0)) -> 1 | V24: 2 | W24: - | X24: 0 | Y24: =IF(ISBLANK($I24)=TRUE,"",IF(SIGN(V24-X24)=SIGN($G24-$I24),1,0)+IF(V24=$G24,IF(X24=$I24,2,0),0)) -> 1 | Z24: 2 | AA24: - | AB24: 0 | AC24: =IF(ISBLANK($I24)=TRUE,"",IF(SIGN(Z24-AB24)=SIGN($G24-$I24),1,0)+IF(Z24=$G24,IF(AB24=$I24,2,0),0)) -> 1 | AD24: 2 | AE24: - | AF24: 0 | AG24: =IF(ISBLANK($I24)=TRUE,"",IF(SIGN(AD24-AF24)=SIGN($G24-$I24),1,0)+IF(AD24=$G24,IF(AF24=$I24,2,0),0)) -> 1 | AH24: 1 | AI24: - | AJ24: 0 | AK24: =IF(ISBLANK($I24)=TRUE,"",IF(SIGN(AH24-AJ24)=SIGN($G24-$I24),1,0)+IF(AH24=$G24,IF(AJ24=$I24,2,0),0)) -> 1 | AL24: 0 | AM24: - | AN24: 0 | AO24: =IF(ISBLANK($I24)=TRUE,"",IF(SIGN(AL24-AN24)=SIGN($G24-$I24),1,0)+IF(AL24=$G24,IF(AN24=$I24,2,0),0)) -> 0 | AP24: 2 | AQ24: - | AR24: 0 | AS24: =IF(ISBLANK($I24)=TRUE,"",IF(SIGN(AP24-AR24)=SIGN($G24-$I24),1,0)+IF(AP24=$G24,IF(AR24=$I24,2,0),0)) -> 1 | AT24: 3 | AU24: - | AV24: 1 | AW24: =IF(ISBLANK($I24)=TRUE,"",IF(SIGN(AT24-AV24)=SIGN($G24-$I24),1,0)+IF(AT24=$G24,IF(AV24=$I24,2,0),0)) -> 1 | AX24: 0 | AY24: - | AZ24: 1 | BA24: =IF(ISBLANK($I24)=TRUE,"",IF(SIGN(AX24-AZ24)=SIGN($G24-$I24),1,0)+IF(AX24=$G24,IF(AZ24=$I24,2,0),0)) -> 0 | BB24: 1 | BC24: - | BD24: 1 | BE24: =IF(ISBLANK($I24)=TRUE,"",IF(SIGN(BB24-BD24)=SIGN($G24-$I24),1,0)+IF(BB24=$G24,IF(BD24=$I24,2,0),0)) -> 0 | BF24: 1 | BG24: - | BH24: 0 | BI24: =IF(ISBLANK($I24)=TRUE,"",IF(SIGN(BF24-BH24)=SIGN($G24-$I24),1,0)+IF(BF24=$G24,IF(BH24=$I24,2,0),0)) -> 1 | BJ24: 2 | BK24: - | BL24: 1 | BM24: =IF(ISBLANK($I24)=TRUE,"",IF(SIGN(BJ24-BL24)=SIGN($G24-$I24),1,0)+IF(BJ24=$G24,IF(BL24=$I24,2,0),0)) -> 1 | BN24: 1 | BO24: - | BP24: 0 | BQ24: =IF(ISBLANK($I24)=TRUE,"",IF(SIGN(BN24-BP24)=SIGN($G24-$I24),1,0)+IF(BN24=$G24,IF(BP24=$I24,2,0),0)) -> 1 | BR24: 2 | BS24: - | BT24: 1 | BU24: =IF(ISBLANK($I24)=TRUE,"",IF(SIGN(BR24-BT24)=SIGN($G24-$I24),1,0)+IF(BR24=$G24,IF(BT24=$I24,2,0),0)) -> 1 | BV24: 3 | BW24: - | BX24: 0 | BY24: =IF(ISBLANK($I24)=TRUE,"",IF(SIGN(BV24-BX24)=SIGN($G24-$I24),1,0)+IF(BV24=$G24,IF(BX24=$I24,2,0),0)) -> 1 | BZ24: 2 | CA24: - | CB24: 1 | CC24: =IF(ISBLANK($I24)=TRUE,"",IF(SIGN(BZ24-CB24)=SIGN($G24-$I24),1,0)+IF(BZ24=$G24,IF(CB24=$I24,2,0),0)) -> 1 | CD24: 2 | CE24: - | CF24: 1 | CG24: =IF(ISBLANK($I24)=TRUE,"",IF(SIGN(CD24-CF24)=SIGN($G24-$I24),1,0)+IF(CD24=$G24,IF(CF24=$I24,2,0),0)) -> 1 | CH24: 2 | CI24: - | CJ24: 1 | CK24: =IF(ISBLANK($I24)=TRUE,"",IF(SIGN(CH24-CJ24)=SIGN($G24-$I24),1,0)+IF(CH24=$G24,IF(CJ24=$I24,2,0),0)) -> 1 | CL24: 2 | CM24: - | CN24: 0 | CO24: =IF(ISBLANK($I24)=TRUE,"",IF(SIGN(CL24-CN24)=SIGN($G24-$I24),1,0)+IF(CL24=$G24,IF(CN24=$I24,2,0),0)) -> 1 | CP24: 2 | CQ24: - | CR24: 1 | CS24: =IF(ISBLANK($I24)=TRUE,"",IF(SIGN(CP24-CR24)=SIGN($G24-$I24),1,0)+IF(CP24=$G24,IF(CR24=$I24,2,0),0)) -> 1 | CT24: 2 | CU24: - | CV24: 1 | CW24: =IF(ISBLANK($I24)=TRUE,"",IF(SIGN(CT24-CV24)=SIGN($G24-$I24),1,0)+IF(CT24=$G24,IF(CV24=$I24,2,0),0)) -> 1 | CX24: 1 | CY24: - | CZ24: 1 | DA24: =IF(ISBLANK($I24)=TRUE,"",IF(SIGN(CX24-CZ24)=SIGN($G24-$I24),1,0)+IF(CX24=$G24,IF(CZ24=$I24,2,0),0)) -> 0 | DB24: 1 | DC24: - | DD24: 1 | DE24: =IF(ISBLANK($I24)=TRUE,"",IF(SIGN(DB24-DD24)=SIGN($G24-$I24),1,0)+IF(DB24=$G24,IF(DD24=$I24,2,0),0)) -> 0 | DF24: 1 | DG24: - | DH24: 1 | DI24: =IF(ISBLANK($I24)=TRUE,"",IF(SIGN(DF24-DH24)=SIGN($G24-$I24),1,0)+IF(DF24=$G24,IF(DH24=$I24,2,0),0)) -> 0
B25: 46187 | C25: 06:00 | D25: Australia | E25: - | F25: Tyrkia | H25: - | J25: 1 | K25: - | L25: 2 | M25: =IF(ISBLANK($G25)=TRUE,"",IF(SIGN(J25-L25)=SIGN($G25-$I25),1,0)+IF(J25=$G25,IF(L25=$I25,2,0),0)) | N25: 0 | O25: - | P25: 1 | Q25: =IF(ISBLANK($G25)=TRUE,"",IF(SIGN(N25-P25)=SIGN($G25-$I25),1,0)+IF(N25=$G25,IF(P25=$I25,2,0),0)) | R25: 1 | S25: - | T25: 2 | U25: =IF(ISBLANK($G25)=TRUE,"",IF(SIGN(R25-T25)=SIGN($G25-$I25),1,0)+IF(R25=$G25,IF(T25=$I25,2,0),0)) | V25: 1 | W25: - | X25: 1 | Y25: =IF(ISBLANK($G25)=TRUE,"",IF(SIGN(V25-X25)=SIGN($G25-$I25),1,0)+IF(V25=$G25,IF(X25=$I25,2,0),0)) | Z25: 1 | AA25: - | AB25: 2 | AC25: =IF(ISBLANK($G25)=TRUE,"",IF(SIGN(Z25-AB25)=SIGN($G25-$I25),1,0)+IF(Z25=$G25,IF(AB25=$I25,2,0),0)) | AD25: 2 | AE25: - | AF25: 1 | AG25: =IF(ISBLANK($G25)=TRUE,"",IF(SIGN(AD25-AF25)=SIGN($G25-$I25),1,0)+IF(AD25=$G25,IF(AF25=$I25,2,0),0)) | AH25: 1 | AI25: - | AJ25: 1 | AK25: =IF(ISBLANK($G25)=TRUE,"",IF(SIGN(AH25-AJ25)=SIGN($G25-$I25),1,0)+IF(AH25=$G25,IF(AJ25=$I25,2,0),0)) | AL25: 0 | AM25: - | AN25: 1 | AO25: =IF(ISBLANK($G25)=TRUE,"",IF(SIGN(AL25-AN25)=SIGN($G25-$I25),1,0)+IF(AL25=$G25,IF(AN25=$I25,2,0),0)) | AP25: 1 | AQ25: - | AR25: 2 | AS25: =IF(ISBLANK($G25)=TRUE,"",IF(SIGN(AP25-AR25)=SIGN($G25-$I25),1,0)+IF(AP25=$G25,IF(AR25=$I25,2,0),0)) | AT25: 1 | AU25: - | AV25: 1 | AW25: =IF(ISBLANK($G25)=TRUE,"",IF(SIGN(AT25-AV25)=SIGN($G25-$I25),1,0)+IF(AT25=$G25,IF(AV25=$I25,2,0),0)) | AX25: 1 | AY25: - | AZ25: 1 | BA25: =IF(ISBLANK($G25)=TRUE,"",IF(SIGN(AX25-AZ25)=SIGN($G25-$I25),1,0)+IF(AX25=$G25,IF(AZ25=$I25,2,0),0)) | BB25: 1 | BC25: - | BD25: 1 | BE25: =IF(ISBLANK($G25)=TRUE,"",IF(SIGN(BB25-BD25)=SIGN($G25-$I25),1,0)+IF(BB25=$G25,IF(BD25=$I25,2,0),0)) | BF25: 0 | BG25: - | BH25: 1 | BI25: =IF(ISBLANK($G25)=TRUE,"",IF(SIGN(BF25-BH25)=SIGN($G25-$I25),1,0)+IF(BF25=$G25,IF(BH25=$I25,2,0),0)) | BJ25: 1 | BK25: - | BL25: 2 | BM25: =IF(ISBLANK($G25)=TRUE,"",IF(SIGN(BJ25-BL25)=SIGN($G25-$I25),1,0)+IF(BJ25=$G25,IF(BL25=$I25,2,0),0)) | BN25: 0 | BO25: - | BP25: 2 | BQ25: =IF(ISBLANK($G25)=TRUE,"",IF(SIGN(BN25-BP25)=SIGN($G25-$I25),1,0)+IF(BN25=$G25,IF(BP25=$I25,2,0),0)) | BR25: 1 | BS25: - | BT25: 1 | BU25: =IF(ISBLANK($G25)=TRUE,"",IF(SIGN(BR25-BT25)=SIGN($G25-$I25),1,0)+IF(BR25=$G25,IF(BT25=$I25,2,0),0)) | BV25: 1 | BW25: - | BX25: 2 | BY25: =IF(ISBLANK($G25)=TRUE,"",IF(SIGN(BV25-BX25)=SIGN($G25-$I25),1,0)+IF(BV25=$G25,IF(BX25=$I25,2,0),0)) | BZ25: 0 | CA25: - | CB25: 1 | CC25: =IF(ISBLANK($G25)=TRUE,"",IF(SIGN(BZ25-CB25)=SIGN($G25-$I25),1,0)+IF(BZ25=$G25,IF(CB25=$I25,2,0),0)) | CD25: 1 | CE25: - | CF25: 1 | CG25: =IF(ISBLANK($G25)=TRUE,"",IF(SIGN(CD25-CF25)=SIGN($G25-$I25),1,0)+IF(CD25=$G25,IF(CF25=$I25,2,0),0)) | CH25: 1 | CI25: - | CJ25: 2 | CK25: =IF(ISBLANK($G25)=TRUE,"",IF(SIGN(CH25-CJ25)=SIGN($G25-$I25),1,0)+IF(CH25=$G25,IF(CJ25=$I25,2,0),0)) | CL25: 1 | CM25: - | CN25: 1 | CO25: =IF(ISBLANK($G25)=TRUE,"",IF(SIGN(CL25-CN25)=SIGN($G25-$I25),1,0)+IF(CL25=$G25,IF(CN25=$I25,2,0),0)) | CP25: 1 | CQ25: - | CR25: 3 | CS25: =IF(ISBLANK($G25)=TRUE,"",IF(SIGN(CP25-CR25)=SIGN($G25-$I25),1,0)+IF(CP25=$G25,IF(CR25=$I25,2,0),0)) | CT25: 1 | CU25: - | CV25: 1 | CW25: =IF(ISBLANK($G25)=TRUE,"",IF(SIGN(CT25-CV25)=SIGN($G25-$I25),1,0)+IF(CT25=$G25,IF(CV25=$I25,2,0),0)) | CX25: 1 | CY25: - | CZ25: 2 | DA25: =IF(ISBLANK($G25)=TRUE,"",IF(SIGN(CX25-CZ25)=SIGN($G25-$I25),1,0)+IF(CX25=$G25,IF(CZ25=$I25,2,0),0)) | DB25: 0 | DC25: - | DD25: 4 | DE25: =IF(ISBLANK($G25)=TRUE,"",IF(SIGN(DB25-DD25)=SIGN($G25-$I25),1,0)+IF(DB25=$G25,IF(DD25=$I25,2,0),0)) | DF25: 0 | DG25: - | DH25: 2 | DI25: =IF(ISBLANK($G25)=TRUE,"",IF(SIGN(DF25-DH25)=SIGN($G25-$I25),1,0)+IF(DF25=$G25,IF(DH25=$I25,2,0),0))
B26: 46192 | C26: 21:00 | D26: USA | E26: - | F26: Australia | H26: - | J26: 2 | K26: - | L26: 0 | M26: =IF(ISBLANK($G26)=TRUE,"",IF(SIGN(J26-L26)=SIGN($G26-$I26),1,0)+IF(J26=$G26,IF(L26=$I26,2,0),0)) | N26: 1 | O26: - | P26: 0 | Q26: =IF(ISBLANK($G26)=TRUE,"",IF(SIGN(N26-P26)=SIGN($G26-$I26),1,0)+IF(N26=$G26,IF(P26=$I26,2,0),0)) | R26: 2 | S26: - | T26: 0 | U26: =IF(ISBLANK($G26)=TRUE,"",IF(SIGN(R26-T26)=SIGN($G26-$I26),1,0)+IF(R26=$G26,IF(T26=$I26,2,0),0)) | V26: 2 | W26: - | X26: 1 | Y26: =IF(ISBLANK($G26)=TRUE,"",IF(SIGN(V26-X26)=SIGN($G26-$I26),1,0)+IF(V26=$G26,IF(X26=$I26,2,0),0)) | Z26: 1 | AA26: - | AB26: 0 | AC26: =IF(ISBLANK($G26)=TRUE,"",IF(SIGN(Z26-AB26)=SIGN($G26-$I26),1,0)+IF(Z26=$G26,IF(AB26=$I26,2,0),0)) | AD26: 2 | AE26: - | AF26: 2 | AG26: =IF(ISBLANK($G26)=TRUE,"",IF(SIGN(AD26-AF26)=SIGN($G26-$I26),1,0)+IF(AD26=$G26,IF(AF26=$I26,2,0),0)) | AH26: 1 | AI26: - | AJ26: 1 | AK26: =IF(ISBLANK($G26)=TRUE,"",IF(SIGN(AH26-AJ26)=SIGN($G26-$I26),1,0)+IF(AH26=$G26,IF(AJ26=$I26,2,0),0)) | AL26: 1 | AM26: - | AN26: 0 | AO26: =IF(ISBLANK($G26)=TRUE,"",IF(SIGN(AL26-AN26)=SIGN($G26-$I26),1,0)+IF(AL26=$G26,IF(AN26=$I26,2,0),0)) | AP26: 1 | AQ26: - | AR26: 1 | AS26: =IF(ISBLANK($G26)=TRUE,"",IF(SIGN(AP26-AR26)=SIGN($G26-$I26),1,0)+IF(AP26=$G26,IF(AR26=$I26,2,0),0)) | AT26: 2 | AU26: - | AV26: 2 | AW26: =IF(ISBLANK($G26)=TRUE,"",IF(SIGN(AT26-AV26)=SIGN($G26-$I26),1,0)+IF(AT26=$G26,IF(AV26=$I26,2,0),0)) | AX26: 0 | AY26: - | AZ26: 2 | BA26: =IF(ISBLANK($G26)=TRUE,"",IF(SIGN(AX26-AZ26)=SIGN($G26-$I26),1,0)+IF(AX26=$G26,IF(AZ26=$I26,2,0),0)) | BB26: 1 | BC26: - | BD26: 1 | BE26: =IF(ISBLANK($G26)=TRUE,"",IF(SIGN(BB26-BD26)=SIGN($G26-$I26),1,0)+IF(BB26=$G26,IF(BD26=$I26,2,0),0)) | BF26: 2 | BG26: - | BH26: 1 | BI26: =IF(ISBLANK($G26)=TRUE,"",IF(SIGN(BF26-BH26)=SIGN($G26-$I26),1,0)+IF(BF26=$G26,IF(BH26=$I26,2,0),0)) | BJ26: 1 | BK26: - | BL26: 0 | BM26: =IF(ISBLANK($G26)=TRUE,"",IF(SIGN(BJ26-BL26)=SIGN($G26-$I26),1,0)+IF(BJ26=$G26,IF(BL26=$I26,2,0),0)) | BN26: 2 | BO26: - | BP26: 0 | BQ26: =IF(ISBLANK($G26)=TRUE,"",IF(SIGN(BN26-BP26)=SIGN($G26-$I26),1,0)+IF(BN26=$G26,IF(BP26=$I26,2,0),0)) | BR26: 1 | BS26: - | BT26: 0 | BU26: =IF(ISBLANK($G26)=TRUE,"",IF(SIGN(BR26-BT26)=SIGN($G26-$I26),1,0)+IF(BR26=$G26,IF(BT26=$I26,2,0),0)) | BV26: 2 | BW26: - | BX26: 0 | BY26: =IF(ISBLANK($G26)=TRUE,"",IF(SIGN(BV26-BX26)=SIGN($G26-$I26),1,0)+IF(BV26=$G26,IF(BX26=$I26,2,0),0)) | BZ26: 2 | CA26: - | CB26: 0 | CC26: =IF(ISBLANK($G26)=TRUE,"",IF(SIGN(BZ26-CB26)=SIGN($G26-$I26),1,0)+IF(BZ26=$G26,IF(CB26=$I26,2,0),0)) | CD26: 2 | CE26: - | CF26: 0 | CG26: =IF(ISBLANK($G26)=TRUE,"",IF(SIGN(CD26-CF26)=SIGN($G26-$I26),1,0)+IF(CD26=$G26,IF(CF26=$I26,2,0),0)) | CH26: 2 | CI26: - | CJ26: 1 | CK26: =IF(ISBLANK($G26)=TRUE,"",IF(SIGN(CH26-CJ26)=SIGN($G26-$I26),1,0)+IF(CH26=$G26,IF(CJ26=$I26,2,0),0)) | CL26: 2 | CM26: - | CN26: 1 | CO26: =IF(ISBLANK($G26)=TRUE,"",IF(SIGN(CL26-CN26)=SIGN($G26-$I26),1,0)+IF(CL26=$G26,IF(CN26=$I26,2,0),0)) | CP26: 2 | CQ26: - | CR26: 0 | CS26: =IF(ISBLANK($G26)=TRUE,"",IF(SIGN(CP26-CR26)=SIGN($G26-$I26),1,0)+IF(CP26=$G26,IF(CR26=$I26,2,0),0)) | CT26: 2 | CU26: - | CV26: 1 | CW26: =IF(ISBLANK($G26)=TRUE,"",IF(SIGN(CT26-CV26)=SIGN($G26-$I26),1,0)+IF(CT26=$G26,IF(CV26=$I26,2,0),0)) | CX26: 2 | CY26: - | CZ26: 1 | DA26: =IF(ISBLANK($G26)=TRUE,"",IF(SIGN(CX26-CZ26)=SIGN($G26-$I26),1,0)+IF(CX26=$G26,IF(CZ26=$I26,2,0),0)) | DB26: 3 | DC26: - | DD26: 0 | DE26: =IF(ISBLANK($G26)=TRUE,"",IF(SIGN(DB26-DD26)=SIGN($G26-$I26),1,0)+IF(DB26=$G26,IF(DD26=$I26,2,0),0)) | DF26: 2 | DG26: - | DH26: 1 | DI26: =IF(ISBLANK($G26)=TRUE,"",IF(SIGN(DF26-DH26)=SIGN($G26-$I26),1,0)+IF(DF26=$G26,IF(DH26=$I26,2,0),0))
B27: 46193 | C27: 05:00 | D27: Tyrkia | E27: - | F27: Paraguay | H27: - | J27: 2 | K27: - | L27: 0 | M27: =IF(ISBLANK($G27)=TRUE,"",IF(SIGN(J27-L27)=SIGN($G27-$I27),1,0)+IF(J27=$G27,IF(L27=$I27,2,0),0)) | N27: 1 | O27: - | P27: 1 | Q27: =IF(ISBLANK($G27)=TRUE,"",IF(SIGN(N27-P27)=SIGN($G27-$I27),1,0)+IF(N27=$G27,IF(P27=$I27,2,0),0)) | R27: 1 | S27: - | T27: 2 | U27: =IF(ISBLANK($G27)=TRUE,"",IF(SIGN(R27-T27)=SIGN($G27-$I27),1,0)+IF(R27=$G27,IF(T27=$I27,2,0),0)) | V27: 2 | W27: - | X27: 1 | Y27: =IF(ISBLANK($G27)=TRUE,"",IF(SIGN(V27-X27)=SIGN($G27-$I27),1,0)+IF(V27=$G27,IF(X27=$I27,2,0),0)) | Z27: 2 | AA27: - | AB27: 0 | AC27: =IF(ISBLANK($G27)=TRUE,"",IF(SIGN(Z27-AB27)=SIGN($G27-$I27),1,0)+IF(Z27=$G27,IF(AB27=$I27,2,0),0)) | AD27: 3 | AE27: - | AF27: 1 | AG27: =IF(ISBLANK($G27)=TRUE,"",IF(SIGN(AD27-AF27)=SIGN($G27-$I27),1,0)+IF(AD27=$G27,IF(AF27=$I27,2,0),0)) | AH27: 1 | AI27: - | AJ27: 0 | AK27: =IF(ISBLANK($G27)=TRUE,"",IF(SIGN(AH27-AJ27)=SIGN($G27-$I27),1,0)+IF(AH27=$G27,IF(AJ27=$I27,2,0),0)) | AL27: 1 | AM27: - | AN27: 0 | AO27: =IF(ISBLANK($G27)=TRUE,"",IF(SIGN(AL27-AN27)=SIGN($G27-$I27),1,0)+IF(AL27=$G27,IF(AN27=$I27,2,0),0)) | AP27: 1 | AQ27: - | AR27: 2 | AS27: =IF(ISBLANK($G27)=TRUE,"",IF(SIGN(AP27-AR27)=SIGN($G27-$I27),1,0)+IF(AP27=$G27,IF(AR27=$I27,2,0),0)) | AT27: 1 | AU27: - | AV27: 0 | AW27: =IF(ISBLANK($G27)=TRUE,"",IF(SIGN(AT27-AV27)=SIGN($G27-$I27),1,0)+IF(AT27=$G27,IF(AV27=$I27,2,0),0)) | AX27: 2 | AY27: - | AZ27: 1 | BA27: =IF(ISBLANK($G27)=TRUE,"",IF(SIGN(AX27-AZ27)=SIGN($G27-$I27),1,0)+IF(AX27=$G27,IF(AZ27=$I27,2,0),0)) | BB27: 1 | BC27: - | BD27: 1 | BE27: =IF(ISBLANK($G27)=TRUE,"",IF(SIGN(BB27-BD27)=SIGN($G27-$I27),1,0)+IF(BB27=$G27,IF(BD27=$I27,2,0),0)) | BF27: 1 | BG27: - | BH27: 2 | BI27: =IF(ISBLANK($G27)=TRUE,"",IF(SIGN(BF27-BH27)=SIGN($G27-$I27),1,0)+IF(BF27=$G27,IF(BH27=$I27,2,0),0)) | BJ27: 2 | BK27: - | BL27: 1 | BM27: =IF(ISBLANK($G27)=TRUE,"",IF(SIGN(BJ27-BL27)=SIGN($G27-$I27),1,0)+IF(BJ27=$G27,IF(BL27=$I27,2,0),0)) | BN27: 1 | BO27: - | BP27: 1 | BQ27: =IF(ISBLANK($G27)=TRUE,"",IF(SIGN(BN27-BP27)=SIGN($G27-$I27),1,0)+IF(BN27=$G27,IF(BP27=$I27,2,0),0)) | BR27: 1 | BS27: - | BT27: 2 | BU27: =IF(ISBLANK($G27)=TRUE,"",IF(SIGN(BR27-BT27)=SIGN($G27-$I27),1,0)+IF(BR27=$G27,IF(BT27=$I27,2,0),0)) | BV27: 3 | BW27: - | BX27: 1 | BY27: =IF(ISBLANK($G27)=TRUE,"",IF(SIGN(BV27-BX27)=SIGN($G27-$I27),1,0)+IF(BV27=$G27,IF(BX27=$I27,2,0),0)) | BZ27: 2 | CA27: - | CB27: 2 | CC27: =IF(ISBLANK($G27)=TRUE,"",IF(SIGN(BZ27-CB27)=SIGN($G27-$I27),1,0)+IF(BZ27=$G27,IF(CB27=$I27,2,0),0)) | CD27: 1 | CE27: - | CF27: 0 | CG27: =IF(ISBLANK($G27)=TRUE,"",IF(SIGN(CD27-CF27)=SIGN($G27-$I27),1,0)+IF(CD27=$G27,IF(CF27=$I27,2,0),0)) | CH27: 3 | CI27: - | CJ27: 0 | CK27: =IF(ISBLANK($G27)=TRUE,"",IF(SIGN(CH27-CJ27)=SIGN($G27-$I27),1,0)+IF(CH27=$G27,IF(CJ27=$I27,2,0),0)) | CL27: 1 | CM27: - | CN27: 2 | CO27: =IF(ISBLANK($G27)=TRUE,"",IF(SIGN(CL27-CN27)=SIGN($G27-$I27),1,0)+IF(CL27=$G27,IF(CN27=$I27,2,0),0)) | CP27: 2 | CQ27: - | CR27: 1 | CS27: =IF(ISBLANK($G27)=TRUE,"",IF(SIGN(CP27-CR27)=SIGN($G27-$I27),1,0)+IF(CP27=$G27,IF(CR27=$I27,2,0),0)) | CT27: 1 | CU27: - | CV27: 1 | CW27: =IF(ISBLANK($G27)=TRUE,"",IF(SIGN(CT27-CV27)=SIGN($G27-$I27),1,0)+IF(CT27=$G27,IF(CV27=$I27,2,0),0)) | CX27: 2 | CY27: - | CZ27: 2 | DA27: =IF(ISBLANK($G27)=TRUE,"",IF(SIGN(CX27-CZ27)=SIGN($G27-$I27),1,0)+IF(CX27=$G27,IF(CZ27=$I27,2,0),0)) | DB27: 2 | DC27: - | DD27: 1 | DE27: =IF(ISBLANK($G27)=TRUE,"",IF(SIGN(DB27-DD27)=SIGN($G27-$I27),1,0)+IF(DB27=$G27,IF(DD27=$I27,2,0),0)) | DF27: 2 | DG27: - | DH27: 1 | DI27: =IF(ISBLANK($G27)=TRUE,"",IF(SIGN(DF27-DH27)=SIGN($G27-$I27),1,0)+IF(DF27=$G27,IF(DH27=$I27,2,0),0))
B28: 46199 | C28: 04:00 | D28: Tyrkia | E28: - | F28: USA | H28: - | J28: 1 | K28: - | L28: 1 | M28: =IF(ISBLANK($G28)=TRUE,"",IF(SIGN(J28-L28)=SIGN($G28-$I28),1,0)+IF(J28=$G28,IF(L28=$I28,2,0),0)) | N28: 1 | O28: - | P28: 0 | Q28: =IF(ISBLANK($G28)=TRUE,"",IF(SIGN(N28-P28)=SIGN($G28-$I28),1,0)+IF(N28=$G28,IF(P28=$I28,2,0),0)) | R28: 2 | S28: - | T28: 2 | U28: =IF(ISBLANK($G28)=TRUE,"",IF(SIGN(R28-T28)=SIGN($G28-$I28),1,0)+IF(R28=$G28,IF(T28=$I28,2,0),0)) | V28: 1 | W28: - | X28: 2 | Y28: =IF(ISBLANK($G28)=TRUE,"",IF(SIGN(V28-X28)=SIGN($G28-$I28),1,0)+IF(V28=$G28,IF(X28=$I28,2,0),0)) | Z28: 1 | AA28: - | AB28: 1 | AC28: =IF(ISBLANK($G28)=TRUE,"",IF(SIGN(Z28-AB28)=SIGN($G28-$I28),1,0)+IF(Z28=$G28,IF(AB28=$I28,2,0),0)) | AD28: 2 | AE28: - | AF28: 3 | AG28: =IF(ISBLANK($G28)=TRUE,"",IF(SIGN(AD28-AF28)=SIGN($G28-$I28),1,0)+IF(AD28=$G28,IF(AF28=$I28,2,0),0)) | AH28: 1 | AI28: - | AJ28: 1 | AK28: =IF(ISBLANK($G28)=TRUE,"",IF(SIGN(AH28-AJ28)=SIGN($G28-$I28),1,0)+IF(AH28=$G28,IF(AJ28=$I28,2,0),0)) | AL28: 0 | AM28: - | AN28: 0 | AO28: =IF(ISBLANK($G28)=TRUE,"",IF(SIGN(AL28-AN28)=SIGN($G28-$I28),1,0)+IF(AL28=$G28,IF(AN28=$I28,2,0),0)) | AP28: 0 | AQ28: - | AR28: 0 | AS28: =IF(ISBLANK($G28)=TRUE,"",IF(SIGN(AP28-AR28)=SIGN($G28-$I28),1,0)+IF(AP28=$G28,IF(AR28=$I28,2,0),0)) | AT28: 1 | AU28: - | AV28: 1 | AW28: =IF(ISBLANK($G28)=TRUE,"",IF(SIGN(AT28-AV28)=SIGN($G28-$I28),1,0)+IF(AT28=$G28,IF(AV28=$I28,2,0),0)) | AX28: 2 | AY28: - | AZ28: 0 | BA28: =IF(ISBLANK($G28)=TRUE,"",IF(SIGN(AX28-AZ28)=SIGN($G28-$I28),1,0)+IF(AX28=$G28,IF(AZ28=$I28,2,0),0)) | BB28: 1 | BC28: - | BD28: 1 | BE28: =IF(ISBLANK($G28)=TRUE,"",IF(SIGN(BB28-BD28)=SIGN($G28-$I28),1,0)+IF(BB28=$G28,IF(BD28=$I28,2,0),0)) | BF28: 1 | BG28: - | BH28: 2 | BI28: =IF(ISBLANK($G28)=TRUE,"",IF(SIGN(BF28-BH28)=SIGN($G28-$I28),1,0)+IF(BF28=$G28,IF(BH28=$I28,2,0),0)) | BJ28: 2 | BK28: - | BL28: 1 | BM28: =IF(ISBLANK($G28)=TRUE,"",IF(SIGN(BJ28-BL28)=SIGN($G28-$I28),1,0)+IF(BJ28=$G28,IF(BL28=$I28,2,0),0)) | BN28: 1 | BO28: - | BP28: 1 | BQ28: =IF(ISBLANK($G28)=TRUE,"",IF(SIGN(BN28-BP28)=SIGN($G28-$I28),1,0)+IF(BN28=$G28,IF(BP28=$I28,2,0),0)) | BR28: 1 | BS28: - | BT28: 1 | BU28: =IF(ISBLANK($G28)=TRUE,"",IF(SIGN(BR28-BT28)=SIGN($G28-$I28),1,0)+IF(BR28=$G28,IF(BT28=$I28,2,0),0)) | BV28: 1 | BW28: - | BX28: 1 | BY28: =IF(ISBLANK($G28)=TRUE,"",IF(SIGN(BV28-BX28)=SIGN($G28-$I28),1,0)+IF(BV28=$G28,IF(BX28=$I28,2,0),0)) | BZ28: 3 | CA28: - | CB28: 1 | CC28: =IF(ISBLANK($G28)=TRUE,"",IF(SIGN(BZ28-CB28)=SIGN($G28-$I28),1,0)+IF(BZ28=$G28,IF(CB28=$I28,2,0),0)) | CD28: 0 | CE28: - | CF28: 2 | CG28: =IF(ISBLANK($G28)=TRUE,"",IF(SIGN(CD28-CF28)=SIGN($G28-$I28),1,0)+IF(CD28=$G28,IF(CF28=$I28,2,0),0)) | CH28: 2 | CI28: - | CJ28: 1 | CK28: =IF(ISBLANK($G28)=TRUE,"",IF(SIGN(CH28-CJ28)=SIGN($G28-$I28),1,0)+IF(CH28=$G28,IF(CJ28=$I28,2,0),0)) | CL28: 1 | CM28: - | CN28: 0 | CO28: =IF(ISBLANK($G28)=TRUE,"",IF(SIGN(CL28-CN28)=SIGN($G28-$I28),1,0)+IF(CL28=$G28,IF(CN28=$I28,2,0),0)) | CP28: 2 | CQ28: - | CR28: 2 | CS28: =IF(ISBLANK($G28)=TRUE,"",IF(SIGN(CP28-CR28)=SIGN($G28-$I28),1,0)+IF(CP28=$G28,IF(CR28=$I28,2,0),0)) | CT28: 1 | CU28: - | CV28: 1 | CW28: =IF(ISBLANK($G28)=TRUE,"",IF(SIGN(CT28-CV28)=SIGN($G28-$I28),1,0)+IF(CT28=$G28,IF(CV28=$I28,2,0),0)) | CX28: 1 | CY28: - | CZ28: 1 | DA28: =IF(ISBLANK($G28)=TRUE,"",IF(SIGN(CX28-CZ28)=SIGN($G28-$I28),1,0)+IF(CX28=$G28,IF(CZ28=$I28,2,0),0)) | DB28: 1 | DC28: - | DD28: 1 | DE28: =IF(ISBLANK($G28)=TRUE,"",IF(SIGN(DB28-DD28)=SIGN($G28-$I28),1,0)+IF(DB28=$G28,IF(DD28=$I28,2,0),0)) | DF28: 2 | DG28: - | DH28: 1 | DI28: =IF(ISBLANK($G28)=TRUE,"",IF(SIGN(DF28-DH28)=SIGN($G28-$I28),1,0)+IF(DF28=$G28,IF(DH28=$I28,2,0),0))
B29: 46199 | C29: 04:00 | D29: Paraguay | E29: - | F29: Australia | H29: - | J29: 1 | K29: - | L29: 1 | M29: =IF(ISBLANK($G29)=TRUE,"",IF(SIGN(J29-L29)=SIGN($G29-$I29),1,0)+IF(J29=$G29,IF(L29=$I29,2,0),0)) | N29: 1 | O29: - | P29: 0 | Q29: =IF(ISBLANK($G29)=TRUE,"",IF(SIGN(N29-P29)=SIGN($G29-$I29),1,0)+IF(N29=$G29,IF(P29=$I29,2,0),0)) | R29: 2 | S29: - | T29: 0 | U29: =IF(ISBLANK($G29)=TRUE,"",IF(SIGN(R29-T29)=SIGN($G29-$I29),1,0)+IF(R29=$G29,IF(T29=$I29,2,0),0)) | V29: 2 | W29: - | X29: 2 | Y29: =IF(ISBLANK($G29)=TRUE,"",IF(SIGN(V29-X29)=SIGN($G29-$I29),1,0)+IF(V29=$G29,IF(X29=$I29,2,0),0)) | Z29: 1 | AA29: - | AB29: 1 | AC29: =IF(ISBLANK($G29)=TRUE,"",IF(SIGN(Z29-AB29)=SIGN($G29-$I29),1,0)+IF(Z29=$G29,IF(AB29=$I29,2,0),0)) | AD29: 0 | AE29: - | AF29: 2 | AG29: =IF(ISBLANK($G29)=TRUE,"",IF(SIGN(AD29-AF29)=SIGN($G29-$I29),1,0)+IF(AD29=$G29,IF(AF29=$I29,2,0),0)) | AH29: 0 | AI29: - | AJ29: 1 | AK29: =IF(ISBLANK($G29)=TRUE,"",IF(SIGN(AH29-AJ29)=SIGN($G29-$I29),1,0)+IF(AH29=$G29,IF(AJ29=$I29,2,0),0)) | AL29: 0 | AM29: - | AN29: 0 | AO29: =IF(ISBLANK($G29)=TRUE,"",IF(SIGN(AL29-AN29)=SIGN($G29-$I29),1,0)+IF(AL29=$G29,IF(AN29=$I29,2,0),0)) | AP29: 1 | AQ29: - | AR29: 0 | AS29: =IF(ISBLANK($G29)=TRUE,"",IF(SIGN(AP29-AR29)=SIGN($G29-$I29),1,0)+IF(AP29=$G29,IF(AR29=$I29,2,0),0)) | AT29: 0 | AU29: - | AV29: 1 | AW29: =IF(ISBLANK($G29)=TRUE,"",IF(SIGN(AT29-AV29)=SIGN($G29-$I29),1,0)+IF(AT29=$G29,IF(AV29=$I29,2,0),0)) | AX29: 2 | AY29: - | AZ29: 1 | BA29: =IF(ISBLANK($G29)=TRUE,"",IF(SIGN(AX29-AZ29)=SIGN($G29-$I29),1,0)+IF(AX29=$G29,IF(AZ29=$I29,2,0),0)) | BB29: 1 | BC29: - | BD29: 1 | BE29: =IF(ISBLANK($G29)=TRUE,"",IF(SIGN(BB29-BD29)=SIGN($G29-$I29),1,0)+IF(BB29=$G29,IF(BD29=$I29,2,0),0)) | BF29: 1 | BG29: - | BH29: 1 | BI29: =IF(ISBLANK($G29)=TRUE,"",IF(SIGN(BF29-BH29)=SIGN($G29-$I29),1,0)+IF(BF29=$G29,IF(BH29=$I29,2,0),0)) | BJ29: 2 | BK29: - | BL29: 0 | BM29: =IF(ISBLANK($G29)=TRUE,"",IF(SIGN(BJ29-BL29)=SIGN($G29-$I29),1,0)+IF(BJ29=$G29,IF(BL29=$I29,2,0),0)) | BN29: 1 | BO29: - | BP29: 1 | BQ29: =IF(ISBLANK($G29)=TRUE,"",IF(SIGN(BN29-BP29)=SIGN($G29-$I29),1,0)+IF(BN29=$G29,IF(BP29=$I29,2,0),0)) | BR29: 1 | BS29: - | BT29: 1 | BU29: =IF(ISBLANK($G29)=TRUE,"",IF(SIGN(BR29-BT29)=SIGN($G29-$I29),1,0)+IF(BR29=$G29,IF(BT29=$I29,2,0),0)) | BV29: 1 | BW29: - | BX29: 1 | BY29: =IF(ISBLANK($G29)=TRUE,"",IF(SIGN(BV29-BX29)=SIGN($G29-$I29),1,0)+IF(BV29=$G29,IF(BX29=$I29,2,0),0)) | BZ29: 3 | CA29: - | CB29: 1 | CC29: =IF(ISBLANK($G29)=TRUE,"",IF(SIGN(BZ29-CB29)=SIGN($G29-$I29),1,0)+IF(BZ29=$G29,IF(CB29=$I29,2,0),0)) | CD29: 1 | CE29: - | CF29: 1 | CG29: =IF(ISBLANK($G29)=TRUE,"",IF(SIGN(CD29-CF29)=SIGN($G29-$I29),1,0)+IF(CD29=$G29,IF(CF29=$I29,2,0),0)) | CH29: 1 | CI29: - | CJ29: 2 | CK29: =IF(ISBLANK($G29)=TRUE,"",IF(SIGN(CH29-CJ29)=SIGN($G29-$I29),1,0)+IF(CH29=$G29,IF(CJ29=$I29,2,0),0)) | CL29: 0 | CM29: - | CN29: 1 | CO29: =IF(ISBLANK($G29)=TRUE,"",IF(SIGN(CL29-CN29)=SIGN($G29-$I29),1,0)+IF(CL29=$G29,IF(CN29=$I29,2,0),0)) | CP29: 1 | CQ29: - | CR29: 0 | CS29: =IF(ISBLANK($G29)=TRUE,"",IF(SIGN(CP29-CR29)=SIGN($G29-$I29),1,0)+IF(CP29=$G29,IF(CR29=$I29,2,0),0)) | CT29: 0 | CU29: - | CV29: 0 | CW29: =IF(ISBLANK($G29)=TRUE,"",IF(SIGN(CT29-CV29)=SIGN($G29-$I29),1,0)+IF(CT29=$G29,IF(CV29=$I29,2,0),0)) | CX29: 1 | CY29: - | CZ29: 0 | DA29: =IF(ISBLANK($G29)=TRUE,"",IF(SIGN(CX29-CZ29)=SIGN($G29-$I29),1,0)+IF(CX29=$G29,IF(CZ29=$I29,2,0),0)) | DB29: 2 | DC29: - | DD29: 0 | DE29: =IF(ISBLANK($G29)=TRUE,"",IF(SIGN(DB29-DD29)=SIGN($G29-$I29),1,0)+IF(DB29=$G29,IF(DD29=$I29,2,0),0)) | DF29: 0 | DG29: - | DH29: 0 | DI29: =IF(ISBLANK($G29)=TRUE,"",IF(SIGN(DF29-DH29)=SIGN($G29-$I29),1,0)+IF(DF29=$G29,IF(DH29=$I29,2,0),0))
B30: Dato | C30: Kl. | D30: Gruppe E | G30: Resultat
B31: 46187 | C31: 19:00 | D31: Tyskland | E31: - | F31: Curaçao | H31: - | J31: 3 | K31: - | L31: 0 | M31: =IF(ISBLANK($I31)=TRUE,"",IF(SIGN(J31-L31)=SIGN($G31-$I31),1,0)+IF(J31=$G31,IF(L31=$I31,2,0),0)) | N31: 4 | O31: - | P31: 0 | Q31: =IF(ISBLANK($I31)=TRUE,"",IF(SIGN(N31-P31)=SIGN($G31-$I31),1,0)+IF(N31=$G31,IF(P31=$I31,2,0),0)) | R31: 3 | S31: - | T31: 0 | U31: =IF(ISBLANK($I31)=TRUE,"",IF(SIGN(R31-T31)=SIGN($G31-$I31),1,0)+IF(R31=$G31,IF(T31=$I31,2,0),0)) | V31: 4 | W31: - | X31: 0 | Y31: =IF(ISBLANK($I31)=TRUE,"",IF(SIGN(V31-X31)=SIGN($G31-$I31),1,0)+IF(V31=$G31,IF(X31=$I31,2,0),0)) | Z31: 4 | AA31: - | AB31: 0 | AC31: =IF(ISBLANK($I31)=TRUE,"",IF(SIGN(Z31-AB31)=SIGN($G31-$I31),1,0)+IF(Z31=$G31,IF(AB31=$I31,2,0),0)) | AD31: 4 | AE31: - | AF31: 0 | AG31: =IF(ISBLANK($I31)=TRUE,"",IF(SIGN(AD31-AF31)=SIGN($G31-$I31),1,0)+IF(AD31=$G31,IF(AF31=$I31,2,0),0)) | AH31: 4 | AI31: - | AJ31: 0 | AK31: =IF(ISBLANK($I31)=TRUE,"",IF(SIGN(AH31-AJ31)=SIGN($G31-$I31),1,0)+IF(AH31=$G31,IF(AJ31=$I31,2,0),0)) | AL31: 2 | AM31: - | AN31: 0 | AO31: =IF(ISBLANK($I31)=TRUE,"",IF(SIGN(AL31-AN31)=SIGN($G31-$I31),1,0)+IF(AL31=$G31,IF(AN31=$I31,2,0),0)) | AP31: 2 | AQ31: - | AR31: 0 | AS31: =IF(ISBLANK($I31)=TRUE,"",IF(SIGN(AP31-AR31)=SIGN($G31-$I31),1,0)+IF(AP31=$G31,IF(AR31=$I31,2,0),0)) | AT31: 2 | AU31: - | AV31: 1 | AW31: =IF(ISBLANK($I31)=TRUE,"",IF(SIGN(AT31-AV31)=SIGN($G31-$I31),1,0)+IF(AT31=$G31,IF(AV31=$I31,2,0),0)) | AX31: 3 | AY31: - | AZ31: 0 | BA31: =IF(ISBLANK($I31)=TRUE,"",IF(SIGN(AX31-AZ31)=SIGN($G31-$I31),1,0)+IF(AX31=$G31,IF(AZ31=$I31,2,0),0)) | BB31: 5 | BC31: - | BD31: 0 | BE31: =IF(ISBLANK($I31)=TRUE,"",IF(SIGN(BB31-BD31)=SIGN($G31-$I31),1,0)+IF(BB31=$G31,IF(BD31=$I31,2,0),0)) | BF31: 8 | BG31: - | BH31: 0 | BI31: =IF(ISBLANK($I31)=TRUE,"",IF(SIGN(BF31-BH31)=SIGN($G31-$I31),1,0)+IF(BF31=$G31,IF(BH31=$I31,2,0),0)) | BJ31: 3 | BK31: - | BL31: 0 | BM31: =IF(ISBLANK($I31)=TRUE,"",IF(SIGN(BJ31-BL31)=SIGN($G31-$I31),1,0)+IF(BJ31=$G31,IF(BL31=$I31,2,0),0)) | BN31: 4 | BO31: - | BP31: 0 | BQ31: =IF(ISBLANK($I31)=TRUE,"",IF(SIGN(BN31-BP31)=SIGN($G31-$I31),1,0)+IF(BN31=$G31,IF(BP31=$I31,2,0),0)) | BR31: 7 | BS31: - | BT31: 0 | BU31: =IF(ISBLANK($I31)=TRUE,"",IF(SIGN(BR31-BT31)=SIGN($G31-$I31),1,0)+IF(BR31=$G31,IF(BT31=$I31,2,0),0)) | BV31: 4 | BW31: - | BX31: 0 | BY31: =IF(ISBLANK($I31)=TRUE,"",IF(SIGN(BV31-BX31)=SIGN($G31-$I31),1,0)+IF(BV31=$G31,IF(BX31=$I31,2,0),0)) | BZ31: 3 | CA31: - | CB31: 0 | CC31: =IF(ISBLANK($I31)=TRUE,"",IF(SIGN(BZ31-CB31)=SIGN($G31-$I31),1,0)+IF(BZ31=$G31,IF(CB31=$I31,2,0),0)) | CD31: 3 | CE31: - | CF31: 0 | CG31: =IF(ISBLANK($I31)=TRUE,"",IF(SIGN(CD31-CF31)=SIGN($G31-$I31),1,0)+IF(CD31=$G31,IF(CF31=$I31,2,0),0)) | CH31: 6 | CI31: - | CJ31: 0 | CK31: =IF(ISBLANK($I31)=TRUE,"",IF(SIGN(CH31-CJ31)=SIGN($G31-$I31),1,0)+IF(CH31=$G31,IF(CJ31=$I31,2,0),0)) | CL31: 4 | CM31: - | CN31: 0 | CO31: =IF(ISBLANK($I31)=TRUE,"",IF(SIGN(CL31-CN31)=SIGN($G31-$I31),1,0)+IF(CL31=$G31,IF(CN31=$I31,2,0),0)) | CP31: 6 | CQ31: - | CR31: 0 | CS31: =IF(ISBLANK($I31)=TRUE,"",IF(SIGN(CP31-CR31)=SIGN($G31-$I31),1,0)+IF(CP31=$G31,IF(CR31=$I31,2,0),0)) | CT31: 5 | CU31: - | CV31: 0 | CW31: =IF(ISBLANK($I31)=TRUE,"",IF(SIGN(CT31-CV31)=SIGN($G31-$I31),1,0)+IF(CT31=$G31,IF(CV31=$I31,2,0),0)) | CX31: 5 | CY31: - | CZ31: 0 | DA31: =IF(ISBLANK($I31)=TRUE,"",IF(SIGN(CX31-CZ31)=SIGN($G31-$I31),1,0)+IF(CX31=$G31,IF(CZ31=$I31,2,0),0)) | DB31: 2 | DC31: - | DD31: 1 | DE31: =IF(ISBLANK($I31)=TRUE,"",IF(SIGN(DB31-DD31)=SIGN($G31-$I31),1,0)+IF(DB31=$G31,IF(DD31=$I31,2,0),0)) | DF31: 2 | DG31: - | DH31: 0 | DI31: =IF(ISBLANK($I31)=TRUE,"",IF(SIGN(DF31-DH31)=SIGN($G31-$I31),1,0)+IF(DF31=$G31,IF(DH31=$I31,2,0),0))
B32: 46188 | C32: 01:00 | D32: Elfenbenskysten | E32: - | F32: Ecuador | H32: - | J32: 1 | K32: - | L32: 1 | M32: =IF(ISBLANK($G32)=TRUE,"",IF(SIGN(J32-L32)=SIGN($G32-$I32),1,0)+IF(J32=$G32,IF(L32=$I32,2,0),0)) | N32: 1 | O32: - | P32: 1 | Q32: =IF(ISBLANK($G32)=TRUE,"",IF(SIGN(N32-P32)=SIGN($G32-$I32),1,0)+IF(N32=$G32,IF(P32=$I32,2,0),0)) | R32: 1 | S32: - | T32: 1 | U32: =IF(ISBLANK($G32)=TRUE,"",IF(SIGN(R32-T32)=SIGN($G32-$I32),1,0)+IF(R32=$G32,IF(T32=$I32,2,0),0)) | V32: 1 | W32: - | X32: 2 | Y32: =IF(ISBLANK($G32)=TRUE,"",IF(SIGN(V32-X32)=SIGN($G32-$I32),1,0)+IF(V32=$G32,IF(X32=$I32,2,0),0)) | Z32: 2 | AA32: - | AB32: 0 | AC32: =IF(ISBLANK($G32)=TRUE,"",IF(SIGN(Z32-AB32)=SIGN($G32-$I32),1,0)+IF(Z32=$G32,IF(AB32=$I32,2,0),0)) | AD32: 2 | AE32: - | AF32: 1 | AG32: =IF(ISBLANK($G32)=TRUE,"",IF(SIGN(AD32-AF32)=SIGN($G32-$I32),1,0)+IF(AD32=$G32,IF(AF32=$I32,2,0),0)) | AH32: 2 | AI32: - | AJ32: 1 | AK32: =IF(ISBLANK($G32)=TRUE,"",IF(SIGN(AH32-AJ32)=SIGN($G32-$I32),1,0)+IF(AH32=$G32,IF(AJ32=$I32,2,0),0)) | AL32: 0 | AM32: - | AN32: 1 | AO32: =IF(ISBLANK($G32)=TRUE,"",IF(SIGN(AL32-AN32)=SIGN($G32-$I32),1,0)+IF(AL32=$G32,IF(AN32=$I32,2,0),0)) | AP32: 2 | AQ32: - | AR32: 2 | AS32: =IF(ISBLANK($G32)=TRUE,"",IF(SIGN(AP32-AR32)=SIGN($G32-$I32),1,0)+IF(AP32=$G32,IF(AR32=$I32,2,0),0)) | AT32: 1 | AU32: - | AV32: 1 | AW32: =IF(ISBLANK($G32)=TRUE,"",IF(SIGN(AT32-AV32)=SIGN($G32-$I32),1,0)+IF(AT32=$G32,IF(AV32=$I32,2,0),0)) | AX32: 0 | AY32: - | AZ32: 2 | BA32: =IF(ISBLANK($G32)=TRUE,"",IF(SIGN(AX32-AZ32)=SIGN($G32-$I32),1,0)+IF(AX32=$G32,IF(AZ32=$I32,2,0),0)) | BB32: 1 | BC32: - | BD32: 1 | BE32: =IF(ISBLANK($G32)=TRUE,"",IF(SIGN(BB32-BD32)=SIGN($G32-$I32),1,0)+IF(BB32=$G32,IF(BD32=$I32,2,0),0)) | BF32: 1 | BG32: - | BH32: 2 | BI32: =IF(ISBLANK($G32)=TRUE,"",IF(SIGN(BF32-BH32)=SIGN($G32-$I32),1,0)+IF(BF32=$G32,IF(BH32=$I32,2,0),0)) | BJ32: 1 | BK32: - | BL32: 1 | BM32: =IF(ISBLANK($G32)=TRUE,"",IF(SIGN(BJ32-BL32)=SIGN($G32-$I32),1,0)+IF(BJ32=$G32,IF(BL32=$I32,2,0),0)) | BN32: 0 | BO32: - | BP32: 1 | BQ32: =IF(ISBLANK($G32)=TRUE,"",IF(SIGN(BN32-BP32)=SIGN($G32-$I32),1,0)+IF(BN32=$G32,IF(BP32=$I32,2,0),0)) | BR32: 2 | BS32: - | BT32: 1 | BU32: =IF(ISBLANK($G32)=TRUE,"",IF(SIGN(BR32-BT32)=SIGN($G32-$I32),1,0)+IF(BR32=$G32,IF(BT32=$I32,2,0),0)) | BV32: 1 | BW32: - | BX32: 1 | BY32: =IF(ISBLANK($G32)=TRUE,"",IF(SIGN(BV32-BX32)=SIGN($G32-$I32),1,0)+IF(BV32=$G32,IF(BX32=$I32,2,0),0)) | BZ32: 0 | CA32: - | CB32: 2 | CC32: =IF(ISBLANK($G32)=TRUE,"",IF(SIGN(BZ32-CB32)=SIGN($G32-$I32),1,0)+IF(BZ32=$G32,IF(CB32=$I32,2,0),0)) | CD32: 1 | CE32: - | CF32: 1 | CG32: =IF(ISBLANK($G32)=TRUE,"",IF(SIGN(CD32-CF32)=SIGN($G32-$I32),1,0)+IF(CD32=$G32,IF(CF32=$I32,2,0),0)) | CH32: 2 | CI32: - | CJ32: 1 | CK32: =IF(ISBLANK($G32)=TRUE,"",IF(SIGN(CH32-CJ32)=SIGN($G32-$I32),1,0)+IF(CH32=$G32,IF(CJ32=$I32,2,0),0)) | CL32: 1 | CM32: - | CN32: 1 | CO32: =IF(ISBLANK($G32)=TRUE,"",IF(SIGN(CL32-CN32)=SIGN($G32-$I32),1,0)+IF(CL32=$G32,IF(CN32=$I32,2,0),0)) | CP32: 2 | CQ32: - | CR32: 2 | CS32: =IF(ISBLANK($G32)=TRUE,"",IF(SIGN(CP32-CR32)=SIGN($G32-$I32),1,0)+IF(CP32=$G32,IF(CR32=$I32,2,0),0)) | CT32: 3 | CU32: - | CV32: 2 | CW32: =IF(ISBLANK($G32)=TRUE,"",IF(SIGN(CT32-CV32)=SIGN($G32-$I32),1,0)+IF(CT32=$G32,IF(CV32=$I32,2,0),0)) | CX32: 0 | CY32: - | CZ32: 1 | DA32: =IF(ISBLANK($G32)=TRUE,"",IF(SIGN(CX32-CZ32)=SIGN($G32-$I32),1,0)+IF(CX32=$G32,IF(CZ32=$I32,2,0),0)) | DB32: 2 | DC32: - | DD32: 1 | DE32: =IF(ISBLANK($G32)=TRUE,"",IF(SIGN(DB32-DD32)=SIGN($G32-$I32),1,0)+IF(DB32=$G32,IF(DD32=$I32,2,0),0)) | DF32: 0 | DG32: - | DH32: 2 | DI32: =IF(ISBLANK($G32)=TRUE,"",IF(SIGN(DF32-DH32)=SIGN($G32-$I32),1,0)+IF(DF32=$G32,IF(DH32=$I32,2,0),0))
B33: 46193 | C33: 22:00 | D33: Tyskland | E33: - | F33: Elfenbenskysten | H33: - | J33: 2 | K33: - | L33: 1 | M33: =IF(ISBLANK($G33)=TRUE,"",IF(SIGN(J33-L33)=SIGN($G33-$I33),1,0)+IF(J33=$G33,IF(L33=$I33,2,0),0)) | N33: 2 | O33: - | P33: 1 | Q33: =IF(ISBLANK($G33)=TRUE,"",IF(SIGN(N33-P33)=SIGN($G33-$I33),1,0)+IF(N33=$G33,IF(P33=$I33,2,0),0)) | R33: 2 | S33: - | T33: 1 | U33: =IF(ISBLANK($G33)=TRUE,"",IF(SIGN(R33-T33)=SIGN($G33-$I33),1,0)+IF(R33=$G33,IF(T33=$I33,2,0),0)) | V33: 2 | W33: - | X33: 0 | Y33: =IF(ISBLANK($G33)=TRUE,"",IF(SIGN(V33-X33)=SIGN($G33-$I33),1,0)+IF(V33=$G33,IF(X33=$I33,2,0),0)) | Z33: 3 | AA33: - | AB33: 1 | AC33: =IF(ISBLANK($G33)=TRUE,"",IF(SIGN(Z33-AB33)=SIGN($G33-$I33),1,0)+IF(Z33=$G33,IF(AB33=$I33,2,0),0)) | AD33: 3 | AE33: - | AF33: 1 | AG33: =IF(ISBLANK($G33)=TRUE,"",IF(SIGN(AD33-AF33)=SIGN($G33-$I33),1,0)+IF(AD33=$G33,IF(AF33=$I33,2,0),0)) | AH33: 2 | AI33: - | AJ33: 0 | AK33: =IF(ISBLANK($G33)=TRUE,"",IF(SIGN(AH33-AJ33)=SIGN($G33-$I33),1,0)+IF(AH33=$G33,IF(AJ33=$I33,2,0),0)) | AL33: 1 | AM33: - | AN33: 0 | AO33: =IF(ISBLANK($G33)=TRUE,"",IF(SIGN(AL33-AN33)=SIGN($G33-$I33),1,0)+IF(AL33=$G33,IF(AN33=$I33,2,0),0)) | AP33: 1 | AQ33: - | AR33: 0 | AS33: =IF(ISBLANK($G33)=TRUE,"",IF(SIGN(AP33-AR33)=SIGN($G33-$I33),1,0)+IF(AP33=$G33,IF(AR33=$I33,2,0),0)) | AT33: 0 | AU33: - | AV33: 0 | AW33: =IF(ISBLANK($G33)=TRUE,"",IF(SIGN(AT33-AV33)=SIGN($G33-$I33),1,0)+IF(AT33=$G33,IF(AV33=$I33,2,0),0)) | AX33: 2 | AY33: - | AZ33: 0 | BA33: =IF(ISBLANK($G33)=TRUE,"",IF(SIGN(AX33-AZ33)=SIGN($G33-$I33),1,0)+IF(AX33=$G33,IF(AZ33=$I33,2,0),0)) | BB33: 1 | BC33: - | BD33: 1 | BE33: =IF(ISBLANK($G33)=TRUE,"",IF(SIGN(BB33-BD33)=SIGN($G33-$I33),1,0)+IF(BB33=$G33,IF(BD33=$I33,2,0),0)) | BF33: 3 | BG33: - | BH33: 0 | BI33: =IF(ISBLANK($G33)=TRUE,"",IF(SIGN(BF33-BH33)=SIGN($G33-$I33),1,0)+IF(BF33=$G33,IF(BH33=$I33,2,0),0)) | BJ33: 2 | BK33: - | BL33: 1 | BM33: =IF(ISBLANK($G33)=TRUE,"",IF(SIGN(BJ33-BL33)=SIGN($G33-$I33),1,0)+IF(BJ33=$G33,IF(BL33=$I33,2,0),0)) | BN33: 2 | BO33: - | BP33: 0 | BQ33: =IF(ISBLANK($G33)=TRUE,"",IF(SIGN(BN33-BP33)=SIGN($G33-$I33),1,0)+IF(BN33=$G33,IF(BP33=$I33,2,0),0)) | BR33: 2 | BS33: - | BT33: 1 | BU33: =IF(ISBLANK($G33)=TRUE,"",IF(SIGN(BR33-BT33)=SIGN($G33-$I33),1,0)+IF(BR33=$G33,IF(BT33=$I33,2,0),0)) | BV33: 1 | BW33: - | BX33: 0 | BY33: =IF(ISBLANK($G33)=TRUE,"",IF(SIGN(BV33-BX33)=SIGN($G33-$I33),1,0)+IF(BV33=$G33,IF(BX33=$I33,2,0),0)) | BZ33: 2 | CA33: - | CB33: 0 | CC33: =IF(ISBLANK($G33)=TRUE,"",IF(SIGN(BZ33-CB33)=SIGN($G33-$I33),1,0)+IF(BZ33=$G33,IF(CB33=$I33,2,0),0)) | CD33: 2 | CE33: - | CF33: 1 | CG33: =IF(ISBLANK($G33)=TRUE,"",IF(SIGN(CD33-CF33)=SIGN($G33-$I33),1,0)+IF(CD33=$G33,IF(CF33=$I33,2,0),0)) | CH33: 3 | CI33: - | CJ33: 1 | CK33: =IF(ISBLANK($G33)=TRUE,"",IF(SIGN(CH33-CJ33)=SIGN($G33-$I33),1,0)+IF(CH33=$G33,IF(CJ33=$I33,2,0),0)) | CL33: 3 | CM33: - | CN33: 1 | CO33: =IF(ISBLANK($G33)=TRUE,"",IF(SIGN(CL33-CN33)=SIGN($G33-$I33),1,0)+IF(CL33=$G33,IF(CN33=$I33,2,0),0)) | CP33: 3 | CQ33: - | CR33: 1 | CS33: =IF(ISBLANK($G33)=TRUE,"",IF(SIGN(CP33-CR33)=SIGN($G33-$I33),1,0)+IF(CP33=$G33,IF(CR33=$I33,2,0),0)) | CT33: 4 | CU33: - | CV33: 1 | CW33: =IF(ISBLANK($G33)=TRUE,"",IF(SIGN(CT33-CV33)=SIGN($G33-$I33),1,0)+IF(CT33=$G33,IF(CV33=$I33,2,0),0)) | CX33: 2 | CY33: - | CZ33: 0 | DA33: =IF(ISBLANK($G33)=TRUE,"",IF(SIGN(CX33-CZ33)=SIGN($G33-$I33),1,0)+IF(CX33=$G33,IF(CZ33=$I33,2,0),0)) | DB33: 3 | DC33: - | DD33: 0 | DE33: =IF(ISBLANK($G33)=TRUE,"",IF(SIGN(DB33-DD33)=SIGN($G33-$I33),1,0)+IF(DB33=$G33,IF(DD33=$I33,2,0),0)) | DF33: 2 | DG33: - | DH33: 1 | DI33: =IF(ISBLANK($G33)=TRUE,"",IF(SIGN(DF33-DH33)=SIGN($G33-$I33),1,0)+IF(DF33=$G33,IF(DH33=$I33,2,0),0))
B34: 46194 | C34: 02:00 | D34: Ecuador | E34: - | F34: Curaçao | H34: - | J34: 2 | K34: - | L34: 0 | M34: =IF(ISBLANK($G34)=TRUE,"",IF(SIGN(J34-L34)=SIGN($G34-$I34),1,0)+IF(J34=$G34,IF(L34=$I34,2,0),0)) | N34: 2 | O34: - | P34: 0 | Q34: =IF(ISBLANK($G34)=TRUE,"",IF(SIGN(N34-P34)=SIGN($G34-$I34),1,0)+IF(N34=$G34,IF(P34=$I34,2,0),0)) | R34: 2 | S34: - | T34: 0 | U34: =IF(ISBLANK($G34)=TRUE,"",IF(SIGN(R34-T34)=SIGN($G34-$I34),1,0)+IF(R34=$G34,IF(T34=$I34,2,0),0)) | V34: 2 | W34: - | X34: 0 | Y34: =IF(ISBLANK($G34)=TRUE,"",IF(SIGN(V34-X34)=SIGN($G34-$I34),1,0)+IF(V34=$G34,IF(X34=$I34,2,0),0)) | Z34: 2 | AA34: - | AB34: 0 | AC34: =IF(ISBLANK($G34)=TRUE,"",IF(SIGN(Z34-AB34)=SIGN($G34-$I34),1,0)+IF(Z34=$G34,IF(AB34=$I34,2,0),0)) | AD34: 2 | AE34: - | AF34: 0 | AG34: =IF(ISBLANK($G34)=TRUE,"",IF(SIGN(AD34-AF34)=SIGN($G34-$I34),1,0)+IF(AD34=$G34,IF(AF34=$I34,2,0),0)) | AH34: 2 | AI34: - | AJ34: 0 | AK34: =IF(ISBLANK($G34)=TRUE,"",IF(SIGN(AH34-AJ34)=SIGN($G34-$I34),1,0)+IF(AH34=$G34,IF(AJ34=$I34,2,0),0)) | AL34: 1 | AM34: - | AN34: 0 | AO34: =IF(ISBLANK($G34)=TRUE,"",IF(SIGN(AL34-AN34)=SIGN($G34-$I34),1,0)+IF(AL34=$G34,IF(AN34=$I34,2,0),0)) | AP34: 2 | AQ34: - | AR34: 1 | AS34: =IF(ISBLANK($G34)=TRUE,"",IF(SIGN(AP34-AR34)=SIGN($G34-$I34),1,0)+IF(AP34=$G34,IF(AR34=$I34,2,0),0)) | AT34: 1 | AU34: - | AV34: 0 | AW34: =IF(ISBLANK($G34)=TRUE,"",IF(SIGN(AT34-AV34)=SIGN($G34-$I34),1,0)+IF(AT34=$G34,IF(AV34=$I34,2,0),0)) | AX34: 1 | AY34: - | AZ34: 0 | BA34: =IF(ISBLANK($G34)=TRUE,"",IF(SIGN(AX34-AZ34)=SIGN($G34-$I34),1,0)+IF(AX34=$G34,IF(AZ34=$I34,2,0),0)) | BB34: 3 | BC34: - | BD34: 0 | BE34: =IF(ISBLANK($G34)=TRUE,"",IF(SIGN(BB34-BD34)=SIGN($G34-$I34),1,0)+IF(BB34=$G34,IF(BD34=$I34,2,0),0)) | BF34: 4 | BG34: - | BH34: 0 | BI34: =IF(ISBLANK($G34)=TRUE,"",IF(SIGN(BF34-BH34)=SIGN($G34-$I34),1,0)+IF(BF34=$G34,IF(BH34=$I34,2,0),0)) | BJ34: 2 | BK34: - | BL34: 0 | BM34: =IF(ISBLANK($G34)=TRUE,"",IF(SIGN(BJ34-BL34)=SIGN($G34-$I34),1,0)+IF(BJ34=$G34,IF(BL34=$I34,2,0),0)) | BN34: 3 | BO34: - | BP34: 0 | BQ34: =IF(ISBLANK($G34)=TRUE,"",IF(SIGN(BN34-BP34)=SIGN($G34-$I34),1,0)+IF(BN34=$G34,IF(BP34=$I34,2,0),0)) | BR34: 3 | BS34: - | BT34: 0 | BU34: =IF(ISBLANK($G34)=TRUE,"",IF(SIGN(BR34-BT34)=SIGN($G34-$I34),1,0)+IF(BR34=$G34,IF(BT34=$I34,2,0),0)) | BV34: 4 | BW34: - | BX34: 1 | BY34: =IF(ISBLANK($G34)=TRUE,"",IF(SIGN(BV34-BX34)=SIGN($G34-$I34),1,0)+IF(BV34=$G34,IF(BX34=$I34,2,0),0)) | BZ34: 3 | CA34: - | CB34: 1 | CC34: =IF(ISBLANK($G34)=TRUE,"",IF(SIGN(BZ34-CB34)=SIGN($G34-$I34),1,0)+IF(BZ34=$G34,IF(CB34=$I34,2,0),0)) | CD34: 3 | CE34: - | CF34: 0 | CG34: =IF(ISBLANK($G34)=TRUE,"",IF(SIGN(CD34-CF34)=SIGN($G34-$I34),1,0)+IF(CD34=$G34,IF(CF34=$I34,2,0),0)) | CH34: 3 | CI34: - | CJ34: 1 | CK34: =IF(ISBLANK($G34)=TRUE,"",IF(SIGN(CH34-CJ34)=SIGN($G34-$I34),1,0)+IF(CH34=$G34,IF(CJ34=$I34,2,0),0)) | CL34: 2 | CM34: - | CN34: 0 | CO34: =IF(ISBLANK($G34)=TRUE,"",IF(SIGN(CL34-CN34)=SIGN($G34-$I34),1,0)+IF(CL34=$G34,IF(CN34=$I34,2,0),0)) | CP34: 5 | CQ34: - | CR34: 0 | CS34: =IF(ISBLANK($G34)=TRUE,"",IF(SIGN(CP34-CR34)=SIGN($G34-$I34),1,0)+IF(CP34=$G34,IF(CR34=$I34,2,0),0)) | CT34: 2 | CU34: - | CV34: 0 | CW34: =IF(ISBLANK($G34)=TRUE,"",IF(SIGN(CT34-CV34)=SIGN($G34-$I34),1,0)+IF(CT34=$G34,IF(CV34=$I34,2,0),0)) | CX34: 4 | CY34: - | CZ34: 0 | DA34: =IF(ISBLANK($G34)=TRUE,"",IF(SIGN(CX34-CZ34)=SIGN($G34-$I34),1,0)+IF(CX34=$G34,IF(CZ34=$I34,2,0),0)) | DB34: 2 | DC34: - | DD34: 1 | DE34: =IF(ISBLANK($G34)=TRUE,"",IF(SIGN(DB34-DD34)=SIGN($G34-$I34),1,0)+IF(DB34=$G34,IF(DD34=$I34,2,0),0)) | DF34: 2 | DG34: - | DH34: 2 | DI34: =IF(ISBLANK($G34)=TRUE,"",IF(SIGN(DF34-DH34)=SIGN($G34-$I34),1,0)+IF(DF34=$G34,IF(DH34=$I34,2,0),0))
B35: 46198 | C35: 22:00 | D35: Curaçao | E35: - | F35: Elfenbenskysten | H35: - | J35: 1 | K35: - | L35: 3 | M35: =IF(ISBLANK($G35)=TRUE,"",IF(SIGN(J35-L35)=SIGN($G35-$I35),1,0)+IF(J35=$G35,IF(L35=$I35,2,0),0)) | N35: 0 | O35: - | P35: 2 | Q35: =IF(ISBLANK($G35)=TRUE,"",IF(SIGN(N35-P35)=SIGN($G35-$I35),1,0)+IF(N35=$G35,IF(P35=$I35,2,0),0)) | R35: 0 | S35: - | T35: 2 | U35: =IF(ISBLANK($G35)=TRUE,"",IF(SIGN(R35-T35)=SIGN($G35-$I35),1,0)+IF(R35=$G35,IF(T35=$I35,2,0),0)) | V35: 0 | W35: - | X35: 2 | Y35: =IF(ISBLANK($G35)=TRUE,"",IF(SIGN(V35-X35)=SIGN($G35-$I35),1,0)+IF(V35=$G35,IF(X35=$I35,2,0),0)) | Z35: 0 | AA35: - | AB35: 3 | AC35: =IF(ISBLANK($G35)=TRUE,"",IF(SIGN(Z35-AB35)=SIGN($G35-$I35),1,0)+IF(Z35=$G35,IF(AB35=$I35,2,0),0)) | AD35: 1 | AE35: - | AF35: 2 | AG35: =IF(ISBLANK($G35)=TRUE,"",IF(SIGN(AD35-AF35)=SIGN($G35-$I35),1,0)+IF(AD35=$G35,IF(AF35=$I35,2,0),0)) | AH35: 0 | AI35: - | AJ35: 2 | AK35: =IF(ISBLANK($G35)=TRUE,"",IF(SIGN(AH35-AJ35)=SIGN($G35-$I35),1,0)+IF(AH35=$G35,IF(AJ35=$I35,2,0),0)) | AL35: 0 | AM35: - | AN35: 1 | AO35: =IF(ISBLANK($G35)=TRUE,"",IF(SIGN(AL35-AN35)=SIGN($G35-$I35),1,0)+IF(AL35=$G35,IF(AN35=$I35,2,0),0)) | AP35: 1 | AQ35: - | AR35: 2 | AS35: =IF(ISBLANK($G35)=TRUE,"",IF(SIGN(AP35-AR35)=SIGN($G35-$I35),1,0)+IF(AP35=$G35,IF(AR35=$I35,2,0),0)) | AT35: 0 | AU35: - | AV35: 0 | AW35: =IF(ISBLANK($G35)=TRUE,"",IF(SIGN(AT35-AV35)=SIGN($G35-$I35),1,0)+IF(AT35=$G35,IF(AV35=$I35,2,0),0)) | AX35: 1 | AY35: - | AZ35: 1 | BA35: =IF(ISBLANK($G35)=TRUE,"",IF(SIGN(AX35-AZ35)=SIGN($G35-$I35),1,0)+IF(AX35=$G35,IF(AZ35=$I35,2,0),0)) | BB35: 0 | BC35: - | BD35: 3 | BE35: =IF(ISBLANK($G35)=TRUE,"",IF(SIGN(BB35-BD35)=SIGN($G35-$I35),1,0)+IF(BB35=$G35,IF(BD35=$I35,2,0),0)) | BF35: 0 | BG35: - | BH35: 3 | BI35: =IF(ISBLANK($G35)=TRUE,"",IF(SIGN(BF35-BH35)=SIGN($G35-$I35),1,0)+IF(BF35=$G35,IF(BH35=$I35,2,0),0)) | BJ35: 1 | BK35: - | BL35: 2 | BM35: =IF(ISBLANK($G35)=TRUE,"",IF(SIGN(BJ35-BL35)=SIGN($G35-$I35),1,0)+IF(BJ35=$G35,IF(BL35=$I35,2,0),0)) | BN35: 0 | BO35: - | BP35: 2 | BQ35: =IF(ISBLANK($G35)=TRUE,"",IF(SIGN(BN35-BP35)=SIGN($G35-$I35),1,0)+IF(BN35=$G35,IF(BP35=$I35,2,0),0)) | BR35: 0 | BS35: - | BT35: 6 | BU35: =IF(ISBLANK($G35)=TRUE,"",IF(SIGN(BR35-BT35)=SIGN($G35-$I35),1,0)+IF(BR35=$G35,IF(BT35=$I35,2,0),0)) | BV35: 1 | BW35: - | BX35: 3 | BY35: =IF(ISBLANK($G35)=TRUE,"",IF(SIGN(BV35-BX35)=SIGN($G35-$I35),1,0)+IF(BV35=$G35,IF(BX35=$I35,2,0),0)) | BZ35: 2 | CA35: - | CB35: 2 | CC35: =IF(ISBLANK($G35)=TRUE,"",IF(SIGN(BZ35-CB35)=SIGN($G35-$I35),1,0)+IF(BZ35=$G35,IF(CB35=$I35,2,0),0)) | CD35: 0 | CE35: - | CF35: 2 | CG35: =IF(ISBLANK($G35)=TRUE,"",IF(SIGN(CD35-CF35)=SIGN($G35-$I35),1,0)+IF(CD35=$G35,IF(CF35=$I35,2,0),0)) | CH35: 0 | CI35: - | CJ35: 3 | CK35: =IF(ISBLANK($G35)=TRUE,"",IF(SIGN(CH35-CJ35)=SIGN($G35-$I35),1,0)+IF(CH35=$G35,IF(CJ35=$I35,2,0),0)) | CL35: 1 | CM35: - | CN35: 2 | CO35: =IF(ISBLANK($G35)=TRUE,"",IF(SIGN(CL35-CN35)=SIGN($G35-$I35),1,0)+IF(CL35=$G35,IF(CN35=$I35,2,0),0)) | CP35: 0 | CQ35: - | CR35: 4 | CS35: =IF(ISBLANK($G35)=TRUE,"",IF(SIGN(CP35-CR35)=SIGN($G35-$I35),1,0)+IF(CP35=$G35,IF(CR35=$I35,2,0),0)) | CT35: 0 | CU35: - | CV35: 2 | CW35: =IF(ISBLANK($G35)=TRUE,"",IF(SIGN(CT35-CV35)=SIGN($G35-$I35),1,0)+IF(CT35=$G35,IF(CV35=$I35,2,0),0)) | CX35: 0 | CY35: - | CZ35: 3 | DA35: =IF(ISBLANK($G35)=TRUE,"",IF(SIGN(CX35-CZ35)=SIGN($G35-$I35),1,0)+IF(CX35=$G35,IF(CZ35=$I35,2,0),0)) | DB35: 0 | DC35: - | DD35: 4 | DE35: =IF(ISBLANK($G35)=TRUE,"",IF(SIGN(DB35-DD35)=SIGN($G35-$I35),1,0)+IF(DB35=$G35,IF(DD35=$I35,2,0),0)) | DF35: 0 | DG35: - | DH35: 1 | DI35: =IF(ISBLANK($G35)=TRUE,"",IF(SIGN(DF35-DH35)=SIGN($G35-$I35),1,0)+IF(DF35=$G35,IF(DH35=$I35,2,0),0))
B36: 46198 | C36: 22:00 | D36: Ecuador | E36: - | F36: Tyskland | H36: - | J36: 1 | K36: - | L36: 1 | M36: =IF(ISBLANK($G36)=TRUE,"",IF(SIGN(J36-L36)=SIGN($G36-$I36),1,0)+IF(J36=$G36,IF(L36=$I36,2,0),0)) | N36: 0 | O36: - | P36: 2 | Q36: =IF(ISBLANK($G36)=TRUE,"",IF(SIGN(N36-P36)=SIGN($G36-$I36),1,0)+IF(N36=$G36,IF(P36=$I36,2,0),0)) | R36: 1 | S36: - | T36: 3 | U36: =IF(ISBLANK($G36)=TRUE,"",IF(SIGN(R36-T36)=SIGN($G36-$I36),1,0)+IF(R36=$G36,IF(T36=$I36,2,0),0)) | V36: 0 | W36: - | X36: 2 | Y36: =IF(ISBLANK($G36)=TRUE,"",IF(SIGN(V36-X36)=SIGN($G36-$I36),1,0)+IF(V36=$G36,IF(X36=$I36,2,0),0)) | Z36: 0 | AA36: - | AB36: 3 | AC36: =IF(ISBLANK($G36)=TRUE,"",IF(SIGN(Z36-AB36)=SIGN($G36-$I36),1,0)+IF(Z36=$G36,IF(AB36=$I36,2,0),0)) | AD36: 1 | AE36: - | AF36: 2 | AG36: =IF(ISBLANK($G36)=TRUE,"",IF(SIGN(AD36-AF36)=SIGN($G36-$I36),1,0)+IF(AD36=$G36,IF(AF36=$I36,2,0),0)) | AH36: 0 | AI36: - | AJ36: 2 | AK36: =IF(ISBLANK($G36)=TRUE,"",IF(SIGN(AH36-AJ36)=SIGN($G36-$I36),1,0)+IF(AH36=$G36,IF(AJ36=$I36,2,0),0)) | AL36: 0 | AM36: - | AN36: 1 | AO36: =IF(ISBLANK($G36)=TRUE,"",IF(SIGN(AL36-AN36)=SIGN($G36-$I36),1,0)+IF(AL36=$G36,IF(AN36=$I36,2,0),0)) | AP36: 0 | AQ36: - | AR36: 2 | AS36: =IF(ISBLANK($G36)=TRUE,"",IF(SIGN(AP36-AR36)=SIGN($G36-$I36),1,0)+IF(AP36=$G36,IF(AR36=$I36,2,0),0)) | AT36: 0 | AU36: - | AV36: 2 | AW36: =IF(ISBLANK($G36)=TRUE,"",IF(SIGN(AT36-AV36)=SIGN($G36-$I36),1,0)+IF(AT36=$G36,IF(AV36=$I36,2,0),0)) | AX36: 1 | AY36: - | AZ36: 2 | BA36: =IF(ISBLANK($G36)=TRUE,"",IF(SIGN(AX36-AZ36)=SIGN($G36-$I36),1,0)+IF(AX36=$G36,IF(AZ36=$I36,2,0),0)) | BB36: 1 | BC36: - | BD36: 1 | BE36: =IF(ISBLANK($G36)=TRUE,"",IF(SIGN(BB36-BD36)=SIGN($G36-$I36),1,0)+IF(BB36=$G36,IF(BD36=$I36,2,0),0)) | BF36: 1 | BG36: - | BH36: 3 | BI36: =IF(ISBLANK($G36)=TRUE,"",IF(SIGN(BF36-BH36)=SIGN($G36-$I36),1,0)+IF(BF36=$G36,IF(BH36=$I36,2,0),0)) | BJ36: 1 | BK36: - | BL36: 2 | BM36: =IF(ISBLANK($G36)=TRUE,"",IF(SIGN(BJ36-BL36)=SIGN($G36-$I36),1,0)+IF(BJ36=$G36,IF(BL36=$I36,2,0),0)) | BN36: 1 | BO36: - | BP36: 2 | BQ36: =IF(ISBLANK($G36)=TRUE,"",IF(SIGN(BN36-BP36)=SIGN($G36-$I36),1,0)+IF(BN36=$G36,IF(BP36=$I36,2,0),0)) | BR36: 1 | BS36: - | BT36: 1 | BU36: =IF(ISBLANK($G36)=TRUE,"",IF(SIGN(BR36-BT36)=SIGN($G36-$I36),1,0)+IF(BR36=$G36,IF(BT36=$I36,2,0),0)) | BV36: 1 | BW36: - | BX36: 1 | BY36: =IF(ISBLANK($G36)=TRUE,"",IF(SIGN(BV36-BX36)=SIGN($G36-$I36),1,0)+IF(BV36=$G36,IF(BX36=$I36,2,0),0)) | BZ36: 1 | CA36: - | CB36: 2 | CC36: =IF(ISBLANK($G36)=TRUE,"",IF(SIGN(BZ36-CB36)=SIGN($G36-$I36),1,0)+IF(BZ36=$G36,IF(CB36=$I36,2,0),0)) | CD36: 0 | CE36: - | CF36: 2 | CG36: =IF(ISBLANK($G36)=TRUE,"",IF(SIGN(CD36-CF36)=SIGN($G36-$I36),1,0)+IF(CD36=$G36,IF(CF36=$I36,2,0),0)) | CH36: 1 | CI36: - | CJ36: 3 | CK36: =IF(ISBLANK($G36)=TRUE,"",IF(SIGN(CH36-CJ36)=SIGN($G36-$I36),1,0)+IF(CH36=$G36,IF(CJ36=$I36,2,0),0)) | CL36: 1 | CM36: - | CN36: 2 | CO36: =IF(ISBLANK($G36)=TRUE,"",IF(SIGN(CL36-CN36)=SIGN($G36-$I36),1,0)+IF(CL36=$G36,IF(CN36=$I36,2,0),0)) | CP36: 2 | CQ36: - | CR36: 3 | CS36: =IF(ISBLANK($G36)=TRUE,"",IF(SIGN(CP36-CR36)=SIGN($G36-$I36),1,0)+IF(CP36=$G36,IF(CR36=$I36,2,0),0)) | CT36: 1 | CU36: - | CV36: 3 | CW36: =IF(ISBLANK($G36)=TRUE,"",IF(SIGN(CT36-CV36)=SIGN($G36-$I36),1,0)+IF(CT36=$G36,IF(CV36=$I36,2,0),0)) | CX36: 1 | CY36: - | CZ36: 2 | DA36: =IF(ISBLANK($G36)=TRUE,"",IF(SIGN(CX36-CZ36)=SIGN($G36-$I36),1,0)+IF(CX36=$G36,IF(CZ36=$I36,2,0),0)) | DB36: 0 | DC36: - | DD36: 5 | DE36: =IF(ISBLANK($G36)=TRUE,"",IF(SIGN(DB36-DD36)=SIGN($G36-$I36),1,0)+IF(DB36=$G36,IF(DD36=$I36,2,0),0)) | DF36: 0 | DG36: - | DH36: 2 | DI36: =IF(ISBLANK($G36)=TRUE,"",IF(SIGN(DF36-DH36)=SIGN($G36-$I36),1,0)+IF(DF36=$G36,IF(DH36=$I36,2,0),0))
B37: Dato | C37: Kl. | D37: Gruppe F | G37: Resultat
B38: 46187 | C38: 22:00 | D38: Nederland | E38: - | F38: Japan | H38: - | J38: 1 | K38: - | L38: 1 | M38: =IF(ISBLANK($I38)=TRUE,"",IF(SIGN(J38-L38)=SIGN($G38-$I38),1,0)+IF(J38=$G38,IF(L38=$I38,2,0),0)) | N38: 2 | O38: - | P38: 1 | Q38: =IF(ISBLANK($I38)=TRUE,"",IF(SIGN(N38-P38)=SIGN($G38-$I38),1,0)+IF(N38=$G38,IF(P38=$I38,2,0),0)) | R38: 2 | S38: - | T38: 2 | U38: =IF(ISBLANK($I38)=TRUE,"",IF(SIGN(R38-T38)=SIGN($G38-$I38),1,0)+IF(R38=$G38,IF(T38=$I38,2,0),0)) | V38: 3 | W38: - | X38: 1 | Y38: =IF(ISBLANK($I38)=TRUE,"",IF(SIGN(V38-X38)=SIGN($G38-$I38),1,0)+IF(V38=$G38,IF(X38=$I38,2,0),0)) | Z38: 2 | AA38: - | AB38: 1 | AC38: =IF(ISBLANK($I38)=TRUE,"",IF(SIGN(Z38-AB38)=SIGN($G38-$I38),1,0)+IF(Z38=$G38,IF(AB38=$I38,2,0),0)) | AD38: 1 | AE38: - | AF38: 1 | AG38: =IF(ISBLANK($I38)=TRUE,"",IF(SIGN(AD38-AF38)=SIGN($G38-$I38),1,0)+IF(AD38=$G38,IF(AF38=$I38,2,0),0)) | AH38: 2 | AI38: - | AJ38: 0 | AK38: =IF(ISBLANK($I38)=TRUE,"",IF(SIGN(AH38-AJ38)=SIGN($G38-$I38),1,0)+IF(AH38=$G38,IF(AJ38=$I38,2,0),0)) | AL38: 1 | AM38: - | AN38: 0 | AO38: =IF(ISBLANK($I38)=TRUE,"",IF(SIGN(AL38-AN38)=SIGN($G38-$I38),1,0)+IF(AL38=$G38,IF(AN38=$I38,2,0),0)) | AP38: 3 | AQ38: - | AR38: 0 | AS38: =IF(ISBLANK($I38)=TRUE,"",IF(SIGN(AP38-AR38)=SIGN($G38-$I38),1,0)+IF(AP38=$G38,IF(AR38=$I38,2,0),0)) | AT38: 2 | AU38: - | AV38: 0 | AW38: =IF(ISBLANK($I38)=TRUE,"",IF(SIGN(AT38-AV38)=SIGN($G38-$I38),1,0)+IF(AT38=$G38,IF(AV38=$I38,2,0),0)) | AX38: 2 | AY38: - | AZ38: 0 | BA38: =IF(ISBLANK($I38)=TRUE,"",IF(SIGN(AX38-AZ38)=SIGN($G38-$I38),1,0)+IF(AX38=$G38,IF(AZ38=$I38,2,0),0)) | BB38: 1 | BC38: - | BD38: 1 | BE38: =IF(ISBLANK($I38)=TRUE,"",IF(SIGN(BB38-BD38)=SIGN($G38-$I38),1,0)+IF(BB38=$G38,IF(BD38=$I38,2,0),0)) | BF38: 0 | BG38: - | BH38: 1 | BI38: =IF(ISBLANK($I38)=TRUE,"",IF(SIGN(BF38-BH38)=SIGN($G38-$I38),1,0)+IF(BF38=$G38,IF(BH38=$I38,2,0),0)) | BJ38: 0 | BK38: - | BL38: 1 | BM38: =IF(ISBLANK($I38)=TRUE,"",IF(SIGN(BJ38-BL38)=SIGN($G38-$I38),1,0)+IF(BJ38=$G38,IF(BL38=$I38,2,0),0)) | BN38: 2 | BO38: - | BP38: 1 | BQ38: =IF(ISBLANK($I38)=TRUE,"",IF(SIGN(BN38-BP38)=SIGN($G38-$I38),1,0)+IF(BN38=$G38,IF(BP38=$I38,2,0),0)) | BR38: 2 | BS38: - | BT38: 2 | BU38: =IF(ISBLANK($I38)=TRUE,"",IF(SIGN(BR38-BT38)=SIGN($G38-$I38),1,0)+IF(BR38=$G38,IF(BT38=$I38,2,0),0)) | BV38: 2 | BW38: - | BX38: 1 | BY38: =IF(ISBLANK($I38)=TRUE,"",IF(SIGN(BV38-BX38)=SIGN($G38-$I38),1,0)+IF(BV38=$G38,IF(BX38=$I38,2,0),0)) | BZ38: 3 | CA38: - | CB38: 0 | CC38: =IF(ISBLANK($I38)=TRUE,"",IF(SIGN(BZ38-CB38)=SIGN($G38-$I38),1,0)+IF(BZ38=$G38,IF(CB38=$I38,2,0),0)) | CD38: 2 | CE38: - | CF38: 1 | CG38: =IF(ISBLANK($I38)=TRUE,"",IF(SIGN(CD38-CF38)=SIGN($G38-$I38),1,0)+IF(CD38=$G38,IF(CF38=$I38,2,0),0)) | CH38: 3 | CI38: - | CJ38: 1 | CK38: =IF(ISBLANK($I38)=TRUE,"",IF(SIGN(CH38-CJ38)=SIGN($G38-$I38),1,0)+IF(CH38=$G38,IF(CJ38=$I38,2,0),0)) | CL38: 2 | CM38: - | CN38: 0 | CO38: =IF(ISBLANK($I38)=TRUE,"",IF(SIGN(CL38-CN38)=SIGN($G38-$I38),1,0)+IF(CL38=$G38,IF(CN38=$I38,2,0),0)) | CP38: 3 | CQ38: - | CR38: 1 | CS38: =IF(ISBLANK($I38)=TRUE,"",IF(SIGN(CP38-CR38)=SIGN($G38-$I38),1,0)+IF(CP38=$G38,IF(CR38=$I38,2,0),0)) | CT38: 2 | CU38: - | CV38: 0 | CW38: =IF(ISBLANK($I38)=TRUE,"",IF(SIGN(CT38-CV38)=SIGN($G38-$I38),1,0)+IF(CT38=$G38,IF(CV38=$I38,2,0),0)) | CX38: 2 | CY38: - | CZ38: 1 | DA38: =IF(ISBLANK($I38)=TRUE,"",IF(SIGN(CX38-CZ38)=SIGN($G38-$I38),1,0)+IF(CX38=$G38,IF(CZ38=$I38,2,0),0)) | DB38: 3 | DC38: - | DD38: 0 | DE38: =IF(ISBLANK($I38)=TRUE,"",IF(SIGN(DB38-DD38)=SIGN($G38-$I38),1,0)+IF(DB38=$G38,IF(DD38=$I38,2,0),0)) | DF38: 2 | DG38: - | DH38: 1 | DI38: =IF(ISBLANK($I38)=TRUE,"",IF(SIGN(DF38-DH38)=SIGN($G38-$I38),1,0)+IF(DF38=$G38,IF(DH38=$I38,2,0),0))
B39: 46188 | C39: 04:00 | D39: Sverige | E39: - | F39: Tunisia | H39: - | J39: 1 | K39: - | L39: 2 | M39: =IF(ISBLANK($G39)=TRUE,"",IF(SIGN(J39-L39)=SIGN($G39-$I39),1,0)+IF(J39=$G39,IF(L39=$I39,2,0),0)) | N39: 1 | O39: - | P39: 0 | Q39: =IF(ISBLANK($G39)=TRUE,"",IF(SIGN(N39-P39)=SIGN($G39-$I39),1,0)+IF(N39=$G39,IF(P39=$I39,2,0),0)) | R39: 1 | S39: - | T39: 1 | U39: =IF(ISBLANK($G39)=TRUE,"",IF(SIGN(R39-T39)=SIGN($G39-$I39),1,0)+IF(R39=$G39,IF(T39=$I39,2,0),0)) | V39: 0 | W39: - | X39: 0 | Y39: =IF(ISBLANK($G39)=TRUE,"",IF(SIGN(V39-X39)=SIGN($G39-$I39),1,0)+IF(V39=$G39,IF(X39=$I39,2,0),0)) | Z39: 2 | AA39: - | AB39: 1 | AC39: =IF(ISBLANK($G39)=TRUE,"",IF(SIGN(Z39-AB39)=SIGN($G39-$I39),1,0)+IF(Z39=$G39,IF(AB39=$I39,2,0),0)) | AD39: 2 | AE39: - | AF39: 1 | AG39: =IF(ISBLANK($G39)=TRUE,"",IF(SIGN(AD39-AF39)=SIGN($G39-$I39),1,0)+IF(AD39=$G39,IF(AF39=$I39,2,0),0)) | AH39: 1 | AI39: - | AJ39: 1 | AK39: =IF(ISBLANK($G39)=TRUE,"",IF(SIGN(AH39-AJ39)=SIGN($G39-$I39),1,0)+IF(AH39=$G39,IF(AJ39=$I39,2,0),0)) | AL39: 1 | AM39: - | AN39: 0 | AO39: =IF(ISBLANK($G39)=TRUE,"",IF(SIGN(AL39-AN39)=SIGN($G39-$I39),1,0)+IF(AL39=$G39,IF(AN39=$I39,2,0),0)) | AP39: 2 | AQ39: - | AR39: 1 | AS39: =IF(ISBLANK($G39)=TRUE,"",IF(SIGN(AP39-AR39)=SIGN($G39-$I39),1,0)+IF(AP39=$G39,IF(AR39=$I39,2,0),0)) | AT39: 1 | AU39: - | AV39: 0 | AW39: =IF(ISBLANK($G39)=TRUE,"",IF(SIGN(AT39-AV39)=SIGN($G39-$I39),1,0)+IF(AT39=$G39,IF(AV39=$I39,2,0),0)) | AX39: 1 | AY39: - | AZ39: 0 | BA39: =IF(ISBLANK($G39)=TRUE,"",IF(SIGN(AX39-AZ39)=SIGN($G39-$I39),1,0)+IF(AX39=$G39,IF(AZ39=$I39,2,0),0)) | BB39: 1 | BC39: - | BD39: 1 | BE39: =IF(ISBLANK($G39)=TRUE,"",IF(SIGN(BB39-BD39)=SIGN($G39-$I39),1,0)+IF(BB39=$G39,IF(BD39=$I39,2,0),0)) | BF39: 0 | BG39: - | BH39: 1 | BI39: =IF(ISBLANK($G39)=TRUE,"",IF(SIGN(BF39-BH39)=SIGN($G39-$I39),1,0)+IF(BF39=$G39,IF(BH39=$I39,2,0),0)) | BJ39: 0 | BK39: - | BL39: 0 | BM39: =IF(ISBLANK($G39)=TRUE,"",IF(SIGN(BJ39-BL39)=SIGN($G39-$I39),1,0)+IF(BJ39=$G39,IF(BL39=$I39,2,0),0)) | BN39: 1 | BO39: - | BP39: 1 | BQ39: =IF(ISBLANK($G39)=TRUE,"",IF(SIGN(BN39-BP39)=SIGN($G39-$I39),1,0)+IF(BN39=$G39,IF(BP39=$I39,2,0),0)) | BR39: 2 | BS39: - | BT39: 0 | BU39: =IF(ISBLANK($G39)=TRUE,"",IF(SIGN(BR39-BT39)=SIGN($G39-$I39),1,0)+IF(BR39=$G39,IF(BT39=$I39,2,0),0)) | BV39: 0 | BW39: - | BX39: 0 | BY39: =IF(ISBLANK($G39)=TRUE,"",IF(SIGN(BV39-BX39)=SIGN($G39-$I39),1,0)+IF(BV39=$G39,IF(BX39=$I39,2,0),0)) | BZ39: 1 | CA39: - | CB39: 1 | CC39: =IF(ISBLANK($G39)=TRUE,"",IF(SIGN(BZ39-CB39)=SIGN($G39-$I39),1,0)+IF(BZ39=$G39,IF(CB39=$I39,2,0),0)) | CD39: 1 | CE39: - | CF39: 0 | CG39: =IF(ISBLANK($G39)=TRUE,"",IF(SIGN(CD39-CF39)=SIGN($G39-$I39),1,0)+IF(CD39=$G39,IF(CF39=$I39,2,0),0)) | CH39: 2 | CI39: - | CJ39: 1 | CK39: =IF(ISBLANK($G39)=TRUE,"",IF(SIGN(CH39-CJ39)=SIGN($G39-$I39),1,0)+IF(CH39=$G39,IF(CJ39=$I39,2,0),0)) | CL39: 1 | CM39: - | CN39: 0 | CO39: =IF(ISBLANK($G39)=TRUE,"",IF(SIGN(CL39-CN39)=SIGN($G39-$I39),1,0)+IF(CL39=$G39,IF(CN39=$I39,2,0),0)) | CP39: 3 | CQ39: - | CR39: 1 | CS39: =IF(ISBLANK($G39)=TRUE,"",IF(SIGN(CP39-CR39)=SIGN($G39-$I39),1,0)+IF(CP39=$G39,IF(CR39=$I39,2,0),0)) | CT39: 1 | CU39: - | CV39: 1 | CW39: =IF(ISBLANK($G39)=TRUE,"",IF(SIGN(CT39-CV39)=SIGN($G39-$I39),1,0)+IF(CT39=$G39,IF(CV39=$I39,2,0),0)) | CX39: 1 | CY39: - | CZ39: 2 | DA39: =IF(ISBLANK($G39)=TRUE,"",IF(SIGN(CX39-CZ39)=SIGN($G39-$I39),1,0)+IF(CX39=$G39,IF(CZ39=$I39,2,0),0)) | DB39: 2 | DC39: - | DD39: 0 | DE39: =IF(ISBLANK($G39)=TRUE,"",IF(SIGN(DB39-DD39)=SIGN($G39-$I39),1,0)+IF(DB39=$G39,IF(DD39=$I39,2,0),0)) | DF39: 1 | DG39: - | DH39: 1 | DI39: =IF(ISBLANK($G39)=TRUE,"",IF(SIGN(DF39-DH39)=SIGN($G39-$I39),1,0)+IF(DF39=$G39,IF(DH39=$I39,2,0),0))
B40: 46193 | C40: 19:00 | D40: Nederland | E40: - | F40: Sverige | H40: - | J40: 2 | K40: - | L40: 1 | M40: =IF(ISBLANK($G40)=TRUE,"",IF(SIGN(J40-L40)=SIGN($G40-$I40),1,0)+IF(J40=$G40,IF(L40=$I40,2,0),0)) | N40: 2 | O40: - | P40: 0 | Q40: =IF(ISBLANK($G40)=TRUE,"",IF(SIGN(N40-P40)=SIGN($G40-$I40),1,0)+IF(N40=$G40,IF(P40=$I40,2,0),0)) | R40: 3 | S40: - | T40: 0 | U40: =IF(ISBLANK($G40)=TRUE,"",IF(SIGN(R40-T40)=SIGN($G40-$I40),1,0)+IF(R40=$G40,IF(T40=$I40,2,0),0)) | V40: 2 | W40: - | X40: 0 | Y40: =IF(ISBLANK($G40)=TRUE,"",IF(SIGN(V40-X40)=SIGN($G40-$I40),1,0)+IF(V40=$G40,IF(X40=$I40,2,0),0)) | Z40: 1 | AA40: - | AB40: 1 | AC40: =IF(ISBLANK($G40)=TRUE,"",IF(SIGN(Z40-AB40)=SIGN($G40-$I40),1,0)+IF(Z40=$G40,IF(AB40=$I40,2,0),0)) | AD40: 2 | AE40: - | AF40: 0 | AG40: =IF(ISBLANK($G40)=TRUE,"",IF(SIGN(AD40-AF40)=SIGN($G40-$I40),1,0)+IF(AD40=$G40,IF(AF40=$I40,2,0),0)) | AH40: 2 | AI40: - | AJ40: 1 | AK40: =IF(ISBLANK($G40)=TRUE,"",IF(SIGN(AH40-AJ40)=SIGN($G40-$I40),1,0)+IF(AH40=$G40,IF(AJ40=$I40,2,0),0)) | AL40: 1 | AM40: - | AN40: 0 | AO40: =IF(ISBLANK($G40)=TRUE,"",IF(SIGN(AL40-AN40)=SIGN($G40-$I40),1,0)+IF(AL40=$G40,IF(AN40=$I40,2,0),0)) | AP40: 2 | AQ40: - | AR40: 1 | AS40: =IF(ISBLANK($G40)=TRUE,"",IF(SIGN(AP40-AR40)=SIGN($G40-$I40),1,0)+IF(AP40=$G40,IF(AR40=$I40,2,0),0)) | AT40: 2 | AU40: - | AV40: 2 | AW40: =IF(ISBLANK($G40)=TRUE,"",IF(SIGN(AT40-AV40)=SIGN($G40-$I40),1,0)+IF(AT40=$G40,IF(AV40=$I40,2,0),0)) | AX40: 3 | AY40: - | AZ40: 1 | BA40: =IF(ISBLANK($G40)=TRUE,"",IF(SIGN(AX40-AZ40)=SIGN($G40-$I40),1,0)+IF(AX40=$G40,IF(AZ40=$I40,2,0),0)) | BB40: 3 | BC40: - | BD40: 1 | BE40: =IF(ISBLANK($G40)=TRUE,"",IF(SIGN(BB40-BD40)=SIGN($G40-$I40),1,0)+IF(BB40=$G40,IF(BD40=$I40,2,0),0)) | BF40: 3 | BG40: - | BH40: 0 | BI40: =IF(ISBLANK($G40)=TRUE,"",IF(SIGN(BF40-BH40)=SIGN($G40-$I40),1,0)+IF(BF40=$G40,IF(BH40=$I40,2,0),0)) | BJ40: 1 | BK40: - | BL40: 1 | BM40: =IF(ISBLANK($G40)=TRUE,"",IF(SIGN(BJ40-BL40)=SIGN($G40-$I40),1,0)+IF(BJ40=$G40,IF(BL40=$I40,2,0),0)) | BN40: 2 | BO40: - | BP40: 0 | BQ40: =IF(ISBLANK($G40)=TRUE,"",IF(SIGN(BN40-BP40)=SIGN($G40-$I40),1,0)+IF(BN40=$G40,IF(BP40=$I40,2,0),0)) | BR40: 3 | BS40: - | BT40: 1 | BU40: =IF(ISBLANK($G40)=TRUE,"",IF(SIGN(BR40-BT40)=SIGN($G40-$I40),1,0)+IF(BR40=$G40,IF(BT40=$I40,2,0),0)) | BV40: 2 | BW40: - | BX40: 1 | BY40: =IF(ISBLANK($G40)=TRUE,"",IF(SIGN(BV40-BX40)=SIGN($G40-$I40),1,0)+IF(BV40=$G40,IF(BX40=$I40,2,0),0)) | BZ40: 2 | CA40: - | CB40: 0 | CC40: =IF(ISBLANK($G40)=TRUE,"",IF(SIGN(BZ40-CB40)=SIGN($G40-$I40),1,0)+IF(BZ40=$G40,IF(CB40=$I40,2,0),0)) | CD40: 2 | CE40: - | CF40: 0 | CG40: =IF(ISBLANK($G40)=TRUE,"",IF(SIGN(CD40-CF40)=SIGN($G40-$I40),1,0)+IF(CD40=$G40,IF(CF40=$I40,2,0),0)) | CH40: 3 | CI40: - | CJ40: 1 | CK40: =IF(ISBLANK($G40)=TRUE,"",IF(SIGN(CH40-CJ40)=SIGN($G40-$I40),1,0)+IF(CH40=$G40,IF(CJ40=$I40,2,0),0)) | CL40: 2 | CM40: - | CN40: 1 | CO40: =IF(ISBLANK($G40)=TRUE,"",IF(SIGN(CL40-CN40)=SIGN($G40-$I40),1,0)+IF(CL40=$G40,IF(CN40=$I40,2,0),0)) | CP40: 2 | CQ40: - | CR40: 2 | CS40: =IF(ISBLANK($G40)=TRUE,"",IF(SIGN(CP40-CR40)=SIGN($G40-$I40),1,0)+IF(CP40=$G40,IF(CR40=$I40,2,0),0)) | CT40: 2 | CU40: - | CV40: 1 | CW40: =IF(ISBLANK($G40)=TRUE,"",IF(SIGN(CT40-CV40)=SIGN($G40-$I40),1,0)+IF(CT40=$G40,IF(CV40=$I40,2,0),0)) | CX40: 2 | CY40: - | CZ40: 0 | DA40: =IF(ISBLANK($G40)=TRUE,"",IF(SIGN(CX40-CZ40)=SIGN($G40-$I40),1,0)+IF(CX40=$G40,IF(CZ40=$I40,2,0),0)) | DB40: 3 | DC40: - | DD40: 1 | DE40: =IF(ISBLANK($G40)=TRUE,"",IF(SIGN(DB40-DD40)=SIGN($G40-$I40),1,0)+IF(DB40=$G40,IF(DD40=$I40,2,0),0)) | DF40: 2 | DG40: - | DH40: 1 | DI40: =IF(ISBLANK($G40)=TRUE,"",IF(SIGN(DF40-DH40)=SIGN($G40-$I40),1,0)+IF(DF40=$G40,IF(DH40=$I40,2,0),0))
B41: 46194 | C41: 06:00 | D41: Tunisia | E41: - | F41: Japan | H41: - | J41: 1 | K41: - | L41: 1 | M41: =IF(ISBLANK($G41)=TRUE,"",IF(SIGN(J41-L41)=SIGN($G41-$I41),1,0)+IF(J41=$G41,IF(L41=$I41,2,0),0)) | N41: 1 | O41: - | P41: 2 | Q41: =IF(ISBLANK($G41)=TRUE,"",IF(SIGN(N41-P41)=SIGN($G41-$I41),1,0)+IF(N41=$G41,IF(P41=$I41,2,0),0)) | R41: 0 | S41: - | T41: 1 | U41: =IF(ISBLANK($G41)=TRUE,"",IF(SIGN(R41-T41)=SIGN($G41-$I41),1,0)+IF(R41=$G41,IF(T41=$I41,2,0),0)) | V41: 1 | W41: - | X41: 2 | Y41: =IF(ISBLANK($G41)=TRUE,"",IF(SIGN(V41-X41)=SIGN($G41-$I41),1,0)+IF(V41=$G41,IF(X41=$I41,2,0),0)) | Z41: 1 | AA41: - | AB41: 1 | AC41: =IF(ISBLANK($G41)=TRUE,"",IF(SIGN(Z41-AB41)=SIGN($G41-$I41),1,0)+IF(Z41=$G41,IF(AB41=$I41,2,0),0)) | AD41: 0 | AE41: - | AF41: 1 | AG41: =IF(ISBLANK($G41)=TRUE,"",IF(SIGN(AD41-AF41)=SIGN($G41-$I41),1,0)+IF(AD41=$G41,IF(AF41=$I41,2,0),0)) | AH41: 1 | AI41: - | AJ41: 1 | AK41: =IF(ISBLANK($G41)=TRUE,"",IF(SIGN(AH41-AJ41)=SIGN($G41-$I41),1,0)+IF(AH41=$G41,IF(AJ41=$I41,2,0),0)) | AL41: 0 | AM41: - | AN41: 1 | AO41: =IF(ISBLANK($G41)=TRUE,"",IF(SIGN(AL41-AN41)=SIGN($G41-$I41),1,0)+IF(AL41=$G41,IF(AN41=$I41,2,0),0)) | AP41: 0 | AQ41: - | AR41: 1 | AS41: =IF(ISBLANK($G41)=TRUE,"",IF(SIGN(AP41-AR41)=SIGN($G41-$I41),1,0)+IF(AP41=$G41,IF(AR41=$I41,2,0),0)) | AT41: 0 | AU41: - | AV41: 1 | AW41: =IF(ISBLANK($G41)=TRUE,"",IF(SIGN(AT41-AV41)=SIGN($G41-$I41),1,0)+IF(AT41=$G41,IF(AV41=$I41,2,0),0)) | AX41: 0 | AY41: - | AZ41: 2 | BA41: =IF(ISBLANK($G41)=TRUE,"",IF(SIGN(AX41-AZ41)=SIGN($G41-$I41),1,0)+IF(AX41=$G41,IF(AZ41=$I41,2,0),0)) | BB41: 1 | BC41: - | BD41: 2 | BE41: =IF(ISBLANK($G41)=TRUE,"",IF(SIGN(BB41-BD41)=SIGN($G41-$I41),1,0)+IF(BB41=$G41,IF(BD41=$I41,2,0),0)) | BF41: 1 | BG41: - | BH41: 1 | BI41: =IF(ISBLANK($G41)=TRUE,"",IF(SIGN(BF41-BH41)=SIGN($G41-$I41),1,0)+IF(BF41=$G41,IF(BH41=$I41,2,0),0)) | BJ41: 0 | BK41: - | BL41: 1 | BM41: =IF(ISBLANK($G41)=TRUE,"",IF(SIGN(BJ41-BL41)=SIGN($G41-$I41),1,0)+IF(BJ41=$G41,IF(BL41=$I41,2,0),0)) | BN41: 1 | BO41: - | BP41: 2 | BQ41: =IF(ISBLANK($G41)=TRUE,"",IF(SIGN(BN41-BP41)=SIGN($G41-$I41),1,0)+IF(BN41=$G41,IF(BP41=$I41,2,0),0)) | BR41: 1 | BS41: - | BT41: 2 | BU41: =IF(ISBLANK($G41)=TRUE,"",IF(SIGN(BR41-BT41)=SIGN($G41-$I41),1,0)+IF(BR41=$G41,IF(BT41=$I41,2,0),0)) | BV41: 2 | BW41: - | BX41: 2 | BY41: =IF(ISBLANK($G41)=TRUE,"",IF(SIGN(BV41-BX41)=SIGN($G41-$I41),1,0)+IF(BV41=$G41,IF(BX41=$I41,2,0),0)) | BZ41: 2 | CA41: - | CB41: 0 | CC41: =IF(ISBLANK($G41)=TRUE,"",IF(SIGN(BZ41-CB41)=SIGN($G41-$I41),1,0)+IF(BZ41=$G41,IF(CB41=$I41,2,0),0)) | CD41: 0 | CE41: - | CF41: 2 | CG41: =IF(ISBLANK($G41)=TRUE,"",IF(SIGN(CD41-CF41)=SIGN($G41-$I41),1,0)+IF(CD41=$G41,IF(CF41=$I41,2,0),0)) | CH41: 1 | CI41: - | CJ41: 2 | CK41: =IF(ISBLANK($G41)=TRUE,"",IF(SIGN(CH41-CJ41)=SIGN($G41-$I41),1,0)+IF(CH41=$G41,IF(CJ41=$I41,2,0),0)) | CL41: 1 | CM41: - | CN41: 1 | CO41: =IF(ISBLANK($G41)=TRUE,"",IF(SIGN(CL41-CN41)=SIGN($G41-$I41),1,0)+IF(CL41=$G41,IF(CN41=$I41,2,0),0)) | CP41: 1 | CQ41: - | CR41: 2 | CS41: =IF(ISBLANK($G41)=TRUE,"",IF(SIGN(CP41-CR41)=SIGN($G41-$I41),1,0)+IF(CP41=$G41,IF(CR41=$I41,2,0),0)) | CT41: 0 | CU41: - | CV41: 1 | CW41: =IF(ISBLANK($G41)=TRUE,"",IF(SIGN(CT41-CV41)=SIGN($G41-$I41),1,0)+IF(CT41=$G41,IF(CV41=$I41,2,0),0)) | CX41: 1 | CY41: - | CZ41: 1 | DA41: =IF(ISBLANK($G41)=TRUE,"",IF(SIGN(CX41-CZ41)=SIGN($G41-$I41),1,0)+IF(CX41=$G41,IF(CZ41=$I41,2,0),0)) | DB41: 0 | DC41: - | DD41: 0 | DE41: =IF(ISBLANK($G41)=TRUE,"",IF(SIGN(DB41-DD41)=SIGN($G41-$I41),1,0)+IF(DB41=$G41,IF(DD41=$I41,2,0),0)) | DF41: 2 | DG41: - | DH41: 0 | DI41: =IF(ISBLANK($G41)=TRUE,"",IF(SIGN(DF41-DH41)=SIGN($G41-$I41),1,0)+IF(DF41=$G41,IF(DH41=$I41,2,0),0))
B42: 46199 | C42: 01:00 | D42: Japan | E42: - | F42: Sverige | H42: - | J42: 1 | K42: - | L42: 0 | M42: =IF(ISBLANK($G42)=TRUE,"",IF(SIGN(J42-L42)=SIGN($G42-$I42),1,0)+IF(J42=$G42,IF(L42=$I42,2,0),0)) | N42: 0 | O42: - | P42: 1 | Q42: =IF(ISBLANK($G42)=TRUE,"",IF(SIGN(N42-P42)=SIGN($G42-$I42),1,0)+IF(N42=$G42,IF(P42=$I42,2,0),0)) | R42: 1 | S42: - | T42: 0 | U42: =IF(ISBLANK($G42)=TRUE,"",IF(SIGN(R42-T42)=SIGN($G42-$I42),1,0)+IF(R42=$G42,IF(T42=$I42,2,0),0)) | V42: 2 | W42: - | X42: 0 | Y42: =IF(ISBLANK($G42)=TRUE,"",IF(SIGN(V42-X42)=SIGN($G42-$I42),1,0)+IF(V42=$G42,IF(X42=$I42,2,0),0)) | Z42: 0 | AA42: - | AB42: 1 | AC42: =IF(ISBLANK($G42)=TRUE,"",IF(SIGN(Z42-AB42)=SIGN($G42-$I42),1,0)+IF(Z42=$G42,IF(AB42=$I42,2,0),0)) | AD42: 0 | AE42: - | AF42: 1 | AG42: =IF(ISBLANK($G42)=TRUE,"",IF(SIGN(AD42-AF42)=SIGN($G42-$I42),1,0)+IF(AD42=$G42,IF(AF42=$I42,2,0),0)) | AH42: 1 | AI42: - | AJ42: 1 | AK42: =IF(ISBLANK($G42)=TRUE,"",IF(SIGN(AH42-AJ42)=SIGN($G42-$I42),1,0)+IF(AH42=$G42,IF(AJ42=$I42,2,0),0)) | AL42: 1 | AM42: - | AN42: 0 | AO42: =IF(ISBLANK($G42)=TRUE,"",IF(SIGN(AL42-AN42)=SIGN($G42-$I42),1,0)+IF(AL42=$G42,IF(AN42=$I42,2,0),0)) | AP42: 1 | AQ42: - | AR42: 2 | AS42: =IF(ISBLANK($G42)=TRUE,"",IF(SIGN(AP42-AR42)=SIGN($G42-$I42),1,0)+IF(AP42=$G42,IF(AR42=$I42,2,0),0)) | AT42: 0 | AU42: - | AV42: 2 | AW42: =IF(ISBLANK($G42)=TRUE,"",IF(SIGN(AT42-AV42)=SIGN($G42-$I42),1,0)+IF(AT42=$G42,IF(AV42=$I42,2,0),0)) | AX42: 2 | AY42: - | AZ42: 2 | BA42: =IF(ISBLANK($G42)=TRUE,"",IF(SIGN(AX42-AZ42)=SIGN($G42-$I42),1,0)+IF(AX42=$G42,IF(AZ42=$I42,2,0),0)) | BB42: 2 | BC42: - | BD42: 1 | BE42: =IF(ISBLANK($G42)=TRUE,"",IF(SIGN(BB42-BD42)=SIGN($G42-$I42),1,0)+IF(BB42=$G42,IF(BD42=$I42,2,0),0)) | BF42: 3 | BG42: - | BH42: 1 | BI42: =IF(ISBLANK($G42)=TRUE,"",IF(SIGN(BF42-BH42)=SIGN($G42-$I42),1,0)+IF(BF42=$G42,IF(BH42=$I42,2,0),0)) | BJ42: 2 | BK42: - | BL42: 1 | BM42: =IF(ISBLANK($G42)=TRUE,"",IF(SIGN(BJ42-BL42)=SIGN($G42-$I42),1,0)+IF(BJ42=$G42,IF(BL42=$I42,2,0),0)) | BN42: 2 | BO42: - | BP42: 1 | BQ42: =IF(ISBLANK($G42)=TRUE,"",IF(SIGN(BN42-BP42)=SIGN($G42-$I42),1,0)+IF(BN42=$G42,IF(BP42=$I42,2,0),0)) | BR42: 2 | BS42: - | BT42: 0 | BU42: =IF(ISBLANK($G42)=TRUE,"",IF(SIGN(BR42-BT42)=SIGN($G42-$I42),1,0)+IF(BR42=$G42,IF(BT42=$I42,2,0),0)) | BV42: 2 | BW42: - | BX42: 1 | BY42: =IF(ISBLANK($G42)=TRUE,"",IF(SIGN(BV42-BX42)=SIGN($G42-$I42),1,0)+IF(BV42=$G42,IF(BX42=$I42,2,0),0)) | BZ42: 1 | CA42: - | CB42: 2 | CC42: =IF(ISBLANK($G42)=TRUE,"",IF(SIGN(BZ42-CB42)=SIGN($G42-$I42),1,0)+IF(BZ42=$G42,IF(CB42=$I42,2,0),0)) | CD42: 1 | CE42: - | CF42: 1 | CG42: =IF(ISBLANK($G42)=TRUE,"",IF(SIGN(CD42-CF42)=SIGN($G42-$I42),1,0)+IF(CD42=$G42,IF(CF42=$I42,2,0),0)) | CH42: 1 | CI42: - | CJ42: 2 | CK42: =IF(ISBLANK($G42)=TRUE,"",IF(SIGN(CH42-CJ42)=SIGN($G42-$I42),1,0)+IF(CH42=$G42,IF(CJ42=$I42,2,0),0)) | CL42: 0 | CM42: - | CN42: 1 | CO42: =IF(ISBLANK($G42)=TRUE,"",IF(SIGN(CL42-CN42)=SIGN($G42-$I42),1,0)+IF(CL42=$G42,IF(CN42=$I42,2,0),0)) | CP42: 1 | CQ42: - | CR42: 1 | CS42: =IF(ISBLANK($G42)=TRUE,"",IF(SIGN(CP42-CR42)=SIGN($G42-$I42),1,0)+IF(CP42=$G42,IF(CR42=$I42,2,0),0)) | CT42: 1 | CU42: - | CV42: 1 | CW42: =IF(ISBLANK($G42)=TRUE,"",IF(SIGN(CT42-CV42)=SIGN($G42-$I42),1,0)+IF(CT42=$G42,IF(CV42=$I42,2,0),0)) | CX42: 2 | CY42: - | CZ42: 1 | DA42: =IF(ISBLANK($G42)=TRUE,"",IF(SIGN(CX42-CZ42)=SIGN($G42-$I42),1,0)+IF(CX42=$G42,IF(CZ42=$I42,2,0),0)) | DB42: 0 | DC42: - | DD42: 1 | DE42: =IF(ISBLANK($G42)=TRUE,"",IF(SIGN(DB42-DD42)=SIGN($G42-$I42),1,0)+IF(DB42=$G42,IF(DD42=$I42,2,0),0)) | DF42: 1 | DG42: - | DH42: 1 | DI42: =IF(ISBLANK($G42)=TRUE,"",IF(SIGN(DF42-DH42)=SIGN($G42-$I42),1,0)+IF(DF42=$G42,IF(DH42=$I42,2,0),0))
B43: 46199 | C43: 01:00 | D43: Tunisia | E43: - | F43: Nederland | H43: - | J43: 1 | K43: - | L43: 2 | M43: =IF(ISBLANK($G43)=TRUE,"",IF(SIGN(J43-L43)=SIGN($G43-$I43),1,0)+IF(J43=$G43,IF(L43=$I43,2,0),0)) | N43: 0 | O43: - | P43: 2 | Q43: =IF(ISBLANK($G43)=TRUE,"",IF(SIGN(N43-P43)=SIGN($G43-$I43),1,0)+IF(N43=$G43,IF(P43=$I43,2,0),0)) | R43: 0 | S43: - | T43: 2 | U43: =IF(ISBLANK($G43)=TRUE,"",IF(SIGN(R43-T43)=SIGN($G43-$I43),1,0)+IF(R43=$G43,IF(T43=$I43,2,0),0)) | V43: 0 | W43: - | X43: 2 | Y43: =IF(ISBLANK($G43)=TRUE,"",IF(SIGN(V43-X43)=SIGN($G43-$I43),1,0)+IF(V43=$G43,IF(X43=$I43,2,0),0)) | Z43: 0 | AA43: - | AB43: 2 | AC43: =IF(ISBLANK($G43)=TRUE,"",IF(SIGN(Z43-AB43)=SIGN($G43-$I43),1,0)+IF(Z43=$G43,IF(AB43=$I43,2,0),0)) | AD43: 0 | AE43: - | AF43: 2 | AG43: =IF(ISBLANK($G43)=TRUE,"",IF(SIGN(AD43-AF43)=SIGN($G43-$I43),1,0)+IF(AD43=$G43,IF(AF43=$I43,2,0),0)) | AH43: 0 | AI43: - | AJ43: 2 | AK43: =IF(ISBLANK($G43)=TRUE,"",IF(SIGN(AH43-AJ43)=SIGN($G43-$I43),1,0)+IF(AH43=$G43,IF(AJ43=$I43,2,0),0)) | AL43: 0 | AM43: - | AN43: 1 | AO43: =IF(ISBLANK($G43)=TRUE,"",IF(SIGN(AL43-AN43)=SIGN($G43-$I43),1,0)+IF(AL43=$G43,IF(AN43=$I43,2,0),0)) | AP43: 0 | AQ43: - | AR43: 2 | AS43: =IF(ISBLANK($G43)=TRUE,"",IF(SIGN(AP43-AR43)=SIGN($G43-$I43),1,0)+IF(AP43=$G43,IF(AR43=$I43,2,0),0)) | AT43: 0 | AU43: - | AV43: 1 | AW43: =IF(ISBLANK($G43)=TRUE,"",IF(SIGN(AT43-AV43)=SIGN($G43-$I43),1,0)+IF(AT43=$G43,IF(AV43=$I43,2,0),0)) | AX43: 0 | AY43: - | AZ43: 2 | BA43: =IF(ISBLANK($G43)=TRUE,"",IF(SIGN(AX43-AZ43)=SIGN($G43-$I43),1,0)+IF(AX43=$G43,IF(AZ43=$I43,2,0),0)) | BB43: 0 | BC43: - | BD43: 2 | BE43: =IF(ISBLANK($G43)=TRUE,"",IF(SIGN(BB43-BD43)=SIGN($G43-$I43),1,0)+IF(BB43=$G43,IF(BD43=$I43,2,0),0)) | BF43: 1 | BG43: - | BH43: 2 | BI43: =IF(ISBLANK($G43)=TRUE,"",IF(SIGN(BF43-BH43)=SIGN($G43-$I43),1,0)+IF(BF43=$G43,IF(BH43=$I43,2,0),0)) | BJ43: 1 | BK43: - | BL43: 2 | BM43: =IF(ISBLANK($G43)=TRUE,"",IF(SIGN(BJ43-BL43)=SIGN($G43-$I43),1,0)+IF(BJ43=$G43,IF(BL43=$I43,2,0),0)) | BN43: 0 | BO43: - | BP43: 2 | BQ43: =IF(ISBLANK($G43)=TRUE,"",IF(SIGN(BN43-BP43)=SIGN($G43-$I43),1,0)+IF(BN43=$G43,IF(BP43=$I43,2,0),0)) | BR43: 1 | BS43: - | BT43: 3 | BU43: =IF(ISBLANK($G43)=TRUE,"",IF(SIGN(BR43-BT43)=SIGN($G43-$I43),1,0)+IF(BR43=$G43,IF(BT43=$I43,2,0),0)) | BV43: 1 | BW43: - | BX43: 3 | BY43: =IF(ISBLANK($G43)=TRUE,"",IF(SIGN(BV43-BX43)=SIGN($G43-$I43),1,0)+IF(BV43=$G43,IF(BX43=$I43,2,0),0)) | BZ43: 1 | CA43: - | CB43: 2 | CC43: =IF(ISBLANK($G43)=TRUE,"",IF(SIGN(BZ43-CB43)=SIGN($G43-$I43),1,0)+IF(BZ43=$G43,IF(CB43=$I43,2,0),0)) | CD43: 0 | CE43: - | CF43: 3 | CG43: =IF(ISBLANK($G43)=TRUE,"",IF(SIGN(CD43-CF43)=SIGN($G43-$I43),1,0)+IF(CD43=$G43,IF(CF43=$I43,2,0),0)) | CH43: 0 | CI43: - | CJ43: 3 | CK43: =IF(ISBLANK($G43)=TRUE,"",IF(SIGN(CH43-CJ43)=SIGN($G43-$I43),1,0)+IF(CH43=$G43,IF(CJ43=$I43,2,0),0)) | CL43: 0 | CM43: - | CN43: 2 | CO43: =IF(ISBLANK($G43)=TRUE,"",IF(SIGN(CL43-CN43)=SIGN($G43-$I43),1,0)+IF(CL43=$G43,IF(CN43=$I43,2,0),0)) | CP43: 1 | CQ43: - | CR43: 4 | CS43: =IF(ISBLANK($G43)=TRUE,"",IF(SIGN(CP43-CR43)=SIGN($G43-$I43),1,0)+IF(CP43=$G43,IF(CR43=$I43,2,0),0)) | CT43: 0 | CU43: - | CV43: 2 | CW43: =IF(ISBLANK($G43)=TRUE,"",IF(SIGN(CT43-CV43)=SIGN($G43-$I43),1,0)+IF(CT43=$G43,IF(CV43=$I43,2,0),0)) | CX43: 0 | CY43: - | CZ43: 2 | DA43: =IF(ISBLANK($G43)=TRUE,"",IF(SIGN(CX43-CZ43)=SIGN($G43-$I43),1,0)+IF(CX43=$G43,IF(CZ43=$I43,2,0),0)) | DB43: 0 | DC43: - | DD43: 3 | DE43: =IF(ISBLANK($G43)=TRUE,"",IF(SIGN(DB43-DD43)=SIGN($G43-$I43),1,0)+IF(DB43=$G43,IF(DD43=$I43,2,0),0)) | DF43: 1 | DG43: - | DH43: 0 | DI43: =IF(ISBLANK($G43)=TRUE,"",IF(SIGN(DF43-DH43)=SIGN($G43-$I43),1,0)+IF(DF43=$G43,IF(DH43=$I43,2,0),0))
B44: Dato | C44: Kl. | D44: Gruppe G | G44: Resultat
B45: 46188 | C45: 21:00 | D45: Belgia | E45: - | F45: Egypt | H45: - | J45: 2 | K45: - | L45: 1 | M45: =IF(ISBLANK($I45)=TRUE,"",IF(SIGN(J45-L45)=SIGN($G45-$I45),1,0)+IF(J45=$G45,IF(L45=$I45,2,0),0)) | N45: 2 | O45: - | P45: 0 | Q45: =IF(ISBLANK($I45)=TRUE,"",IF(SIGN(N45-P45)=SIGN($G45-$I45),1,0)+IF(N45=$G45,IF(P45=$I45,2,0),0)) | R45: 1 | S45: - | T45: 1 | U45: =IF(ISBLANK($I45)=TRUE,"",IF(SIGN(R45-T45)=SIGN($G45-$I45),1,0)+IF(R45=$G45,IF(T45=$I45,2,0),0)) | V45: 2 | W45: - | X45: 0 | Y45: =IF(ISBLANK($I45)=TRUE,"",IF(SIGN(V45-X45)=SIGN($G45-$I45),1,0)+IF(V45=$G45,IF(X45=$I45,2,0),0)) | Z45: 2 | AA45: - | AB45: 1 | AC45: =IF(ISBLANK($I45)=TRUE,"",IF(SIGN(Z45-AB45)=SIGN($G45-$I45),1,0)+IF(Z45=$G45,IF(AB45=$I45,2,0),0)) | AD45: 3 | AE45: - | AF45: 1 | AG45: =IF(ISBLANK($I45)=TRUE,"",IF(SIGN(AD45-AF45)=SIGN($G45-$I45),1,0)+IF(AD45=$G45,IF(AF45=$I45,2,0),0)) | AH45: 2 | AI45: - | AJ45: 1 | AK45: =IF(ISBLANK($I45)=TRUE,"",IF(SIGN(AH45-AJ45)=SIGN($G45-$I45),1,0)+IF(AH45=$G45,IF(AJ45=$I45,2,0),0)) | AL45: 1 | AM45: - | AN45: 0 | AO45: =IF(ISBLANK($I45)=TRUE,"",IF(SIGN(AL45-AN45)=SIGN($G45-$I45),1,0)+IF(AL45=$G45,IF(AN45=$I45,2,0),0)) | AP45: 1 | AQ45: - | AR45: 0 | AS45: =IF(ISBLANK($I45)=TRUE,"",IF(SIGN(AP45-AR45)=SIGN($G45-$I45),1,0)+IF(AP45=$G45,IF(AR45=$I45,2,0),0)) | AT45: 0 | AU45: - | AV45: 0 | AW45: =IF(ISBLANK($I45)=TRUE,"",IF(SIGN(AT45-AV45)=SIGN($G45-$I45),1,0)+IF(AT45=$G45,IF(AV45=$I45,2,0),0)) | AX45: 1 | AY45: - | AZ45: 1 | BA45: =IF(ISBLANK($I45)=TRUE,"",IF(SIGN(AX45-AZ45)=SIGN($G45-$I45),1,0)+IF(AX45=$G45,IF(AZ45=$I45,2,0),0)) | BB45: 2 | BC45: - | BD45: 1 | BE45: =IF(ISBLANK($I45)=TRUE,"",IF(SIGN(BB45-BD45)=SIGN($G45-$I45),1,0)+IF(BB45=$G45,IF(BD45=$I45,2,0),0)) | BF45: 2 | BG45: - | BH45: 0 | BI45: =IF(ISBLANK($I45)=TRUE,"",IF(SIGN(BF45-BH45)=SIGN($G45-$I45),1,0)+IF(BF45=$G45,IF(BH45=$I45,2,0),0)) | BJ45: 2 | BK45: - | BL45: 1 | BM45: =IF(ISBLANK($I45)=TRUE,"",IF(SIGN(BJ45-BL45)=SIGN($G45-$I45),1,0)+IF(BJ45=$G45,IF(BL45=$I45,2,0),0)) | BN45: 2 | BO45: - | BP45: 1 | BQ45: =IF(ISBLANK($I45)=TRUE,"",IF(SIGN(BN45-BP45)=SIGN($G45-$I45),1,0)+IF(BN45=$G45,IF(BP45=$I45,2,0),0)) | BR45: 1 | BS45: - | BT45: 2 | BU45: =IF(ISBLANK($I45)=TRUE,"",IF(SIGN(BR45-BT45)=SIGN($G45-$I45),1,0)+IF(BR45=$G45,IF(BT45=$I45,2,0),0)) | BV45: 1 | BW45: - | BX45: 1 | BY45: =IF(ISBLANK($I45)=TRUE,"",IF(SIGN(BV45-BX45)=SIGN($G45-$I45),1,0)+IF(BV45=$G45,IF(BX45=$I45,2,0),0)) | BZ45: 2 | CA45: - | CB45: 1 | CC45: =IF(ISBLANK($I45)=TRUE,"",IF(SIGN(BZ45-CB45)=SIGN($G45-$I45),1,0)+IF(BZ45=$G45,IF(CB45=$I45,2,0),0)) | CD45: 2 | CE45: - | CF45: 1 | CG45: =IF(ISBLANK($I45)=TRUE,"",IF(SIGN(CD45-CF45)=SIGN($G45-$I45),1,0)+IF(CD45=$G45,IF(CF45=$I45,2,0),0)) | CH45: 3 | CI45: - | CJ45: 1 | CK45: =IF(ISBLANK($I45)=TRUE,"",IF(SIGN(CH45-CJ45)=SIGN($G45-$I45),1,0)+IF(CH45=$G45,IF(CJ45=$I45,2,0),0)) | CL45: 2 | CM45: - | CN45: 1 | CO45: =IF(ISBLANK($I45)=TRUE,"",IF(SIGN(CL45-CN45)=SIGN($G45-$I45),1,0)+IF(CL45=$G45,IF(CN45=$I45,2,0),0)) | CP45: 3 | CQ45: - | CR45: 1 | CS45: =IF(ISBLANK($I45)=TRUE,"",IF(SIGN(CP45-CR45)=SIGN($G45-$I45),1,0)+IF(CP45=$G45,IF(CR45=$I45,2,0),0)) | CT45: 2 | CU45: - | CV45: 0 | CW45: =IF(ISBLANK($I45)=TRUE,"",IF(SIGN(CT45-CV45)=SIGN($G45-$I45),1,0)+IF(CT45=$G45,IF(CV45=$I45,2,0),0)) | CX45: 1 | CY45: - | CZ45: 1 | DA45: =IF(ISBLANK($I45)=TRUE,"",IF(SIGN(CX45-CZ45)=SIGN($G45-$I45),1,0)+IF(CX45=$G45,IF(CZ45=$I45,2,0),0)) | DB45: 3 | DC45: - | DD45: 2 | DE45: =IF(ISBLANK($I45)=TRUE,"",IF(SIGN(DB45-DD45)=SIGN($G45-$I45),1,0)+IF(DB45=$G45,IF(DD45=$I45,2,0),0)) | DF45: 2 | DG45: - | DH45: 3 | DI45: =IF(ISBLANK($I45)=TRUE,"",IF(SIGN(DF45-DH45)=SIGN($G45-$I45),1,0)+IF(DF45=$G45,IF(DH45=$I45,2,0),0))
B46: 46189 | C46: 03:00 | D46: Iran | E46: - | F46: New Zealand | H46: - | J46: 2 | K46: - | L46: 0 | M46: =IF(ISBLANK($G46)=TRUE,"",IF(SIGN(J46-L46)=SIGN($G46-$I46),1,0)+IF(J46=$G46,IF(L46=$I46,2,0),0)) | N46: 1 | O46: - | P46: 0 | Q46: =IF(ISBLANK($G46)=TRUE,"",IF(SIGN(N46-P46)=SIGN($G46-$I46),1,0)+IF(N46=$G46,IF(P46=$I46,2,0),0)) | R46: 0 | S46: - | T46: 0 | U46: =IF(ISBLANK($G46)=TRUE,"",IF(SIGN(R46-T46)=SIGN($G46-$I46),1,0)+IF(R46=$G46,IF(T46=$I46,2,0),0)) | V46: 1 | W46: - | X46: 1 | Y46: =IF(ISBLANK($G46)=TRUE,"",IF(SIGN(V46-X46)=SIGN($G46-$I46),1,0)+IF(V46=$G46,IF(X46=$I46,2,0),0)) | Z46: 1 | AA46: - | AB46: 1 | AC46: =IF(ISBLANK($G46)=TRUE,"",IF(SIGN(Z46-AB46)=SIGN($G46-$I46),1,0)+IF(Z46=$G46,IF(AB46=$I46,2,0),0)) | AD46: 2 | AE46: - | AF46: 1 | AG46: =IF(ISBLANK($G46)=TRUE,"",IF(SIGN(AD46-AF46)=SIGN($G46-$I46),1,0)+IF(AD46=$G46,IF(AF46=$I46,2,0),0)) | AH46: 0 | AI46: - | AJ46: 1 | AK46: =IF(ISBLANK($G46)=TRUE,"",IF(SIGN(AH46-AJ46)=SIGN($G46-$I46),1,0)+IF(AH46=$G46,IF(AJ46=$I46,2,0),0)) | AL46: 1 | AM46: - | AN46: 0 | AO46: =IF(ISBLANK($G46)=TRUE,"",IF(SIGN(AL46-AN46)=SIGN($G46-$I46),1,0)+IF(AL46=$G46,IF(AN46=$I46,2,0),0)) | AP46: 1 | AQ46: - | AR46: 1 | AS46: =IF(ISBLANK($G46)=TRUE,"",IF(SIGN(AP46-AR46)=SIGN($G46-$I46),1,0)+IF(AP46=$G46,IF(AR46=$I46,2,0),0)) | AT46: 0 | AU46: - | AV46: 1 | AW46: =IF(ISBLANK($G46)=TRUE,"",IF(SIGN(AT46-AV46)=SIGN($G46-$I46),1,0)+IF(AT46=$G46,IF(AV46=$I46,2,0),0)) | AX46: 2 | AY46: - | AZ46: 0 | BA46: =IF(ISBLANK($G46)=TRUE,"",IF(SIGN(AX46-AZ46)=SIGN($G46-$I46),1,0)+IF(AX46=$G46,IF(AZ46=$I46,2,0),0)) | BB46: 1 | BC46: - | BD46: 1 | BE46: =IF(ISBLANK($G46)=TRUE,"",IF(SIGN(BB46-BD46)=SIGN($G46-$I46),1,0)+IF(BB46=$G46,IF(BD46=$I46,2,0),0)) | BF46: 0 | BG46: - | BH46: 0 | BI46: =IF(ISBLANK($G46)=TRUE,"",IF(SIGN(BF46-BH46)=SIGN($G46-$I46),1,0)+IF(BF46=$G46,IF(BH46=$I46,2,0),0)) | BJ46: 0 | BK46: - | BL46: 1 | BM46: =IF(ISBLANK($G46)=TRUE,"",IF(SIGN(BJ46-BL46)=SIGN($G46-$I46),1,0)+IF(BJ46=$G46,IF(BL46=$I46,2,0),0)) | BN46: 0 | BO46: - | BP46: 0 | BQ46: =IF(ISBLANK($G46)=TRUE,"",IF(SIGN(BN46-BP46)=SIGN($G46-$I46),1,0)+IF(BN46=$G46,IF(BP46=$I46,2,0),0)) | BR46: 1 | BS46: - | BT46: 1 | BU46: =IF(ISBLANK($G46)=TRUE,"",IF(SIGN(BR46-BT46)=SIGN($G46-$I46),1,0)+IF(BR46=$G46,IF(BT46=$I46,2,0),0)) | BV46: 1 | BW46: - | BX46: 1 | BY46: =IF(ISBLANK($G46)=TRUE,"",IF(SIGN(BV46-BX46)=SIGN($G46-$I46),1,0)+IF(BV46=$G46,IF(BX46=$I46,2,0),0)) | BZ46: 2 | CA46: - | CB46: 0 | CC46: =IF(ISBLANK($G46)=TRUE,"",IF(SIGN(BZ46-CB46)=SIGN($G46-$I46),1,0)+IF(BZ46=$G46,IF(CB46=$I46,2,0),0)) | CD46: 1 | CE46: - | CF46: 0 | CG46: =IF(ISBLANK($G46)=TRUE,"",IF(SIGN(CD46-CF46)=SIGN($G46-$I46),1,0)+IF(CD46=$G46,IF(CF46=$I46,2,0),0)) | CH46: 1 | CI46: - | CJ46: 1 | CK46: =IF(ISBLANK($G46)=TRUE,"",IF(SIGN(CH46-CJ46)=SIGN($G46-$I46),1,0)+IF(CH46=$G46,IF(CJ46=$I46,2,0),0)) | CL46: 0 | CM46: - | CN46: 1 | CO46: =IF(ISBLANK($G46)=TRUE,"",IF(SIGN(CL46-CN46)=SIGN($G46-$I46),1,0)+IF(CL46=$G46,IF(CN46=$I46,2,0),0)) | CP46: 2 | CQ46: - | CR46: 1 | CS46: =IF(ISBLANK($G46)=TRUE,"",IF(SIGN(CP46-CR46)=SIGN($G46-$I46),1,0)+IF(CP46=$G46,IF(CR46=$I46,2,0),0)) | CT46: 0 | CU46: - | CV46: 0 | CW46: =IF(ISBLANK($G46)=TRUE,"",IF(SIGN(CT46-CV46)=SIGN($G46-$I46),1,0)+IF(CT46=$G46,IF(CV46=$I46,2,0),0)) | CX46: 1 | CY46: - | CZ46: 0 | DA46: =IF(ISBLANK($G46)=TRUE,"",IF(SIGN(CX46-CZ46)=SIGN($G46-$I46),1,0)+IF(CX46=$G46,IF(CZ46=$I46,2,0),0)) | DB46: 1 | DC46: - | DD46: 1 | DE46: =IF(ISBLANK($G46)=TRUE,"",IF(SIGN(DB46-DD46)=SIGN($G46-$I46),1,0)+IF(DB46=$G46,IF(DD46=$I46,2,0),0)) | DF46: 1 | DG46: - | DH46: 1 | DI46: =IF(ISBLANK($G46)=TRUE,"",IF(SIGN(DF46-DH46)=SIGN($G46-$I46),1,0)+IF(DF46=$G46,IF(DH46=$I46,2,0),0))
B47: 46194 | C47: 21:00 | D47: Belgia | E47: - | F47: Iran | H47: - | J47: 2 | K47: - | L47: 0 | M47: =IF(ISBLANK($G47)=TRUE,"",IF(SIGN(J47-L47)=SIGN($G47-$I47),1,0)+IF(J47=$G47,IF(L47=$I47,2,0),0)) | N47: 1 | O47: - | P47: 0 | Q47: =IF(ISBLANK($G47)=TRUE,"",IF(SIGN(N47-P47)=SIGN($G47-$I47),1,0)+IF(N47=$G47,IF(P47=$I47,2,0),0)) | R47: 1 | S47: - | T47: 0 | U47: =IF(ISBLANK($G47)=TRUE,"",IF(SIGN(R47-T47)=SIGN($G47-$I47),1,0)+IF(R47=$G47,IF(T47=$I47,2,0),0)) | V47: 2 | W47: - | X47: 0 | Y47: =IF(ISBLANK($G47)=TRUE,"",IF(SIGN(V47-X47)=SIGN($G47-$I47),1,0)+IF(V47=$G47,IF(X47=$I47,2,0),0)) | Z47: 2 | AA47: - | AB47: 0 | AC47: =IF(ISBLANK($G47)=TRUE,"",IF(SIGN(Z47-AB47)=SIGN($G47-$I47),1,0)+IF(Z47=$G47,IF(AB47=$I47,2,0),0)) | AD47: 2 | AE47: - | AF47: 0 | AG47: =IF(ISBLANK($G47)=TRUE,"",IF(SIGN(AD47-AF47)=SIGN($G47-$I47),1,0)+IF(AD47=$G47,IF(AF47=$I47,2,0),0)) | AH47: 2 | AI47: - | AJ47: 0 | AK47: =IF(ISBLANK($G47)=TRUE,"",IF(SIGN(AH47-AJ47)=SIGN($G47-$I47),1,0)+IF(AH47=$G47,IF(AJ47=$I47,2,0),0)) | AL47: 1 | AM47: - | AN47: 0 | AO47: =IF(ISBLANK($G47)=TRUE,"",IF(SIGN(AL47-AN47)=SIGN($G47-$I47),1,0)+IF(AL47=$G47,IF(AN47=$I47,2,0),0)) | AP47: 0 | AQ47: - | AR47: 0 | AS47: =IF(ISBLANK($G47)=TRUE,"",IF(SIGN(AP47-AR47)=SIGN($G47-$I47),1,0)+IF(AP47=$G47,IF(AR47=$I47,2,0),0)) | AT47: 3 | AU47: - | AV47: 1 | AW47: =IF(ISBLANK($G47)=TRUE,"",IF(SIGN(AT47-AV47)=SIGN($G47-$I47),1,0)+IF(AT47=$G47,IF(AV47=$I47,2,0),0)) | AX47: 0 | AY47: - | AZ47: 2 | BA47: =IF(ISBLANK($G47)=TRUE,"",IF(SIGN(AX47-AZ47)=SIGN($G47-$I47),1,0)+IF(AX47=$G47,IF(AZ47=$I47,2,0),0)) | BB47: 2 | BC47: - | BD47: 1 | BE47: =IF(ISBLANK($G47)=TRUE,"",IF(SIGN(BB47-BD47)=SIGN($G47-$I47),1,0)+IF(BB47=$G47,IF(BD47=$I47,2,0),0)) | BF47: 2 | BG47: - | BH47: 0 | BI47: =IF(ISBLANK($G47)=TRUE,"",IF(SIGN(BF47-BH47)=SIGN($G47-$I47),1,0)+IF(BF47=$G47,IF(BH47=$I47,2,0),0)) | BJ47: 2 | BK47: - | BL47: 0 | BM47: =IF(ISBLANK($G47)=TRUE,"",IF(SIGN(BJ47-BL47)=SIGN($G47-$I47),1,0)+IF(BJ47=$G47,IF(BL47=$I47,2,0),0)) | BN47: 2 | BO47: - | BP47: 0 | BQ47: =IF(ISBLANK($G47)=TRUE,"",IF(SIGN(BN47-BP47)=SIGN($G47-$I47),1,0)+IF(BN47=$G47,IF(BP47=$I47,2,0),0)) | BR47: 2 | BS47: - | BT47: 0 | BU47: =IF(ISBLANK($G47)=TRUE,"",IF(SIGN(BR47-BT47)=SIGN($G47-$I47),1,0)+IF(BR47=$G47,IF(BT47=$I47,2,0),0)) | BV47: 2 | BW47: - | BX47: 0 | BY47: =IF(ISBLANK($G47)=TRUE,"",IF(SIGN(BV47-BX47)=SIGN($G47-$I47),1,0)+IF(BV47=$G47,IF(BX47=$I47,2,0),0)) | BZ47: 2 | CA47: - | CB47: 2 | CC47: =IF(ISBLANK($G47)=TRUE,"",IF(SIGN(BZ47-CB47)=SIGN($G47-$I47),1,0)+IF(BZ47=$G47,IF(CB47=$I47,2,0),0)) | CD47: 3 | CE47: - | CF47: 0 | CG47: =IF(ISBLANK($G47)=TRUE,"",IF(SIGN(CD47-CF47)=SIGN($G47-$I47),1,0)+IF(CD47=$G47,IF(CF47=$I47,2,0),0)) | CH47: 3 | CI47: - | CJ47: 0 | CK47: =IF(ISBLANK($G47)=TRUE,"",IF(SIGN(CH47-CJ47)=SIGN($G47-$I47),1,0)+IF(CH47=$G47,IF(CJ47=$I47,2,0),0)) | CL47: 3 | CM47: - | CN47: 0 | CO47: =IF(ISBLANK($G47)=TRUE,"",IF(SIGN(CL47-CN47)=SIGN($G47-$I47),1,0)+IF(CL47=$G47,IF(CN47=$I47,2,0),0)) | CP47: 2 | CQ47: - | CR47: 0 | CS47: =IF(ISBLANK($G47)=TRUE,"",IF(SIGN(CP47-CR47)=SIGN($G47-$I47),1,0)+IF(CP47=$G47,IF(CR47=$I47,2,0),0)) | CT47: 2 | CU47: - | CV47: 0 | CW47: =IF(ISBLANK($G47)=TRUE,"",IF(SIGN(CT47-CV47)=SIGN($G47-$I47),1,0)+IF(CT47=$G47,IF(CV47=$I47,2,0),0)) | CX47: 2 | CY47: - | CZ47: 0 | DA47: =IF(ISBLANK($G47)=TRUE,"",IF(SIGN(CX47-CZ47)=SIGN($G47-$I47),1,0)+IF(CX47=$G47,IF(CZ47=$I47,2,0),0)) | DB47: 4 | DC47: - | DD47: 0 | DE47: =IF(ISBLANK($G47)=TRUE,"",IF(SIGN(DB47-DD47)=SIGN($G47-$I47),1,0)+IF(DB47=$G47,IF(DD47=$I47,2,0),0)) | DF47: 2 | DG47: - | DH47: 1 | DI47: =IF(ISBLANK($G47)=TRUE,"",IF(SIGN(DF47-DH47)=SIGN($G47-$I47),1,0)+IF(DF47=$G47,IF(DH47=$I47,2,0),0))
B48: 46195 | C48: 03:00 | D48: New Zealand | E48: - | F48: Egypt | H48: - | J48: 1 | K48: - | L48: 2 | M48: =IF(ISBLANK($G48)=TRUE,"",IF(SIGN(J48-L48)=SIGN($G48-$I48),1,0)+IF(J48=$G48,IF(L48=$I48,2,0),0)) | N48: 1 | O48: - | P48: 1 | Q48: =IF(ISBLANK($G48)=TRUE,"",IF(SIGN(N48-P48)=SIGN($G48-$I48),1,0)+IF(N48=$G48,IF(P48=$I48,2,0),0)) | R48: 1 | S48: - | T48: 2 | U48: =IF(ISBLANK($G48)=TRUE,"",IF(SIGN(R48-T48)=SIGN($G48-$I48),1,0)+IF(R48=$G48,IF(T48=$I48,2,0),0)) | V48: 0 | W48: - | X48: 1 | Y48: =IF(ISBLANK($G48)=TRUE,"",IF(SIGN(V48-X48)=SIGN($G48-$I48),1,0)+IF(V48=$G48,IF(X48=$I48,2,0),0)) | Z48: 1 | AA48: - | AB48: 2 | AC48: =IF(ISBLANK($G48)=TRUE,"",IF(SIGN(Z48-AB48)=SIGN($G48-$I48),1,0)+IF(Z48=$G48,IF(AB48=$I48,2,0),0)) | AD48: 1 | AE48: - | AF48: 2 | AG48: =IF(ISBLANK($G48)=TRUE,"",IF(SIGN(AD48-AF48)=SIGN($G48-$I48),1,0)+IF(AD48=$G48,IF(AF48=$I48,2,0),0)) | AH48: 1 | AI48: - | AJ48: 1 | AK48: =IF(ISBLANK($G48)=TRUE,"",IF(SIGN(AH48-AJ48)=SIGN($G48-$I48),1,0)+IF(AH48=$G48,IF(AJ48=$I48,2,0),0)) | AL48: 0 | AM48: - | AN48: 1 | AO48: =IF(ISBLANK($G48)=TRUE,"",IF(SIGN(AL48-AN48)=SIGN($G48-$I48),1,0)+IF(AL48=$G48,IF(AN48=$I48,2,0),0)) | AP48: 1 | AQ48: - | AR48: 2 | AS48: =IF(ISBLANK($G48)=TRUE,"",IF(SIGN(AP48-AR48)=SIGN($G48-$I48),1,0)+IF(AP48=$G48,IF(AR48=$I48,2,0),0)) | AT48: 2 | AU48: - | AV48: 1 | AW48: =IF(ISBLANK($G48)=TRUE,"",IF(SIGN(AT48-AV48)=SIGN($G48-$I48),1,0)+IF(AT48=$G48,IF(AV48=$I48,2,0),0)) | AX48: 0 | AY48: - | AZ48: 2 | BA48: =IF(ISBLANK($G48)=TRUE,"",IF(SIGN(AX48-AZ48)=SIGN($G48-$I48),1,0)+IF(AX48=$G48,IF(AZ48=$I48,2,0),0)) | BB48: 1 | BC48: - | BD48: 1 | BE48: =IF(ISBLANK($G48)=TRUE,"",IF(SIGN(BB48-BD48)=SIGN($G48-$I48),1,0)+IF(BB48=$G48,IF(BD48=$I48,2,0),0)) | BF48: 0 | BG48: - | BH48: 1 | BI48: =IF(ISBLANK($G48)=TRUE,"",IF(SIGN(BF48-BH48)=SIGN($G48-$I48),1,0)+IF(BF48=$G48,IF(BH48=$I48,2,0),0)) | BJ48: 1 | BK48: - | BL48: 2 | BM48: =IF(ISBLANK($G48)=TRUE,"",IF(SIGN(BJ48-BL48)=SIGN($G48-$I48),1,0)+IF(BJ48=$G48,IF(BL48=$I48,2,0),0)) | BN48: 1 | BO48: - | BP48: 2 | BQ48: =IF(ISBLANK($G48)=TRUE,"",IF(SIGN(BN48-BP48)=SIGN($G48-$I48),1,0)+IF(BN48=$G48,IF(BP48=$I48,2,0),0)) | BR48: 0 | BS48: - | BT48: 2 | BU48: =IF(ISBLANK($G48)=TRUE,"",IF(SIGN(BR48-BT48)=SIGN($G48-$I48),1,0)+IF(BR48=$G48,IF(BT48=$I48,2,0),0)) | BV48: 1 | BW48: - | BX48: 3 | BY48: =IF(ISBLANK($G48)=TRUE,"",IF(SIGN(BV48-BX48)=SIGN($G48-$I48),1,0)+IF(BV48=$G48,IF(BX48=$I48,2,0),0)) | BZ48: 1 | CA48: - | CB48: 2 | CC48: =IF(ISBLANK($G48)=TRUE,"",IF(SIGN(BZ48-CB48)=SIGN($G48-$I48),1,0)+IF(BZ48=$G48,IF(CB48=$I48,2,0),0)) | CD48: 0 | CE48: - | CF48: 2 | CG48: =IF(ISBLANK($G48)=TRUE,"",IF(SIGN(CD48-CF48)=SIGN($G48-$I48),1,0)+IF(CD48=$G48,IF(CF48=$I48,2,0),0)) | CH48: 1 | CI48: - | CJ48: 2 | CK48: =IF(ISBLANK($G48)=TRUE,"",IF(SIGN(CH48-CJ48)=SIGN($G48-$I48),1,0)+IF(CH48=$G48,IF(CJ48=$I48,2,0),0)) | CL48: 1 | CM48: - | CN48: 1 | CO48: =IF(ISBLANK($G48)=TRUE,"",IF(SIGN(CL48-CN48)=SIGN($G48-$I48),1,0)+IF(CL48=$G48,IF(CN48=$I48,2,0),0)) | CP48: 1 | CQ48: - | CR48: 3 | CS48: =IF(ISBLANK($G48)=TRUE,"",IF(SIGN(CP48-CR48)=SIGN($G48-$I48),1,0)+IF(CP48=$G48,IF(CR48=$I48,2,0),0)) | CT48: 0 | CU48: - | CV48: 1 | CW48: =IF(ISBLANK($G48)=TRUE,"",IF(SIGN(CT48-CV48)=SIGN($G48-$I48),1,0)+IF(CT48=$G48,IF(CV48=$I48,2,0),0)) | CX48: 0 | CY48: - | CZ48: 2 | DA48: =IF(ISBLANK($G48)=TRUE,"",IF(SIGN(CX48-CZ48)=SIGN($G48-$I48),1,0)+IF(CX48=$G48,IF(CZ48=$I48,2,0),0)) | DB48: 0 | DC48: - | DD48: 4 | DE48: =IF(ISBLANK($G48)=TRUE,"",IF(SIGN(DB48-DD48)=SIGN($G48-$I48),1,0)+IF(DB48=$G48,IF(DD48=$I48,2,0),0)) | DF48: 1 | DG48: - | DH48: 3 | DI48: =IF(ISBLANK($G48)=TRUE,"",IF(SIGN(DF48-DH48)=SIGN($G48-$I48),1,0)+IF(DF48=$G48,IF(DH48=$I48,2,0),0))
B49: 46200 | C49: 05:00 | D49: Egypt | E49: - | F49: Iran | H49: - | J49: 2 | K49: - | L49: 2 | M49: =IF(ISBLANK($G49)=TRUE,"",IF(SIGN(J49-L49)=SIGN($G49-$I49),1,0)+IF(J49=$G49,IF(L49=$I49,2,0),0)) | N49: 1 | O49: - | P49: 2 | Q49: =IF(ISBLANK($G49)=TRUE,"",IF(SIGN(N49-P49)=SIGN($G49-$I49),1,0)+IF(N49=$G49,IF(P49=$I49,2,0),0)) | R49: 2 | S49: - | T49: 0 | U49: =IF(ISBLANK($G49)=TRUE,"",IF(SIGN(R49-T49)=SIGN($G49-$I49),1,0)+IF(R49=$G49,IF(T49=$I49,2,0),0)) | V49: 2 | W49: - | X49: 0 | Y49: =IF(ISBLANK($G49)=TRUE,"",IF(SIGN(V49-X49)=SIGN($G49-$I49),1,0)+IF(V49=$G49,IF(X49=$I49,2,0),0)) | Z49: 2 | AA49: - | AB49: 0 | AC49: =IF(ISBLANK($G49)=TRUE,"",IF(SIGN(Z49-AB49)=SIGN($G49-$I49),1,0)+IF(Z49=$G49,IF(AB49=$I49,2,0),0)) | AD49: 2 | AE49: - | AF49: 2 | AG49: =IF(ISBLANK($G49)=TRUE,"",IF(SIGN(AD49-AF49)=SIGN($G49-$I49),1,0)+IF(AD49=$G49,IF(AF49=$I49,2,0),0)) | AH49: 1 | AI49: - | AJ49: 1 | AK49: =IF(ISBLANK($G49)=TRUE,"",IF(SIGN(AH49-AJ49)=SIGN($G49-$I49),1,0)+IF(AH49=$G49,IF(AJ49=$I49,2,0),0)) | AL49: 0 | AM49: - | AN49: 0 | AO49: =IF(ISBLANK($G49)=TRUE,"",IF(SIGN(AL49-AN49)=SIGN($G49-$I49),1,0)+IF(AL49=$G49,IF(AN49=$I49,2,0),0)) | AP49: 0 | AQ49: - | AR49: 2 | AS49: =IF(ISBLANK($G49)=TRUE,"",IF(SIGN(AP49-AR49)=SIGN($G49-$I49),1,0)+IF(AP49=$G49,IF(AR49=$I49,2,0),0)) | AT49: 2 | AU49: - | AV49: 2 | AW49: =IF(ISBLANK($G49)=TRUE,"",IF(SIGN(AT49-AV49)=SIGN($G49-$I49),1,0)+IF(AT49=$G49,IF(AV49=$I49,2,0),0)) | AX49: 1 | AY49: - | AZ49: 2 | BA49: =IF(ISBLANK($G49)=TRUE,"",IF(SIGN(AX49-AZ49)=SIGN($G49-$I49),1,0)+IF(AX49=$G49,IF(AZ49=$I49,2,0),0)) | BB49: 1 | BC49: - | BD49: 1 | BE49: =IF(ISBLANK($G49)=TRUE,"",IF(SIGN(BB49-BD49)=SIGN($G49-$I49),1,0)+IF(BB49=$G49,IF(BD49=$I49,2,0),0)) | BF49: 1 | BG49: - | BH49: 2 | BI49: =IF(ISBLANK($G49)=TRUE,"",IF(SIGN(BF49-BH49)=SIGN($G49-$I49),1,0)+IF(BF49=$G49,IF(BH49=$I49,2,0),0)) | BJ49: 1 | BK49: - | BL49: 0 | BM49: =IF(ISBLANK($G49)=TRUE,"",IF(SIGN(BJ49-BL49)=SIGN($G49-$I49),1,0)+IF(BJ49=$G49,IF(BL49=$I49,2,0),0)) | BN49: 2 | BO49: - | BP49: 1 | BQ49: =IF(ISBLANK($G49)=TRUE,"",IF(SIGN(BN49-BP49)=SIGN($G49-$I49),1,0)+IF(BN49=$G49,IF(BP49=$I49,2,0),0)) | BR49: 1 | BS49: - | BT49: 1 | BU49: =IF(ISBLANK($G49)=TRUE,"",IF(SIGN(BR49-BT49)=SIGN($G49-$I49),1,0)+IF(BR49=$G49,IF(BT49=$I49,2,0),0)) | BV49: 1 | BW49: - | BX49: 1 | BY49: =IF(ISBLANK($G49)=TRUE,"",IF(SIGN(BV49-BX49)=SIGN($G49-$I49),1,0)+IF(BV49=$G49,IF(BX49=$I49,2,0),0)) | BZ49: 1 | CA49: - | CB49: 3 | CC49: =IF(ISBLANK($G49)=TRUE,"",IF(SIGN(BZ49-CB49)=SIGN($G49-$I49),1,0)+IF(BZ49=$G49,IF(CB49=$I49,2,0),0)) | CD49: 1 | CE49: - | CF49: 1 | CG49: =IF(ISBLANK($G49)=TRUE,"",IF(SIGN(CD49-CF49)=SIGN($G49-$I49),1,0)+IF(CD49=$G49,IF(CF49=$I49,2,0),0)) | CH49: 2 | CI49: - | CJ49: 1 | CK49: =IF(ISBLANK($G49)=TRUE,"",IF(SIGN(CH49-CJ49)=SIGN($G49-$I49),1,0)+IF(CH49=$G49,IF(CJ49=$I49,2,0),0)) | CL49: 2 | CM49: - | CN49: 0 | CO49: =IF(ISBLANK($G49)=TRUE,"",IF(SIGN(CL49-CN49)=SIGN($G49-$I49),1,0)+IF(CL49=$G49,IF(CN49=$I49,2,0),0)) | CP49: 1 | CQ49: - | CR49: 1 | CS49: =IF(ISBLANK($G49)=TRUE,"",IF(SIGN(CP49-CR49)=SIGN($G49-$I49),1,0)+IF(CP49=$G49,IF(CR49=$I49,2,0),0)) | CT49: 1 | CU49: - | CV49: 1 | CW49: =IF(ISBLANK($G49)=TRUE,"",IF(SIGN(CT49-CV49)=SIGN($G49-$I49),1,0)+IF(CT49=$G49,IF(CV49=$I49,2,0),0)) | CX49: 1 | CY49: - | CZ49: 1 | DA49: =IF(ISBLANK($G49)=TRUE,"",IF(SIGN(CX49-CZ49)=SIGN($G49-$I49),1,0)+IF(CX49=$G49,IF(CZ49=$I49,2,0),0)) | DB49: 3 | DC49: - | DD49: 0 | DE49: =IF(ISBLANK($G49)=TRUE,"",IF(SIGN(DB49-DD49)=SIGN($G49-$I49),1,0)+IF(DB49=$G49,IF(DD49=$I49,2,0),0)) | DF49: 2 | DG49: - | DH49: 2 | DI49: =IF(ISBLANK($G49)=TRUE,"",IF(SIGN(DF49-DH49)=SIGN($G49-$I49),1,0)+IF(DF49=$G49,IF(DH49=$I49,2,0),0))
B50: 46200 | C50: 05:00 | D50: New Zealand | E50: - | F50: Belgia | H50: - | J50: 0 | K50: - | L50: 2 | M50: =IF(ISBLANK($G50)=TRUE,"",IF(SIGN(J50-L50)=SIGN($G50-$I50),1,0)+IF(J50=$G50,IF(L50=$I50,2,0),0)) | N50: 0 | O50: - | P50: 2 | Q50: =IF(ISBLANK($G50)=TRUE,"",IF(SIGN(N50-P50)=SIGN($G50-$I50),1,0)+IF(N50=$G50,IF(P50=$I50,2,0),0)) | R50: 1 | S50: - | T50: 1 | U50: =IF(ISBLANK($G50)=TRUE,"",IF(SIGN(R50-T50)=SIGN($G50-$I50),1,0)+IF(R50=$G50,IF(T50=$I50,2,0),0)) | V50: 0 | W50: - | X50: 2 | Y50: =IF(ISBLANK($G50)=TRUE,"",IF(SIGN(V50-X50)=SIGN($G50-$I50),1,0)+IF(V50=$G50,IF(X50=$I50,2,0),0)) | Z50: 0 | AA50: - | AB50: 2 | AC50: =IF(ISBLANK($G50)=TRUE,"",IF(SIGN(Z50-AB50)=SIGN($G50-$I50),1,0)+IF(Z50=$G50,IF(AB50=$I50,2,0),0)) | AD50: 0 | AE50: - | AF50: 4 | AG50: =IF(ISBLANK($G50)=TRUE,"",IF(SIGN(AD50-AF50)=SIGN($G50-$I50),1,0)+IF(AD50=$G50,IF(AF50=$I50,2,0),0)) | AH50: 0 | AI50: - | AJ50: 2 | AK50: =IF(ISBLANK($G50)=TRUE,"",IF(SIGN(AH50-AJ50)=SIGN($G50-$I50),1,0)+IF(AH50=$G50,IF(AJ50=$I50,2,0),0)) | AL50: 0 | AM50: - | AN50: 1 | AO50: =IF(ISBLANK($G50)=TRUE,"",IF(SIGN(AL50-AN50)=SIGN($G50-$I50),1,0)+IF(AL50=$G50,IF(AN50=$I50,2,0),0)) | AP50: 1 | AQ50: - | AR50: 2 | AS50: =IF(ISBLANK($G50)=TRUE,"",IF(SIGN(AP50-AR50)=SIGN($G50-$I50),1,0)+IF(AP50=$G50,IF(AR50=$I50,2,0),0)) | AT50: 1 | AU50: - | AV50: 1 | AW50: =IF(ISBLANK($G50)=TRUE,"",IF(SIGN(AT50-AV50)=SIGN($G50-$I50),1,0)+IF(AT50=$G50,IF(AV50=$I50,2,0),0)) | AX50: 1 | AY50: - | AZ50: 2 | BA50: =IF(ISBLANK($G50)=TRUE,"",IF(SIGN(AX50-AZ50)=SIGN($G50-$I50),1,0)+IF(AX50=$G50,IF(AZ50=$I50,2,0),0)) | BB50: 1 | BC50: - | BD50: 3 | BE50: =IF(ISBLANK($G50)=TRUE,"",IF(SIGN(BB50-BD50)=SIGN($G50-$I50),1,0)+IF(BB50=$G50,IF(BD50=$I50,2,0),0)) | BF50: 0 | BG50: - | BH50: 2 | BI50: =IF(ISBLANK($G50)=TRUE,"",IF(SIGN(BF50-BH50)=SIGN($G50-$I50),1,0)+IF(BF50=$G50,IF(BH50=$I50,2,0),0)) | BJ50: 1 | BK50: - | BL50: 3 | BM50: =IF(ISBLANK($G50)=TRUE,"",IF(SIGN(BJ50-BL50)=SIGN($G50-$I50),1,0)+IF(BJ50=$G50,IF(BL50=$I50,2,0),0)) | BN50: 0 | BO50: - | BP50: 2 | BQ50: =IF(ISBLANK($G50)=TRUE,"",IF(SIGN(BN50-BP50)=SIGN($G50-$I50),1,0)+IF(BN50=$G50,IF(BP50=$I50,2,0),0)) | BR50: 1 | BS50: - | BT50: 2 | BU50: =IF(ISBLANK($G50)=TRUE,"",IF(SIGN(BR50-BT50)=SIGN($G50-$I50),1,0)+IF(BR50=$G50,IF(BT50=$I50,2,0),0)) | BV50: 0 | BW50: - | BX50: 2 | BY50: =IF(ISBLANK($G50)=TRUE,"",IF(SIGN(BV50-BX50)=SIGN($G50-$I50),1,0)+IF(BV50=$G50,IF(BX50=$I50,2,0),0)) | BZ50: 0 | CA50: - | CB50: 3 | CC50: =IF(ISBLANK($G50)=TRUE,"",IF(SIGN(BZ50-CB50)=SIGN($G50-$I50),1,0)+IF(BZ50=$G50,IF(CB50=$I50,2,0),0)) | CD50: 0 | CE50: - | CF50: 3 | CG50: =IF(ISBLANK($G50)=TRUE,"",IF(SIGN(CD50-CF50)=SIGN($G50-$I50),1,0)+IF(CD50=$G50,IF(CF50=$I50,2,0),0)) | CH50: 0 | CI50: - | CJ50: 4 | CK50: =IF(ISBLANK($G50)=TRUE,"",IF(SIGN(CH50-CJ50)=SIGN($G50-$I50),1,0)+IF(CH50=$G50,IF(CJ50=$I50,2,0),0)) | CL50: 0 | CM50: - | CN50: 3 | CO50: =IF(ISBLANK($G50)=TRUE,"",IF(SIGN(CL50-CN50)=SIGN($G50-$I50),1,0)+IF(CL50=$G50,IF(CN50=$I50,2,0),0)) | CP50: 0 | CQ50: - | CR50: 3 | CS50: =IF(ISBLANK($G50)=TRUE,"",IF(SIGN(CP50-CR50)=SIGN($G50-$I50),1,0)+IF(CP50=$G50,IF(CR50=$I50,2,0),0)) | CT50: 1 | CU50: - | CV50: 3 | CW50: =IF(ISBLANK($G50)=TRUE,"",IF(SIGN(CT50-CV50)=SIGN($G50-$I50),1,0)+IF(CT50=$G50,IF(CV50=$I50,2,0),0)) | CX50: 0 | CY50: - | CZ50: 3 | DA50: =IF(ISBLANK($G50)=TRUE,"",IF(SIGN(CX50-CZ50)=SIGN($G50-$I50),1,0)+IF(CX50=$G50,IF(CZ50=$I50,2,0),0)) | DB50: 0 | DC50: - | DD50: 4 | DE50: =IF(ISBLANK($G50)=TRUE,"",IF(SIGN(DB50-DD50)=SIGN($G50-$I50),1,0)+IF(DB50=$G50,IF(DD50=$I50,2,0),0)) | DF50: 1 | DG50: - | DH50: 2 | DI50: =IF(ISBLANK($G50)=TRUE,"",IF(SIGN(DF50-DH50)=SIGN($G50-$I50),1,0)+IF(DF50=$G50,IF(DH50=$I50,2,0),0))
B51: Dato | C51: Kl. | D51: Gruppe H | G51: Resultat
B52: 46188 | C52: 18:00 | D52: Spania | E52: - | F52: Kapp Verde | H52: - | J52: 2 | K52: - | L52: 0 | M52: =IF(ISBLANK($I52)=TRUE,"",IF(SIGN(J52-L52)=SIGN($G52-$I52),1,0)+IF(J52=$G52,IF(L52=$I52,2,0),0)) | N52: 3 | O52: - | P52: 0 | Q52: =IF(ISBLANK($I52)=TRUE,"",IF(SIGN(N52-P52)=SIGN($G52-$I52),1,0)+IF(N52=$G52,IF(P52=$I52,2,0),0)) | R52: 4 | S52: - | T52: 0 | U52: =IF(ISBLANK($I52)=TRUE,"",IF(SIGN(R52-T52)=SIGN($G52-$I52),1,0)+IF(R52=$G52,IF(T52=$I52,2,0),0)) | V52: 4 | W52: - | X52: 0 | Y52: =IF(ISBLANK($I52)=TRUE,"",IF(SIGN(V52-X52)=SIGN($G52-$I52),1,0)+IF(V52=$G52,IF(X52=$I52,2,0),0)) | Z52: 6 | AA52: - | AB52: 0 | AC52: =IF(ISBLANK($I52)=TRUE,"",IF(SIGN(Z52-AB52)=SIGN($G52-$I52),1,0)+IF(Z52=$G52,IF(AB52=$I52,2,0),0)) | AD52: 2 | AE52: - | AF52: 0 | AG52: =IF(ISBLANK($I52)=TRUE,"",IF(SIGN(AD52-AF52)=SIGN($G52-$I52),1,0)+IF(AD52=$G52,IF(AF52=$I52,2,0),0)) | AH52: 4 | AI52: - | AJ52: 0 | AK52: =IF(ISBLANK($I52)=TRUE,"",IF(SIGN(AH52-AJ52)=SIGN($G52-$I52),1,0)+IF(AH52=$G52,IF(AJ52=$I52,2,0),0)) | AL52: 2 | AM52: - | AN52: 0 | AO52: =IF(ISBLANK($I52)=TRUE,"",IF(SIGN(AL52-AN52)=SIGN($G52-$I52),1,0)+IF(AL52=$G52,IF(AN52=$I52,2,0),0)) | AP52: 2 | AQ52: - | AR52: 0 | AS52: =IF(ISBLANK($I52)=TRUE,"",IF(SIGN(AP52-AR52)=SIGN($G52-$I52),1,0)+IF(AP52=$G52,IF(AR52=$I52,2,0),0)) | AT52: 3 | AU52: - | AV52: 0 | AW52: =IF(ISBLANK($I52)=TRUE,"",IF(SIGN(AT52-AV52)=SIGN($G52-$I52),1,0)+IF(AT52=$G52,IF(AV52=$I52,2,0),0)) | AX52: 3 | AY52: - | AZ52: 0 | BA52: =IF(ISBLANK($I52)=TRUE,"",IF(SIGN(AX52-AZ52)=SIGN($G52-$I52),1,0)+IF(AX52=$G52,IF(AZ52=$I52,2,0),0)) | BB52: 5 | BC52: - | BD52: 0 | BE52: =IF(ISBLANK($I52)=TRUE,"",IF(SIGN(BB52-BD52)=SIGN($G52-$I52),1,0)+IF(BB52=$G52,IF(BD52=$I52,2,0),0)) | BF52: 7 | BG52: - | BH52: 0 | BI52: =IF(ISBLANK($I52)=TRUE,"",IF(SIGN(BF52-BH52)=SIGN($G52-$I52),1,0)+IF(BF52=$G52,IF(BH52=$I52,2,0),0)) | BJ52: 3 | BK52: - | BL52: 0 | BM52: =IF(ISBLANK($I52)=TRUE,"",IF(SIGN(BJ52-BL52)=SIGN($G52-$I52),1,0)+IF(BJ52=$G52,IF(BL52=$I52,2,0),0)) | BN52: 5 | BO52: - | BP52: 0 | BQ52: =IF(ISBLANK($I52)=TRUE,"",IF(SIGN(BN52-BP52)=SIGN($G52-$I52),1,0)+IF(BN52=$G52,IF(BP52=$I52,2,0),0)) | BR52: 5 | BS52: - | BT52: 0 | BU52: =IF(ISBLANK($I52)=TRUE,"",IF(SIGN(BR52-BT52)=SIGN($G52-$I52),1,0)+IF(BR52=$G52,IF(BT52=$I52,2,0),0)) | BV52: 4 | BW52: - | BX52: 0 | BY52: =IF(ISBLANK($I52)=TRUE,"",IF(SIGN(BV52-BX52)=SIGN($G52-$I52),1,0)+IF(BV52=$G52,IF(BX52=$I52,2,0),0)) | BZ52: 4 | CA52: - | CB52: 0 | CC52: =IF(ISBLANK($I52)=TRUE,"",IF(SIGN(BZ52-CB52)=SIGN($G52-$I52),1,0)+IF(BZ52=$G52,IF(CB52=$I52,2,0),0)) | CD52: 3 | CE52: - | CF52: 0 | CG52: =IF(ISBLANK($I52)=TRUE,"",IF(SIGN(CD52-CF52)=SIGN($G52-$I52),1,0)+IF(CD52=$G52,IF(CF52=$I52,2,0),0)) | CH52: 5 | CI52: - | CJ52: 0 | CK52: =IF(ISBLANK($I52)=TRUE,"",IF(SIGN(CH52-CJ52)=SIGN($G52-$I52),1,0)+IF(CH52=$G52,IF(CJ52=$I52,2,0),0)) | CL52: 3 | CM52: - | CN52: 0 | CO52: =IF(ISBLANK($I52)=TRUE,"",IF(SIGN(CL52-CN52)=SIGN($G52-$I52),1,0)+IF(CL52=$G52,IF(CN52=$I52,2,0),0)) | CP52: 5 | CQ52: - | CR52: 0 | CS52: =IF(ISBLANK($I52)=TRUE,"",IF(SIGN(CP52-CR52)=SIGN($G52-$I52),1,0)+IF(CP52=$G52,IF(CR52=$I52,2,0),0)) | CT52: 4 | CU52: - | CV52: 0 | CW52: =IF(ISBLANK($I52)=TRUE,"",IF(SIGN(CT52-CV52)=SIGN($G52-$I52),1,0)+IF(CT52=$G52,IF(CV52=$I52,2,0),0)) | CX52: 3 | CY52: - | CZ52: 0 | DA52: =IF(ISBLANK($I52)=TRUE,"",IF(SIGN(CX52-CZ52)=SIGN($G52-$I52),1,0)+IF(CX52=$G52,IF(CZ52=$I52,2,0),0)) | DB52: 4 | DC52: - | DD52: 0 | DE52: =IF(ISBLANK($I52)=TRUE,"",IF(SIGN(DB52-DD52)=SIGN($G52-$I52),1,0)+IF(DB52=$G52,IF(DD52=$I52,2,0),0)) | DF52: 2 | DG52: - | DH52: 1 | DI52: =IF(ISBLANK($I52)=TRUE,"",IF(SIGN(DF52-DH52)=SIGN($G52-$I52),1,0)+IF(DF52=$G52,IF(DH52=$I52,2,0),0))
B53: 46189 | C53: 00:00 | D53: Saudi-Arabia | E53: - | F53: Uruguay | H53: - | J53: 0 | K53: - | L53: 1 | M53: =IF(ISBLANK($G53)=TRUE,"",IF(SIGN(J53-L53)=SIGN($G53-$I53),1,0)+IF(J53=$G53,IF(L53=$I53,2,0),0)) | N53: 0 | O53: - | P53: 2 | Q53: =IF(ISBLANK($G53)=TRUE,"",IF(SIGN(N53-P53)=SIGN($G53-$I53),1,0)+IF(N53=$G53,IF(P53=$I53,2,0),0)) | R53: 0 | S53: - | T53: 2 | U53: =IF(ISBLANK($G53)=TRUE,"",IF(SIGN(R53-T53)=SIGN($G53-$I53),1,0)+IF(R53=$G53,IF(T53=$I53,2,0),0)) | V53: 0 | W53: - | X53: 3 | Y53: =IF(ISBLANK($G53)=TRUE,"",IF(SIGN(V53-X53)=SIGN($G53-$I53),1,0)+IF(V53=$G53,IF(X53=$I53,2,0),0)) | Z53: 0 | AA53: - | AB53: 2 | AC53: =IF(ISBLANK($G53)=TRUE,"",IF(SIGN(Z53-AB53)=SIGN($G53-$I53),1,0)+IF(Z53=$G53,IF(AB53=$I53,2,0),0)) | AD53: 0 | AE53: - | AF53: 3 | AG53: =IF(ISBLANK($G53)=TRUE,"",IF(SIGN(AD53-AF53)=SIGN($G53-$I53),1,0)+IF(AD53=$G53,IF(AF53=$I53,2,0),0)) | AH53: 0 | AI53: - | AJ53: 2 | AK53: =IF(ISBLANK($G53)=TRUE,"",IF(SIGN(AH53-AJ53)=SIGN($G53-$I53),1,0)+IF(AH53=$G53,IF(AJ53=$I53,2,0),0)) | AL53: 0 | AM53: - | AN53: 1 | AO53: =IF(ISBLANK($G53)=TRUE,"",IF(SIGN(AL53-AN53)=SIGN($G53-$I53),1,0)+IF(AL53=$G53,IF(AN53=$I53,2,0),0)) | AP53: 1 | AQ53: - | AR53: 3 | AS53: =IF(ISBLANK($G53)=TRUE,"",IF(SIGN(AP53-AR53)=SIGN($G53-$I53),1,0)+IF(AP53=$G53,IF(AR53=$I53,2,0),0)) | AT53: 1 | AU53: - | AV53: 2 | AW53: =IF(ISBLANK($G53)=TRUE,"",IF(SIGN(AT53-AV53)=SIGN($G53-$I53),1,0)+IF(AT53=$G53,IF(AV53=$I53,2,0),0)) | AX53: 1 | AY53: - | AZ53: 0 | BA53: =IF(ISBLANK($G53)=TRUE,"",IF(SIGN(AX53-AZ53)=SIGN($G53-$I53),1,0)+IF(AX53=$G53,IF(AZ53=$I53,2,0),0)) | BB53: 1 | BC53: - | BD53: 2 | BE53: =IF(ISBLANK($G53)=TRUE,"",IF(SIGN(BB53-BD53)=SIGN($G53-$I53),1,0)+IF(BB53=$G53,IF(BD53=$I53,2,0),0)) | BF53: 0 | BG53: - | BH53: 3 | BI53: =IF(ISBLANK($G53)=TRUE,"",IF(SIGN(BF53-BH53)=SIGN($G53-$I53),1,0)+IF(BF53=$G53,IF(BH53=$I53,2,0),0)) | BJ53: 1 | BK53: - | BL53: 2 | BM53: =IF(ISBLANK($G53)=TRUE,"",IF(SIGN(BJ53-BL53)=SIGN($G53-$I53),1,0)+IF(BJ53=$G53,IF(BL53=$I53,2,0),0)) | BN53: 0 | BO53: - | BP53: 2 | BQ53: =IF(ISBLANK($G53)=TRUE,"",IF(SIGN(BN53-BP53)=SIGN($G53-$I53),1,0)+IF(BN53=$G53,IF(BP53=$I53,2,0),0)) | BR53: 1 | BS53: - | BT53: 2 | BU53: =IF(ISBLANK($G53)=TRUE,"",IF(SIGN(BR53-BT53)=SIGN($G53-$I53),1,0)+IF(BR53=$G53,IF(BT53=$I53,2,0),0)) | BV53: 0 | BW53: - | BX53: 2 | BY53: =IF(ISBLANK($G53)=TRUE,"",IF(SIGN(BV53-BX53)=SIGN($G53-$I53),1,0)+IF(BV53=$G53,IF(BX53=$I53,2,0),0)) | BZ53: 1 | CA53: - | CB53: 3 | CC53: =IF(ISBLANK($G53)=TRUE,"",IF(SIGN(BZ53-CB53)=SIGN($G53-$I53),1,0)+IF(BZ53=$G53,IF(CB53=$I53,2,0),0)) | CD53: 0 | CE53: - | CF53: 2 | CG53: =IF(ISBLANK($G53)=TRUE,"",IF(SIGN(CD53-CF53)=SIGN($G53-$I53),1,0)+IF(CD53=$G53,IF(CF53=$I53,2,0),0)) | CH53: 1 | CI53: - | CJ53: 3 | CK53: =IF(ISBLANK($G53)=TRUE,"",IF(SIGN(CH53-CJ53)=SIGN($G53-$I53),1,0)+IF(CH53=$G53,IF(CJ53=$I53,2,0),0)) | CL53: 1 | CM53: - | CN53: 1 | CO53: =IF(ISBLANK($G53)=TRUE,"",IF(SIGN(CL53-CN53)=SIGN($G53-$I53),1,0)+IF(CL53=$G53,IF(CN53=$I53,2,0),0)) | CP53: 1 | CQ53: - | CR53: 3 | CS53: =IF(ISBLANK($G53)=TRUE,"",IF(SIGN(CP53-CR53)=SIGN($G53-$I53),1,0)+IF(CP53=$G53,IF(CR53=$I53,2,0),0)) | CT53: 0 | CU53: - | CV53: 2 | CW53: =IF(ISBLANK($G53)=TRUE,"",IF(SIGN(CT53-CV53)=SIGN($G53-$I53),1,0)+IF(CT53=$G53,IF(CV53=$I53,2,0),0)) | CX53: 1 | CY53: - | CZ53: 2 | DA53: =IF(ISBLANK($G53)=TRUE,"",IF(SIGN(CX53-CZ53)=SIGN($G53-$I53),1,0)+IF(CX53=$G53,IF(CZ53=$I53,2,0),0)) | DB53: 1 | DC53: - | DD53: 3 | DE53: =IF(ISBLANK($G53)=TRUE,"",IF(SIGN(DB53-DD53)=SIGN($G53-$I53),1,0)+IF(DB53=$G53,IF(DD53=$I53,2,0),0)) | DF53: 2 | DG53: - | DH53: 0 | DI53: =IF(ISBLANK($G53)=TRUE,"",IF(SIGN(DF53-DH53)=SIGN($G53-$I53),1,0)+IF(DF53=$G53,IF(DH53=$I53,2,0),0))
B54: 46194 | C54: 18:00 | D54: Spania | E54: - | F54: Saudi-Arabia | H54: - | J54: 3 | K54: - | L54: 1 | M54: =IF(ISBLANK($G54)=TRUE,"",IF(SIGN(J54-L54)=SIGN($G54-$I54),1,0)+IF(J54=$G54,IF(L54=$I54,2,0),0)) | N54: 2 | O54: - | P54: 0 | Q54: =IF(ISBLANK($G54)=TRUE,"",IF(SIGN(N54-P54)=SIGN($G54-$I54),1,0)+IF(N54=$G54,IF(P54=$I54,2,0),0)) | R54: 3 | S54: - | T54: 0 | U54: =IF(ISBLANK($G54)=TRUE,"",IF(SIGN(R54-T54)=SIGN($G54-$I54),1,0)+IF(R54=$G54,IF(T54=$I54,2,0),0)) | V54: 3 | W54: - | X54: 0 | Y54: =IF(ISBLANK($G54)=TRUE,"",IF(SIGN(V54-X54)=SIGN($G54-$I54),1,0)+IF(V54=$G54,IF(X54=$I54,2,0),0)) | Z54: 3 | AA54: - | AB54: 0 | AC54: =IF(ISBLANK($G54)=TRUE,"",IF(SIGN(Z54-AB54)=SIGN($G54-$I54),1,0)+IF(Z54=$G54,IF(AB54=$I54,2,0),0)) | AD54: 3 | AE54: - | AF54: 1 | AG54: =IF(ISBLANK($G54)=TRUE,"",IF(SIGN(AD54-AF54)=SIGN($G54-$I54),1,0)+IF(AD54=$G54,IF(AF54=$I54,2,0),0)) | AH54: 2 | AI54: - | AJ54: 0 | AK54: =IF(ISBLANK($G54)=TRUE,"",IF(SIGN(AH54-AJ54)=SIGN($G54-$I54),1,0)+IF(AH54=$G54,IF(AJ54=$I54,2,0),0)) | AL54: 2 | AM54: - | AN54: 0 | AO54: =IF(ISBLANK($G54)=TRUE,"",IF(SIGN(AL54-AN54)=SIGN($G54-$I54),1,0)+IF(AL54=$G54,IF(AN54=$I54,2,0),0)) | AP54: 2 | AQ54: - | AR54: 1 | AS54: =IF(ISBLANK($G54)=TRUE,"",IF(SIGN(AP54-AR54)=SIGN($G54-$I54),1,0)+IF(AP54=$G54,IF(AR54=$I54,2,0),0)) | AT54: 1 | AU54: - | AV54: 0 | AW54: =IF(ISBLANK($G54)=TRUE,"",IF(SIGN(AT54-AV54)=SIGN($G54-$I54),1,0)+IF(AT54=$G54,IF(AV54=$I54,2,0),0)) | AX54: 2 | AY54: - | AZ54: 0 | BA54: =IF(ISBLANK($G54)=TRUE,"",IF(SIGN(AX54-AZ54)=SIGN($G54-$I54),1,0)+IF(AX54=$G54,IF(AZ54=$I54,2,0),0)) | BB54: 3 | BC54: - | BD54: 1 | BE54: =IF(ISBLANK($G54)=TRUE,"",IF(SIGN(BB54-BD54)=SIGN($G54-$I54),1,0)+IF(BB54=$G54,IF(BD54=$I54,2,0),0)) | BF54: 3 | BG54: - | BH54: 0 | BI54: =IF(ISBLANK($G54)=TRUE,"",IF(SIGN(BF54-BH54)=SIGN($G54-$I54),1,0)+IF(BF54=$G54,IF(BH54=$I54,2,0),0)) | BJ54: 2 | BK54: - | BL54: 0 | BM54: =IF(ISBLANK($G54)=TRUE,"",IF(SIGN(BJ54-BL54)=SIGN($G54-$I54),1,0)+IF(BJ54=$G54,IF(BL54=$I54,2,0),0)) | BN54: 3 | BO54: - | BP54: 0 | BQ54: =IF(ISBLANK($G54)=TRUE,"",IF(SIGN(BN54-BP54)=SIGN($G54-$I54),1,0)+IF(BN54=$G54,IF(BP54=$I54,2,0),0)) | BR54: 2 | BS54: - | BT54: 0 | BU54: =IF(ISBLANK($G54)=TRUE,"",IF(SIGN(BR54-BT54)=SIGN($G54-$I54),1,0)+IF(BR54=$G54,IF(BT54=$I54,2,0),0)) | BV54: 3 | BW54: - | BX54: 1 | BY54: =IF(ISBLANK($G54)=TRUE,"",IF(SIGN(BV54-BX54)=SIGN($G54-$I54),1,0)+IF(BV54=$G54,IF(BX54=$I54,2,0),0)) | BZ54: 3 | CA54: - | CB54: 0 | CC54: =IF(ISBLANK($G54)=TRUE,"",IF(SIGN(BZ54-CB54)=SIGN($G54-$I54),1,0)+IF(BZ54=$G54,IF(CB54=$I54,2,0),0)) | CD54: 2 | CE54: - | CF54: 0 | CG54: =IF(ISBLANK($G54)=TRUE,"",IF(SIGN(CD54-CF54)=SIGN($G54-$I54),1,0)+IF(CD54=$G54,IF(CF54=$I54,2,0),0)) | CH54: 4 | CI54: - | CJ54: 1 | CK54: =IF(ISBLANK($G54)=TRUE,"",IF(SIGN(CH54-CJ54)=SIGN($G54-$I54),1,0)+IF(CH54=$G54,IF(CJ54=$I54,2,0),0)) | CL54: 2 | CM54: - | CN54: 0 | CO54: =IF(ISBLANK($G54)=TRUE,"",IF(SIGN(CL54-CN54)=SIGN($G54-$I54),1,0)+IF(CL54=$G54,IF(CN54=$I54,2,0),0)) | CP54: 3 | CQ54: - | CR54: 0 | CS54: =IF(ISBLANK($G54)=TRUE,"",IF(SIGN(CP54-CR54)=SIGN($G54-$I54),1,0)+IF(CP54=$G54,IF(CR54=$I54,2,0),0)) | CT54: 3 | CU54: - | CV54: 0 | CW54: =IF(ISBLANK($G54)=TRUE,"",IF(SIGN(CT54-CV54)=SIGN($G54-$I54),1,0)+IF(CT54=$G54,IF(CV54=$I54,2,0),0)) | CX54: 3 | CY54: - | CZ54: 0 | DA54: =IF(ISBLANK($G54)=TRUE,"",IF(SIGN(CX54-CZ54)=SIGN($G54-$I54),1,0)+IF(CX54=$G54,IF(CZ54=$I54,2,0),0)) | DB54: 5 | DC54: - | DD54: 0 | DE54: =IF(ISBLANK($G54)=TRUE,"",IF(SIGN(DB54-DD54)=SIGN($G54-$I54),1,0)+IF(DB54=$G54,IF(DD54=$I54,2,0),0)) | DF54: 2 | DG54: - | DH54: 2 | DI54: =IF(ISBLANK($G54)=TRUE,"",IF(SIGN(DF54-DH54)=SIGN($G54-$I54),1,0)+IF(DF54=$G54,IF(DH54=$I54,2,0),0))
B55: 46195 | C55: 00:00 | D55: Uruguay | E55: - | F55: Kapp Verde | H55: - | J55: 2 | K55: - | L55: 1 | M55: =IF(ISBLANK($G55)=TRUE,"",IF(SIGN(J55-L55)=SIGN($G55-$I55),1,0)+IF(J55=$G55,IF(L55=$I55,2,0),0)) | N55: 2 | O55: - | P55: 0 | Q55: =IF(ISBLANK($G55)=TRUE,"",IF(SIGN(N55-P55)=SIGN($G55-$I55),1,0)+IF(N55=$G55,IF(P55=$I55,2,0),0)) | R55: 1 | S55: - | T55: 1 | U55: =IF(ISBLANK($G55)=TRUE,"",IF(SIGN(R55-T55)=SIGN($G55-$I55),1,0)+IF(R55=$G55,IF(T55=$I55,2,0),0)) | V55: 3 | W55: - | X55: 0 | Y55: =IF(ISBLANK($G55)=TRUE,"",IF(SIGN(V55-X55)=SIGN($G55-$I55),1,0)+IF(V55=$G55,IF(X55=$I55,2,0),0)) | Z55: 3 | AA55: - | AB55: 0 | AC55: =IF(ISBLANK($G55)=TRUE,"",IF(SIGN(Z55-AB55)=SIGN($G55-$I55),1,0)+IF(Z55=$G55,IF(AB55=$I55,2,0),0)) | AD55: 2 | AE55: - | AF55: 0 | AG55: =IF(ISBLANK($G55)=TRUE,"",IF(SIGN(AD55-AF55)=SIGN($G55-$I55),1,0)+IF(AD55=$G55,IF(AF55=$I55,2,0),0)) | AH55: 2 | AI55: - | AJ55: 0 | AK55: =IF(ISBLANK($G55)=TRUE,"",IF(SIGN(AH55-AJ55)=SIGN($G55-$I55),1,0)+IF(AH55=$G55,IF(AJ55=$I55,2,0),0)) | AL55: 1 | AM55: - | AN55: 0 | AO55: =IF(ISBLANK($G55)=TRUE,"",IF(SIGN(AL55-AN55)=SIGN($G55-$I55),1,0)+IF(AL55=$G55,IF(AN55=$I55,2,0),0)) | AP55: 1 | AQ55: - | AR55: 1 | AS55: =IF(ISBLANK($G55)=TRUE,"",IF(SIGN(AP55-AR55)=SIGN($G55-$I55),1,0)+IF(AP55=$G55,IF(AR55=$I55,2,0),0)) | AT55: 2 | AU55: - | AV55: 0 | AW55: =IF(ISBLANK($G55)=TRUE,"",IF(SIGN(AT55-AV55)=SIGN($G55-$I55),1,0)+IF(AT55=$G55,IF(AV55=$I55,2,0),0)) | AX55: 2 | AY55: - | AZ55: 1 | BA55: =IF(ISBLANK($G55)=TRUE,"",IF(SIGN(AX55-AZ55)=SIGN($G55-$I55),1,0)+IF(AX55=$G55,IF(AZ55=$I55,2,0),0)) | BB55: 3 | BC55: - | BD55: 0 | BE55: =IF(ISBLANK($G55)=TRUE,"",IF(SIGN(BB55-BD55)=SIGN($G55-$I55),1,0)+IF(BB55=$G55,IF(BD55=$I55,2,0),0)) | BF55: 3 | BG55: - | BH55: 0 | BI55: =IF(ISBLANK($G55)=TRUE,"",IF(SIGN(BF55-BH55)=SIGN($G55-$I55),1,0)+IF(BF55=$G55,IF(BH55=$I55,2,0),0)) | BJ55: 2 | BK55: - | BL55: 0 | BM55: =IF(ISBLANK($G55)=TRUE,"",IF(SIGN(BJ55-BL55)=SIGN($G55-$I55),1,0)+IF(BJ55=$G55,IF(BL55=$I55,2,0),0)) | BN55: 3 | BO55: - | BP55: 0 | BQ55: =IF(ISBLANK($G55)=TRUE,"",IF(SIGN(BN55-BP55)=SIGN($G55-$I55),1,0)+IF(BN55=$G55,IF(BP55=$I55,2,0),0)) | BR55: 2 | BS55: - | BT55: 1 | BU55: =IF(ISBLANK($G55)=TRUE,"",IF(SIGN(BR55-BT55)=SIGN($G55-$I55),1,0)+IF(BR55=$G55,IF(BT55=$I55,2,0),0)) | BV55: 3 | BW55: - | BX55: 0 | BY55: =IF(ISBLANK($G55)=TRUE,"",IF(SIGN(BV55-BX55)=SIGN($G55-$I55),1,0)+IF(BV55=$G55,IF(BX55=$I55,2,0),0)) | BZ55: 3 | CA55: - | CB55: 1 | CC55: =IF(ISBLANK($G55)=TRUE,"",IF(SIGN(BZ55-CB55)=SIGN($G55-$I55),1,0)+IF(BZ55=$G55,IF(CB55=$I55,2,0),0)) | CD55: 2 | CE55: - | CF55: 0 | CG55: =IF(ISBLANK($G55)=TRUE,"",IF(SIGN(CD55-CF55)=SIGN($G55-$I55),1,0)+IF(CD55=$G55,IF(CF55=$I55,2,0),0)) | CH55: 3 | CI55: - | CJ55: 1 | CK55: =IF(ISBLANK($G55)=TRUE,"",IF(SIGN(CH55-CJ55)=SIGN($G55-$I55),1,0)+IF(CH55=$G55,IF(CJ55=$I55,2,0),0)) | CL55: 0 | CM55: - | CN55: 2 | CO55: =IF(ISBLANK($G55)=TRUE,"",IF(SIGN(CL55-CN55)=SIGN($G55-$I55),1,0)+IF(CL55=$G55,IF(CN55=$I55,2,0),0)) | CP55: 3 | CQ55: - | CR55: 0 | CS55: =IF(ISBLANK($G55)=TRUE,"",IF(SIGN(CP55-CR55)=SIGN($G55-$I55),1,0)+IF(CP55=$G55,IF(CR55=$I55,2,0),0)) | CT55: 3 | CU55: - | CV55: 1 | CW55: =IF(ISBLANK($G55)=TRUE,"",IF(SIGN(CT55-CV55)=SIGN($G55-$I55),1,0)+IF(CT55=$G55,IF(CV55=$I55,2,0),0)) | CX55: 2 | CY55: - | CZ55: 0 | DA55: =IF(ISBLANK($G55)=TRUE,"",IF(SIGN(CX55-CZ55)=SIGN($G55-$I55),1,0)+IF(CX55=$G55,IF(CZ55=$I55,2,0),0)) | DB55: 2 | DC55: - | DD55: 0 | DE55: =IF(ISBLANK($G55)=TRUE,"",IF(SIGN(DB55-DD55)=SIGN($G55-$I55),1,0)+IF(DB55=$G55,IF(DD55=$I55,2,0),0)) | DF55: 1 | DG55: - | DH55: 2 | DI55: =IF(ISBLANK($G55)=TRUE,"",IF(SIGN(DF55-DH55)=SIGN($G55-$I55),1,0)+IF(DF55=$G55,IF(DH55=$I55,2,0),0))
B56: 46200 | C56: 02:00 | D56: Kapp Verde | E56: - | F56: Saudi-Arabia | H56: - | J56: 1 | K56: - | L56: 1 | M56: =IF(ISBLANK($G56)=TRUE,"",IF(SIGN(J56-L56)=SIGN($G56-$I56),1,0)+IF(J56=$G56,IF(L56=$I56,2,0),0)) | N56: 0 | O56: - | P56: 1 | Q56: =IF(ISBLANK($G56)=TRUE,"",IF(SIGN(N56-P56)=SIGN($G56-$I56),1,0)+IF(N56=$G56,IF(P56=$I56,2,0),0)) | R56: 2 | S56: - | T56: 1 | U56: =IF(ISBLANK($G56)=TRUE,"",IF(SIGN(R56-T56)=SIGN($G56-$I56),1,0)+IF(R56=$G56,IF(T56=$I56,2,0),0)) | V56: 0 | W56: - | X56: 0 | Y56: =IF(ISBLANK($G56)=TRUE,"",IF(SIGN(V56-X56)=SIGN($G56-$I56),1,0)+IF(V56=$G56,IF(X56=$I56,2,0),0)) | Z56: 1 | AA56: - | AB56: 1 | AC56: =IF(ISBLANK($G56)=TRUE,"",IF(SIGN(Z56-AB56)=SIGN($G56-$I56),1,0)+IF(Z56=$G56,IF(AB56=$I56,2,0),0)) | AD56: 2 | AE56: - | AF56: 1 | AG56: =IF(ISBLANK($G56)=TRUE,"",IF(SIGN(AD56-AF56)=SIGN($G56-$I56),1,0)+IF(AD56=$G56,IF(AF56=$I56,2,0),0)) | AH56: 0 | AI56: - | AJ56: 1 | AK56: =IF(ISBLANK($G56)=TRUE,"",IF(SIGN(AH56-AJ56)=SIGN($G56-$I56),1,0)+IF(AH56=$G56,IF(AJ56=$I56,2,0),0)) | AL56: 0 | AM56: - | AN56: 0 | AO56: =IF(ISBLANK($G56)=TRUE,"",IF(SIGN(AL56-AN56)=SIGN($G56-$I56),1,0)+IF(AL56=$G56,IF(AN56=$I56,2,0),0)) | AP56: 1 | AQ56: - | AR56: 2 | AS56: =IF(ISBLANK($G56)=TRUE,"",IF(SIGN(AP56-AR56)=SIGN($G56-$I56),1,0)+IF(AP56=$G56,IF(AR56=$I56,2,0),0)) | AT56: 2 | AU56: - | AV56: 1 | AW56: =IF(ISBLANK($G56)=TRUE,"",IF(SIGN(AT56-AV56)=SIGN($G56-$I56),1,0)+IF(AT56=$G56,IF(AV56=$I56,2,0),0)) | AX56: 0 | AY56: - | AZ56: 1 | BA56: =IF(ISBLANK($G56)=TRUE,"",IF(SIGN(AX56-AZ56)=SIGN($G56-$I56),1,0)+IF(AX56=$G56,IF(AZ56=$I56,2,0),0)) | BB56: 1 | BC56: - | BD56: 1 | BE56: =IF(ISBLANK($G56)=TRUE,"",IF(SIGN(BB56-BD56)=SIGN($G56-$I56),1,0)+IF(BB56=$G56,IF(BD56=$I56,2,0),0)) | BF56: 0 | BG56: - | BH56: 1 | BI56: =IF(ISBLANK($G56)=TRUE,"",IF(SIGN(BF56-BH56)=SIGN($G56-$I56),1,0)+IF(BF56=$G56,IF(BH56=$I56,2,0),0)) | BJ56: 1 | BK56: - | BL56: 3 | BM56: =IF(ISBLANK($G56)=TRUE,"",IF(SIGN(BJ56-BL56)=SIGN($G56-$I56),1,0)+IF(BJ56=$G56,IF(BL56=$I56,2,0),0)) | BN56: 0 | BO56: - | BP56: 1 | BQ56: =IF(ISBLANK($G56)=TRUE,"",IF(SIGN(BN56-BP56)=SIGN($G56-$I56),1,0)+IF(BN56=$G56,IF(BP56=$I56,2,0),0)) | BR56: 1 | BS56: - | BT56: 2 | BU56: =IF(ISBLANK($G56)=TRUE,"",IF(SIGN(BR56-BT56)=SIGN($G56-$I56),1,0)+IF(BR56=$G56,IF(BT56=$I56,2,0),0)) | BV56: 1 | BW56: - | BX56: 2 | BY56: =IF(ISBLANK($G56)=TRUE,"",IF(SIGN(BV56-BX56)=SIGN($G56-$I56),1,0)+IF(BV56=$G56,IF(BX56=$I56,2,0),0)) | BZ56: 1 | CA56: - | CB56: 1 | CC56: =IF(ISBLANK($G56)=TRUE,"",IF(SIGN(BZ56-CB56)=SIGN($G56-$I56),1,0)+IF(BZ56=$G56,IF(CB56=$I56,2,0),0)) | CD56: 1 | CE56: - | CF56: 1 | CG56: =IF(ISBLANK($G56)=TRUE,"",IF(SIGN(CD56-CF56)=SIGN($G56-$I56),1,0)+IF(CD56=$G56,IF(CF56=$I56,2,0),0)) | CH56: 2 | CI56: - | CJ56: 2 | CK56: =IF(ISBLANK($G56)=TRUE,"",IF(SIGN(CH56-CJ56)=SIGN($G56-$I56),1,0)+IF(CH56=$G56,IF(CJ56=$I56,2,0),0)) | CL56: 1 | CM56: - | CN56: 0 | CO56: =IF(ISBLANK($G56)=TRUE,"",IF(SIGN(CL56-CN56)=SIGN($G56-$I56),1,0)+IF(CL56=$G56,IF(CN56=$I56,2,0),0)) | CP56: 1 | CQ56: - | CR56: 2 | CS56: =IF(ISBLANK($G56)=TRUE,"",IF(SIGN(CP56-CR56)=SIGN($G56-$I56),1,0)+IF(CP56=$G56,IF(CR56=$I56,2,0),0)) | CT56: 1 | CU56: - | CV56: 1 | CW56: =IF(ISBLANK($G56)=TRUE,"",IF(SIGN(CT56-CV56)=SIGN($G56-$I56),1,0)+IF(CT56=$G56,IF(CV56=$I56,2,0),0)) | CX56: 1 | CY56: - | CZ56: 2 | DA56: =IF(ISBLANK($G56)=TRUE,"",IF(SIGN(CX56-CZ56)=SIGN($G56-$I56),1,0)+IF(CX56=$G56,IF(CZ56=$I56,2,0),0)) | DB56: 1 | DC56: - | DD56: 1 | DE56: =IF(ISBLANK($G56)=TRUE,"",IF(SIGN(DB56-DD56)=SIGN($G56-$I56),1,0)+IF(DB56=$G56,IF(DD56=$I56,2,0),0)) | DF56: 1 | DG56: - | DH56: 1 | DI56: =IF(ISBLANK($G56)=TRUE,"",IF(SIGN(DF56-DH56)=SIGN($G56-$I56),1,0)+IF(DF56=$G56,IF(DH56=$I56,2,0),0))
B57: 46200 | C57: 02:00 | D57: Uruguay | E57: - | F57: Spania | H57: - | J57: 1 | K57: - | L57: 1 | M57: =IF(ISBLANK($G57)=TRUE,"",IF(SIGN(J57-L57)=SIGN($G57-$I57),1,0)+IF(J57=$G57,IF(L57=$I57,2,0),0)) | N57: 1 | O57: - | P57: 2 | Q57: =IF(ISBLANK($G57)=TRUE,"",IF(SIGN(N57-P57)=SIGN($G57-$I57),1,0)+IF(N57=$G57,IF(P57=$I57,2,0),0)) | R57: 1 | S57: - | T57: 2 | U57: =IF(ISBLANK($G57)=TRUE,"",IF(SIGN(R57-T57)=SIGN($G57-$I57),1,0)+IF(R57=$G57,IF(T57=$I57,2,0),0)) | V57: 1 | W57: - | X57: 1 | Y57: =IF(ISBLANK($G57)=TRUE,"",IF(SIGN(V57-X57)=SIGN($G57-$I57),1,0)+IF(V57=$G57,IF(X57=$I57,2,0),0)) | Z57: 1 | AA57: - | AB57: 2 | AC57: =IF(ISBLANK($G57)=TRUE,"",IF(SIGN(Z57-AB57)=SIGN($G57-$I57),1,0)+IF(Z57=$G57,IF(AB57=$I57,2,0),0)) | AD57: 2 | AE57: - | AF57: 3 | AG57: =IF(ISBLANK($G57)=TRUE,"",IF(SIGN(AD57-AF57)=SIGN($G57-$I57),1,0)+IF(AD57=$G57,IF(AF57=$I57,2,0),0)) | AH57: 1 | AI57: - | AJ57: 2 | AK57: =IF(ISBLANK($G57)=TRUE,"",IF(SIGN(AH57-AJ57)=SIGN($G57-$I57),1,0)+IF(AH57=$G57,IF(AJ57=$I57,2,0),0)) | AL57: 0 | AM57: - | AN57: 1 | AO57: =IF(ISBLANK($G57)=TRUE,"",IF(SIGN(AL57-AN57)=SIGN($G57-$I57),1,0)+IF(AL57=$G57,IF(AN57=$I57,2,0),0)) | AP57: 1 | AQ57: - | AR57: 2 | AS57: =IF(ISBLANK($G57)=TRUE,"",IF(SIGN(AP57-AR57)=SIGN($G57-$I57),1,0)+IF(AP57=$G57,IF(AR57=$I57,2,0),0)) | AT57: 2 | AU57: - | AV57: 3 | AW57: =IF(ISBLANK($G57)=TRUE,"",IF(SIGN(AT57-AV57)=SIGN($G57-$I57),1,0)+IF(AT57=$G57,IF(AV57=$I57,2,0),0)) | AX57: 1 | AY57: - | AZ57: 3 | BA57: =IF(ISBLANK($G57)=TRUE,"",IF(SIGN(AX57-AZ57)=SIGN($G57-$I57),1,0)+IF(AX57=$G57,IF(AZ57=$I57,2,0),0)) | BB57: 1 | BC57: - | BD57: 1 | BE57: =IF(ISBLANK($G57)=TRUE,"",IF(SIGN(BB57-BD57)=SIGN($G57-$I57),1,0)+IF(BB57=$G57,IF(BD57=$I57,2,0),0)) | BF57: 2 | BG57: - | BH57: 3 | BI57: =IF(ISBLANK($G57)=TRUE,"",IF(SIGN(BF57-BH57)=SIGN($G57-$I57),1,0)+IF(BF57=$G57,IF(BH57=$I57,2,0),0)) | BJ57: 1 | BK57: - | BL57: 2 | BM57: =IF(ISBLANK($G57)=TRUE,"",IF(SIGN(BJ57-BL57)=SIGN($G57-$I57),1,0)+IF(BJ57=$G57,IF(BL57=$I57,2,0),0)) | BN57: 1 | BO57: - | BP57: 2 | BQ57: =IF(ISBLANK($G57)=TRUE,"",IF(SIGN(BN57-BP57)=SIGN($G57-$I57),1,0)+IF(BN57=$G57,IF(BP57=$I57,2,0),0)) | BR57: 2 | BS57: - | BT57: 3 | BU57: =IF(ISBLANK($G57)=TRUE,"",IF(SIGN(BR57-BT57)=SIGN($G57-$I57),1,0)+IF(BR57=$G57,IF(BT57=$I57,2,0),0)) | BV57: 0 | BW57: - | BX57: 1 | BY57: =IF(ISBLANK($G57)=TRUE,"",IF(SIGN(BV57-BX57)=SIGN($G57-$I57),1,0)+IF(BV57=$G57,IF(BX57=$I57,2,0),0)) | BZ57: 1 | CA57: - | CB57: 3 | CC57: =IF(ISBLANK($G57)=TRUE,"",IF(SIGN(BZ57-CB57)=SIGN($G57-$I57),1,0)+IF(BZ57=$G57,IF(CB57=$I57,2,0),0)) | CD57: 0 | CE57: - | CF57: 1 | CG57: =IF(ISBLANK($G57)=TRUE,"",IF(SIGN(CD57-CF57)=SIGN($G57-$I57),1,0)+IF(CD57=$G57,IF(CF57=$I57,2,0),0)) | CH57: 1 | CI57: - | CJ57: 3 | CK57: =IF(ISBLANK($G57)=TRUE,"",IF(SIGN(CH57-CJ57)=SIGN($G57-$I57),1,0)+IF(CH57=$G57,IF(CJ57=$I57,2,0),0)) | CL57: 1 | CM57: - | CN57: 2 | CO57: =IF(ISBLANK($G57)=TRUE,"",IF(SIGN(CL57-CN57)=SIGN($G57-$I57),1,0)+IF(CL57=$G57,IF(CN57=$I57,2,0),0)) | CP57: 1 | CQ57: - | CR57: 3 | CS57: =IF(ISBLANK($G57)=TRUE,"",IF(SIGN(CP57-CR57)=SIGN($G57-$I57),1,0)+IF(CP57=$G57,IF(CR57=$I57,2,0),0)) | CT57: 1 | CU57: - | CV57: 1 | CW57: =IF(ISBLANK($G57)=TRUE,"",IF(SIGN(CT57-CV57)=SIGN($G57-$I57),1,0)+IF(CT57=$G57,IF(CV57=$I57,2,0),0)) | CX57: 0 | CY57: - | CZ57: 2 | DA57: =IF(ISBLANK($G57)=TRUE,"",IF(SIGN(CX57-CZ57)=SIGN($G57-$I57),1,0)+IF(CX57=$G57,IF(CZ57=$I57,2,0),0)) | DB57: 1 | DC57: - | DD57: 2 | DE57: =IF(ISBLANK($G57)=TRUE,"",IF(SIGN(DB57-DD57)=SIGN($G57-$I57),1,0)+IF(DB57=$G57,IF(DD57=$I57,2,0),0)) | DF57: 1 | DG57: - | DH57: 2 | DI57: =IF(ISBLANK($G57)=TRUE,"",IF(SIGN(DF57-DH57)=SIGN($G57-$I57),1,0)+IF(DF57=$G57,IF(DH57=$I57,2,0),0))
B58: Dato | C58: Kl. | D58: Gruppe I | G58: Resultat
B59: 46189 | C59: 21:00 | D59: Frankrike | E59: - | F59: Senegal | H59: - | J59: 1 | K59: - | L59: 1 | M59: =IF(ISBLANK($I59)=TRUE,"",IF(SIGN(J59-L59)=SIGN($G59-$I59),1,0)+IF(J59=$G59,IF(L59=$I59,2,0),0)) | N59: 2 | O59: - | P59: 1 | Q59: =IF(ISBLANK($I59)=TRUE,"",IF(SIGN(N59-P59)=SIGN($G59-$I59),1,0)+IF(N59=$G59,IF(P59=$I59,2,0),0)) | R59: 3 | S59: - | T59: 0 | U59: =IF(ISBLANK($I59)=TRUE,"",IF(SIGN(R59-T59)=SIGN($G59-$I59),1,0)+IF(R59=$G59,IF(T59=$I59,2,0),0)) | V59: 2 | W59: - | X59: 0 | Y59: =IF(ISBLANK($I59)=TRUE,"",IF(SIGN(V59-X59)=SIGN($G59-$I59),1,0)+IF(V59=$G59,IF(X59=$I59,2,0),0)) | Z59: 2 | AA59: - | AB59: 1 | AC59: =IF(ISBLANK($I59)=TRUE,"",IF(SIGN(Z59-AB59)=SIGN($G59-$I59),1,0)+IF(Z59=$G59,IF(AB59=$I59,2,0),0)) | AD59: 3 | AE59: - | AF59: 1 | AG59: =IF(ISBLANK($I59)=TRUE,"",IF(SIGN(AD59-AF59)=SIGN($G59-$I59),1,0)+IF(AD59=$G59,IF(AF59=$I59,2,0),0)) | AH59: 2 | AI59: - | AJ59: 1 | AK59: =IF(ISBLANK($I59)=TRUE,"",IF(SIGN(AH59-AJ59)=SIGN($G59-$I59),1,0)+IF(AH59=$G59,IF(AJ59=$I59,2,0),0)) | AL59: 1 | AM59: - | AN59: 0 | AO59: =IF(ISBLANK($I59)=TRUE,"",IF(SIGN(AL59-AN59)=SIGN($G59-$I59),1,0)+IF(AL59=$G59,IF(AN59=$I59,2,0),0)) | AP59: 2 | AQ59: - | AR59: 1 | AS59: =IF(ISBLANK($I59)=TRUE,"",IF(SIGN(AP59-AR59)=SIGN($G59-$I59),1,0)+IF(AP59=$G59,IF(AR59=$I59,2,0),0)) | AT59: 2 | AU59: - | AV59: 1 | AW59: =IF(ISBLANK($I59)=TRUE,"",IF(SIGN(AT59-AV59)=SIGN($G59-$I59),1,0)+IF(AT59=$G59,IF(AV59=$I59,2,0),0)) | AX59: 2 | AY59: - | AZ59: 1 | BA59: =IF(ISBLANK($I59)=TRUE,"",IF(SIGN(AX59-AZ59)=SIGN($G59-$I59),1,0)+IF(AX59=$G59,IF(AZ59=$I59,2,0),0)) | BB59: 1 | BC59: - | BD59: 0 | BE59: =IF(ISBLANK($I59)=TRUE,"",IF(SIGN(BB59-BD59)=SIGN($G59-$I59),1,0)+IF(BB59=$G59,IF(BD59=$I59,2,0),0)) | BF59: 2 | BG59: - | BH59: 1 | BI59: =IF(ISBLANK($I59)=TRUE,"",IF(SIGN(BF59-BH59)=SIGN($G59-$I59),1,0)+IF(BF59=$G59,IF(BH59=$I59,2,0),0)) | BJ59: 2 | BK59: - | BL59: 1 | BM59: =IF(ISBLANK($I59)=TRUE,"",IF(SIGN(BJ59-BL59)=SIGN($G59-$I59),1,0)+IF(BJ59=$G59,IF(BL59=$I59,2,0),0)) | BN59: 2 | BO59: - | BP59: 0 | BQ59: =IF(ISBLANK($I59)=TRUE,"",IF(SIGN(BN59-BP59)=SIGN($G59-$I59),1,0)+IF(BN59=$G59,IF(BP59=$I59,2,0),0)) | BR59: 2 | BS59: - | BT59: 1 | BU59: =IF(ISBLANK($I59)=TRUE,"",IF(SIGN(BR59-BT59)=SIGN($G59-$I59),1,0)+IF(BR59=$G59,IF(BT59=$I59,2,0),0)) | BV59: 2 | BW59: - | BX59: 1 | BY59: =IF(ISBLANK($I59)=TRUE,"",IF(SIGN(BV59-BX59)=SIGN($G59-$I59),1,0)+IF(BV59=$G59,IF(BX59=$I59,2,0),0)) | BZ59: 2 | CA59: - | CB59: 1 | CC59: =IF(ISBLANK($I59)=TRUE,"",IF(SIGN(BZ59-CB59)=SIGN($G59-$I59),1,0)+IF(BZ59=$G59,IF(CB59=$I59,2,0),0)) | CD59: 2 | CE59: - | CF59: 1 | CG59: =IF(ISBLANK($I59)=TRUE,"",IF(SIGN(CD59-CF59)=SIGN($G59-$I59),1,0)+IF(CD59=$G59,IF(CF59=$I59,2,0),0)) | CH59: 3 | CI59: - | CJ59: 2 | CK59: =IF(ISBLANK($I59)=TRUE,"",IF(SIGN(CH59-CJ59)=SIGN($G59-$I59),1,0)+IF(CH59=$G59,IF(CJ59=$I59,2,0),0)) | CL59: 2 | CM59: - | CN59: 1 | CO59: =IF(ISBLANK($I59)=TRUE,"",IF(SIGN(CL59-CN59)=SIGN($G59-$I59),1,0)+IF(CL59=$G59,IF(CN59=$I59,2,0),0)) | CP59: 3 | CQ59: - | CR59: 1 | CS59: =IF(ISBLANK($I59)=TRUE,"",IF(SIGN(CP59-CR59)=SIGN($G59-$I59),1,0)+IF(CP59=$G59,IF(CR59=$I59,2,0),0)) | CT59: 2 | CU59: - | CV59: 0 | CW59: =IF(ISBLANK($I59)=TRUE,"",IF(SIGN(CT59-CV59)=SIGN($G59-$I59),1,0)+IF(CT59=$G59,IF(CV59=$I59,2,0),0)) | CX59: 0 | CY59: - | CZ59: 2 | DA59: =IF(ISBLANK($I59)=TRUE,"",IF(SIGN(CX59-CZ59)=SIGN($G59-$I59),1,0)+IF(CX59=$G59,IF(CZ59=$I59,2,0),0)) | DB59: 2 | DC59: - | DD59: 0 | DE59: =IF(ISBLANK($I59)=TRUE,"",IF(SIGN(DB59-DD59)=SIGN($G59-$I59),1,0)+IF(DB59=$G59,IF(DD59=$I59,2,0),0)) | DF59: 2 | DG59: - | DH59: 2 | DI59: =IF(ISBLANK($I59)=TRUE,"",IF(SIGN(DF59-DH59)=SIGN($G59-$I59),1,0)+IF(DF59=$G59,IF(DH59=$I59,2,0),0))
B60: 46190 | C60: 00:00 | D60: Irak | E60: - | F60: Norge | H60: - | J60: 0 | K60: - | L60: 2 | M60: =IF(ISBLANK($G60)=TRUE,"",IF(SIGN(J60-L60)=SIGN($G60-$I60),1,0)+IF(J60=$G60,IF(L60=$I60,2,0),0)) | N60: 0 | O60: - | P60: 2 | Q60: =IF(ISBLANK($G60)=TRUE,"",IF(SIGN(N60-P60)=SIGN($G60-$I60),1,0)+IF(N60=$G60,IF(P60=$I60,2,0),0)) | R60: 1 | S60: - | T60: 4 | U60: =IF(ISBLANK($G60)=TRUE,"",IF(SIGN(R60-T60)=SIGN($G60-$I60),1,0)+IF(R60=$G60,IF(T60=$I60,2,0),0)) | V60: 0 | W60: - | X60: 4 | Y60: =IF(ISBLANK($G60)=TRUE,"",IF(SIGN(V60-X60)=SIGN($G60-$I60),1,0)+IF(V60=$G60,IF(X60=$I60,2,0),0)) | Z60: 0 | AA60: - | AB60: 3 | AC60: =IF(ISBLANK($G60)=TRUE,"",IF(SIGN(Z60-AB60)=SIGN($G60-$I60),1,0)+IF(Z60=$G60,IF(AB60=$I60,2,0),0)) | AD60: 0 | AE60: - | AF60: 2 | AG60: =IF(ISBLANK($G60)=TRUE,"",IF(SIGN(AD60-AF60)=SIGN($G60-$I60),1,0)+IF(AD60=$G60,IF(AF60=$I60,2,0),0)) | AH60: 0 | AI60: - | AJ60: 2 | AK60: =IF(ISBLANK($G60)=TRUE,"",IF(SIGN(AH60-AJ60)=SIGN($G60-$I60),1,0)+IF(AH60=$G60,IF(AJ60=$I60,2,0),0)) | AL60: 0 | AM60: - | AN60: 2 | AO60: =IF(ISBLANK($G60)=TRUE,"",IF(SIGN(AL60-AN60)=SIGN($G60-$I60),1,0)+IF(AL60=$G60,IF(AN60=$I60,2,0),0)) | AP60: 0 | AQ60: - | AR60: 2 | AS60: =IF(ISBLANK($G60)=TRUE,"",IF(SIGN(AP60-AR60)=SIGN($G60-$I60),1,0)+IF(AP60=$G60,IF(AR60=$I60,2,0),0)) | AT60: 1 | AU60: - | AV60: 2 | AW60: =IF(ISBLANK($G60)=TRUE,"",IF(SIGN(AT60-AV60)=SIGN($G60-$I60),1,0)+IF(AT60=$G60,IF(AV60=$I60,2,0),0)) | AX60: 1 | AY60: - | AZ60: 3 | BA60: =IF(ISBLANK($G60)=TRUE,"",IF(SIGN(AX60-AZ60)=SIGN($G60-$I60),1,0)+IF(AX60=$G60,IF(AZ60=$I60,2,0),0)) | BB60: 0 | BC60: - | BD60: 4 | BE60: =IF(ISBLANK($G60)=TRUE,"",IF(SIGN(BB60-BD60)=SIGN($G60-$I60),1,0)+IF(BB60=$G60,IF(BD60=$I60,2,0),0)) | BF60: 0 | BG60: - | BH60: 3 | BI60: =IF(ISBLANK($G60)=TRUE,"",IF(SIGN(BF60-BH60)=SIGN($G60-$I60),1,0)+IF(BF60=$G60,IF(BH60=$I60,2,0),0)) | BJ60: 1 | BK60: - | BL60: 3 | BM60: =IF(ISBLANK($G60)=TRUE,"",IF(SIGN(BJ60-BL60)=SIGN($G60-$I60),1,0)+IF(BJ60=$G60,IF(BL60=$I60,2,0),0)) | BN60: 0 | BO60: - | BP60: 2 | BQ60: =IF(ISBLANK($G60)=TRUE,"",IF(SIGN(BN60-BP60)=SIGN($G60-$I60),1,0)+IF(BN60=$G60,IF(BP60=$I60,2,0),0)) | BR60: 1 | BS60: - | BT60: 2 | BU60: =IF(ISBLANK($G60)=TRUE,"",IF(SIGN(BR60-BT60)=SIGN($G60-$I60),1,0)+IF(BR60=$G60,IF(BT60=$I60,2,0),0)) | BV60: 1 | BW60: - | BX60: 3 | BY60: =IF(ISBLANK($G60)=TRUE,"",IF(SIGN(BV60-BX60)=SIGN($G60-$I60),1,0)+IF(BV60=$G60,IF(BX60=$I60,2,0),0)) | BZ60: 0 | CA60: - | CB60: 3 | CC60: =IF(ISBLANK($G60)=TRUE,"",IF(SIGN(BZ60-CB60)=SIGN($G60-$I60),1,0)+IF(BZ60=$G60,IF(CB60=$I60,2,0),0)) | CD60: 0 | CE60: - | CF60: 3 | CG60: =IF(ISBLANK($G60)=TRUE,"",IF(SIGN(CD60-CF60)=SIGN($G60-$I60),1,0)+IF(CD60=$G60,IF(CF60=$I60,2,0),0)) | CH60: 0 | CI60: - | CJ60: 3 | CK60: =IF(ISBLANK($G60)=TRUE,"",IF(SIGN(CH60-CJ60)=SIGN($G60-$I60),1,0)+IF(CH60=$G60,IF(CJ60=$I60,2,0),0)) | CL60: 1 | CM60: - | CN60: 2 | CO60: =IF(ISBLANK($G60)=TRUE,"",IF(SIGN(CL60-CN60)=SIGN($G60-$I60),1,0)+IF(CL60=$G60,IF(CN60=$I60,2,0),0)) | CP60: 0 | CQ60: - | CR60: 4 | CS60: =IF(ISBLANK($G60)=TRUE,"",IF(SIGN(CP60-CR60)=SIGN($G60-$I60),1,0)+IF(CP60=$G60,IF(CR60=$I60,2,0),0)) | CT60: 0 | CU60: - | CV60: 3 | CW60: =IF(ISBLANK($G60)=TRUE,"",IF(SIGN(CT60-CV60)=SIGN($G60-$I60),1,0)+IF(CT60=$G60,IF(CV60=$I60,2,0),0)) | CX60: 2 | CY60: - | CZ60: 0 | DA60: =IF(ISBLANK($G60)=TRUE,"",IF(SIGN(CX60-CZ60)=SIGN($G60-$I60),1,0)+IF(CX60=$G60,IF(CZ60=$I60,2,0),0)) | DB60: 1 | DC60: - | DD60: 3 | DE60: =IF(ISBLANK($G60)=TRUE,"",IF(SIGN(DB60-DD60)=SIGN($G60-$I60),1,0)+IF(DB60=$G60,IF(DD60=$I60,2,0),0)) | DF60: 0 | DG60: - | DH60: 1 | DI60: =IF(ISBLANK($G60)=TRUE,"",IF(SIGN(DF60-DH60)=SIGN($G60-$I60),1,0)+IF(DF60=$G60,IF(DH60=$I60,2,0),0))
B61: 46195 | C61: 23:00 | D61: Frankrike | E61: - | F61: Irak | H61: - | J61: 2 | K61: - | L61: 0 | M61: =IF(ISBLANK($G61)=TRUE,"",IF(SIGN(J61-L61)=SIGN($G61-$I61),1,0)+IF(J61=$G61,IF(L61=$I61,2,0),0)) | N61: 2 | O61: - | P61: 0 | Q61: =IF(ISBLANK($G61)=TRUE,"",IF(SIGN(N61-P61)=SIGN($G61-$I61),1,0)+IF(N61=$G61,IF(P61=$I61,2,0),0)) | R61: 3 | S61: - | T61: 0 | U61: =IF(ISBLANK($G61)=TRUE,"",IF(SIGN(R61-T61)=SIGN($G61-$I61),1,0)+IF(R61=$G61,IF(T61=$I61,2,0),0)) | V61: 3 | W61: - | X61: 0 | Y61: =IF(ISBLANK($G61)=TRUE,"",IF(SIGN(V61-X61)=SIGN($G61-$I61),1,0)+IF(V61=$G61,IF(X61=$I61,2,0),0)) | Z61: 3 | AA61: - | AB61: 0 | AC61: =IF(ISBLANK($G61)=TRUE,"",IF(SIGN(Z61-AB61)=SIGN($G61-$I61),1,0)+IF(Z61=$G61,IF(AB61=$I61,2,0),0)) | AD61: 3 | AE61: - | AF61: 0 | AG61: =IF(ISBLANK($G61)=TRUE,"",IF(SIGN(AD61-AF61)=SIGN($G61-$I61),1,0)+IF(AD61=$G61,IF(AF61=$I61,2,0),0)) | AH61: 3 | AI61: - | AJ61: 0 | AK61: =IF(ISBLANK($G61)=TRUE,"",IF(SIGN(AH61-AJ61)=SIGN($G61-$I61),1,0)+IF(AH61=$G61,IF(AJ61=$I61,2,0),0)) | AL61: 2 | AM61: - | AN61: 0 | AO61: =IF(ISBLANK($G61)=TRUE,"",IF(SIGN(AL61-AN61)=SIGN($G61-$I61),1,0)+IF(AL61=$G61,IF(AN61=$I61,2,0),0)) | AP61: 2 | AQ61: - | AR61: 0 | AS61: =IF(ISBLANK($G61)=TRUE,"",IF(SIGN(AP61-AR61)=SIGN($G61-$I61),1,0)+IF(AP61=$G61,IF(AR61=$I61,2,0),0)) | AT61: 2 | AU61: - | AV61: 0 | AW61: =IF(ISBLANK($G61)=TRUE,"",IF(SIGN(AT61-AV61)=SIGN($G61-$I61),1,0)+IF(AT61=$G61,IF(AV61=$I61,2,0),0)) | AX61: 2 | AY61: - | AZ61: 0 | BA61: =IF(ISBLANK($G61)=TRUE,"",IF(SIGN(AX61-AZ61)=SIGN($G61-$I61),1,0)+IF(AX61=$G61,IF(AZ61=$I61,2,0),0)) | BB61: 3 | BC61: - | BD61: 0 | BE61: =IF(ISBLANK($G61)=TRUE,"",IF(SIGN(BB61-BD61)=SIGN($G61-$I61),1,0)+IF(BB61=$G61,IF(BD61=$I61,2,0),0)) | BF61: 3 | BG61: - | BH61: 0 | BI61: =IF(ISBLANK($G61)=TRUE,"",IF(SIGN(BF61-BH61)=SIGN($G61-$I61),1,0)+IF(BF61=$G61,IF(BH61=$I61,2,0),0)) | BJ61: 2 | BK61: - | BL61: 0 | BM61: =IF(ISBLANK($G61)=TRUE,"",IF(SIGN(BJ61-BL61)=SIGN($G61-$I61),1,0)+IF(BJ61=$G61,IF(BL61=$I61,2,0),0)) | BN61: 3 | BO61: - | BP61: 0 | BQ61: =IF(ISBLANK($G61)=TRUE,"",IF(SIGN(BN61-BP61)=SIGN($G61-$I61),1,0)+IF(BN61=$G61,IF(BP61=$I61,2,0),0)) | BR61: 3 | BS61: - | BT61: 0 | BU61: =IF(ISBLANK($G61)=TRUE,"",IF(SIGN(BR61-BT61)=SIGN($G61-$I61),1,0)+IF(BR61=$G61,IF(BT61=$I61,2,0),0)) | BV61: 4 | BW61: - | BX61: 0 | BY61: =IF(ISBLANK($G61)=TRUE,"",IF(SIGN(BV61-BX61)=SIGN($G61-$I61),1,0)+IF(BV61=$G61,IF(BX61=$I61,2,0),0)) | BZ61: 3 | CA61: - | CB61: 0 | CC61: =IF(ISBLANK($G61)=TRUE,"",IF(SIGN(BZ61-CB61)=SIGN($G61-$I61),1,0)+IF(BZ61=$G61,IF(CB61=$I61,2,0),0)) | CD61: 3 | CE61: - | CF61: 0 | CG61: =IF(ISBLANK($G61)=TRUE,"",IF(SIGN(CD61-CF61)=SIGN($G61-$I61),1,0)+IF(CD61=$G61,IF(CF61=$I61,2,0),0)) | CH61: 4 | CI61: - | CJ61: 0 | CK61: =IF(ISBLANK($G61)=TRUE,"",IF(SIGN(CH61-CJ61)=SIGN($G61-$I61),1,0)+IF(CH61=$G61,IF(CJ61=$I61,2,0),0)) | CL61: 3 | CM61: - | CN61: 0 | CO61: =IF(ISBLANK($G61)=TRUE,"",IF(SIGN(CL61-CN61)=SIGN($G61-$I61),1,0)+IF(CL61=$G61,IF(CN61=$I61,2,0),0)) | CP61: 4 | CQ61: - | CR61: 0 | CS61: =IF(ISBLANK($G61)=TRUE,"",IF(SIGN(CP61-CR61)=SIGN($G61-$I61),1,0)+IF(CP61=$G61,IF(CR61=$I61,2,0),0)) | CT61: 4 | CU61: - | CV61: 0 | CW61: =IF(ISBLANK($G61)=TRUE,"",IF(SIGN(CT61-CV61)=SIGN($G61-$I61),1,0)+IF(CT61=$G61,IF(CV61=$I61,2,0),0)) | CX61: 3 | CY61: - | CZ61: 0 | DA61: =IF(ISBLANK($G61)=TRUE,"",IF(SIGN(CX61-CZ61)=SIGN($G61-$I61),1,0)+IF(CX61=$G61,IF(CZ61=$I61,2,0),0)) | DB61: 5 | DC61: - | DD61: 0 | DE61: =IF(ISBLANK($G61)=TRUE,"",IF(SIGN(DB61-DD61)=SIGN($G61-$I61),1,0)+IF(DB61=$G61,IF(DD61=$I61,2,0),0)) | DF61: 3 | DG61: - | DH61: 1 | DI61: =IF(ISBLANK($G61)=TRUE,"",IF(SIGN(DF61-DH61)=SIGN($G61-$I61),1,0)+IF(DF61=$G61,IF(DH61=$I61,2,0),0))
B62: 46196 | C62: 02:00 | D62: Norge | E62: - | F62: Senegal | H62: - | J62: 1 | K62: - | L62: 1 | M62: =IF(ISBLANK($G62)=TRUE,"",IF(SIGN(J62-L62)=SIGN($G62-$I62),1,0)+IF(J62=$G62,IF(L62=$I62,2,0),0)) | N62: 1 | O62: - | P62: 1 | Q62: =IF(ISBLANK($G62)=TRUE,"",IF(SIGN(N62-P62)=SIGN($G62-$I62),1,0)+IF(N62=$G62,IF(P62=$I62,2,0),0)) | R62: 3 | S62: - | T62: 1 | U62: =IF(ISBLANK($G62)=TRUE,"",IF(SIGN(R62-T62)=SIGN($G62-$I62),1,0)+IF(R62=$G62,IF(T62=$I62,2,0),0)) | V62: 2 | W62: - | X62: 2 | Y62: =IF(ISBLANK($G62)=TRUE,"",IF(SIGN(V62-X62)=SIGN($G62-$I62),1,0)+IF(V62=$G62,IF(X62=$I62,2,0),0)) | Z62: 1 | AA62: - | AB62: 1 | AC62: =IF(ISBLANK($G62)=TRUE,"",IF(SIGN(Z62-AB62)=SIGN($G62-$I62),1,0)+IF(Z62=$G62,IF(AB62=$I62,2,0),0)) | AD62: 2 | AE62: - | AF62: 1 | AG62: =IF(ISBLANK($G62)=TRUE,"",IF(SIGN(AD62-AF62)=SIGN($G62-$I62),1,0)+IF(AD62=$G62,IF(AF62=$I62,2,0),0)) | AH62: 1 | AI62: - | AJ62: 1 | AK62: =IF(ISBLANK($G62)=TRUE,"",IF(SIGN(AH62-AJ62)=SIGN($G62-$I62),1,0)+IF(AH62=$G62,IF(AJ62=$I62,2,0),0)) | AL62: 1 | AM62: - | AN62: 0 | AO62: =IF(ISBLANK($G62)=TRUE,"",IF(SIGN(AL62-AN62)=SIGN($G62-$I62),1,0)+IF(AL62=$G62,IF(AN62=$I62,2,0),0)) | AP62: 1 | AQ62: - | AR62: 0 | AS62: =IF(ISBLANK($G62)=TRUE,"",IF(SIGN(AP62-AR62)=SIGN($G62-$I62),1,0)+IF(AP62=$G62,IF(AR62=$I62,2,0),0)) | AT62: 1 | AU62: - | AV62: 0 | AW62: =IF(ISBLANK($G62)=TRUE,"",IF(SIGN(AT62-AV62)=SIGN($G62-$I62),1,0)+IF(AT62=$G62,IF(AV62=$I62,2,0),0)) | AX62: 1 | AY62: - | AZ62: 0 | BA62: =IF(ISBLANK($G62)=TRUE,"",IF(SIGN(AX62-AZ62)=SIGN($G62-$I62),1,0)+IF(AX62=$G62,IF(AZ62=$I62,2,0),0)) | BB62: 1 | BC62: - | BD62: 1 | BE62: =IF(ISBLANK($G62)=TRUE,"",IF(SIGN(BB62-BD62)=SIGN($G62-$I62),1,0)+IF(BB62=$G62,IF(BD62=$I62,2,0),0)) | BF62: 1 | BG62: - | BH62: 1 | BI62: =IF(ISBLANK($G62)=TRUE,"",IF(SIGN(BF62-BH62)=SIGN($G62-$I62),1,0)+IF(BF62=$G62,IF(BH62=$I62,2,0),0)) | BJ62: 1 | BK62: - | BL62: 1 | BM62: =IF(ISBLANK($G62)=TRUE,"",IF(SIGN(BJ62-BL62)=SIGN($G62-$I62),1,0)+IF(BJ62=$G62,IF(BL62=$I62,2,0),0)) | BN62: 1 | BO62: - | BP62: 0 | BQ62: =IF(ISBLANK($G62)=TRUE,"",IF(SIGN(BN62-BP62)=SIGN($G62-$I62),1,0)+IF(BN62=$G62,IF(BP62=$I62,2,0),0)) | BR62: 1 | BS62: - | BT62: 2 | BU62: =IF(ISBLANK($G62)=TRUE,"",IF(SIGN(BR62-BT62)=SIGN($G62-$I62),1,0)+IF(BR62=$G62,IF(BT62=$I62,2,0),0)) | BV62: 1 | BW62: - | BX62: 1 | BY62: =IF(ISBLANK($G62)=TRUE,"",IF(SIGN(BV62-BX62)=SIGN($G62-$I62),1,0)+IF(BV62=$G62,IF(BX62=$I62,2,0),0)) | BZ62: 2 | CA62: - | CB62: 1 | CC62: =IF(ISBLANK($G62)=TRUE,"",IF(SIGN(BZ62-CB62)=SIGN($G62-$I62),1,0)+IF(BZ62=$G62,IF(CB62=$I62,2,0),0)) | CD62: 2 | CE62: - | CF62: 1 | CG62: =IF(ISBLANK($G62)=TRUE,"",IF(SIGN(CD62-CF62)=SIGN($G62-$I62),1,0)+IF(CD62=$G62,IF(CF62=$I62,2,0),0)) | CH62: 2 | CI62: - | CJ62: 1 | CK62: =IF(ISBLANK($G62)=TRUE,"",IF(SIGN(CH62-CJ62)=SIGN($G62-$I62),1,0)+IF(CH62=$G62,IF(CJ62=$I62,2,0),0)) | CL62: 2 | CM62: - | CN62: 1 | CO62: =IF(ISBLANK($G62)=TRUE,"",IF(SIGN(CL62-CN62)=SIGN($G62-$I62),1,0)+IF(CL62=$G62,IF(CN62=$I62,2,0),0)) | CP62: 3 | CQ62: - | CR62: 2 | CS62: =IF(ISBLANK($G62)=TRUE,"",IF(SIGN(CP62-CR62)=SIGN($G62-$I62),1,0)+IF(CP62=$G62,IF(CR62=$I62,2,0),0)) | CT62: 1 | CU62: - | CV62: 1 | CW62: =IF(ISBLANK($G62)=TRUE,"",IF(SIGN(CT62-CV62)=SIGN($G62-$I62),1,0)+IF(CT62=$G62,IF(CV62=$I62,2,0),0)) | CX62: 1 | CY62: - | CZ62: 0 | DA62: =IF(ISBLANK($G62)=TRUE,"",IF(SIGN(CX62-CZ62)=SIGN($G62-$I62),1,0)+IF(CX62=$G62,IF(CZ62=$I62,2,0),0)) | DB62: 2 | DC62: - | DD62: 1 | DE62: =IF(ISBLANK($G62)=TRUE,"",IF(SIGN(DB62-DD62)=SIGN($G62-$I62),1,0)+IF(DB62=$G62,IF(DD62=$I62,2,0),0)) | DF62: 2 | DG62: - | DH62: 2 | DI62: =IF(ISBLANK($G62)=TRUE,"",IF(SIGN(DF62-DH62)=SIGN($G62-$I62),1,0)+IF(DF62=$G62,IF(DH62=$I62,2,0),0))
B63: 46199 | C63: 21:00 | D63: Norge | E63: - | F63: Frankrike | H63: - | J63: 1 | K63: - | L63: 2 | M63: =IF(ISBLANK($G63)=TRUE,"",IF(SIGN(J63-L63)=SIGN($G63-$I63),1,0)+IF(J63=$G63,IF(L63=$I63,2,0),0)) | N63: 1 | O63: - | P63: 2 | Q63: =IF(ISBLANK($G63)=TRUE,"",IF(SIGN(N63-P63)=SIGN($G63-$I63),1,0)+IF(N63=$G63,IF(P63=$I63,2,0),0)) | R63: 2 | S63: - | T63: 1 | U63: =IF(ISBLANK($G63)=TRUE,"",IF(SIGN(R63-T63)=SIGN($G63-$I63),1,0)+IF(R63=$G63,IF(T63=$I63,2,0),0)) | V63: 1 | W63: - | X63: 1 | Y63: =IF(ISBLANK($G63)=TRUE,"",IF(SIGN(V63-X63)=SIGN($G63-$I63),1,0)+IF(V63=$G63,IF(X63=$I63,2,0),0)) | Z63: 1 | AA63: - | AB63: 1 | AC63: =IF(ISBLANK($G63)=TRUE,"",IF(SIGN(Z63-AB63)=SIGN($G63-$I63),1,0)+IF(Z63=$G63,IF(AB63=$I63,2,0),0)) | AD63: 3 | AE63: - | AF63: 2 | AG63: =IF(ISBLANK($G63)=TRUE,"",IF(SIGN(AD63-AF63)=SIGN($G63-$I63),1,0)+IF(AD63=$G63,IF(AF63=$I63,2,0),0)) | AH63: 1 | AI63: - | AJ63: 1 | AK63: =IF(ISBLANK($G63)=TRUE,"",IF(SIGN(AH63-AJ63)=SIGN($G63-$I63),1,0)+IF(AH63=$G63,IF(AJ63=$I63,2,0),0)) | AL63: 0 | AM63: - | AN63: 1 | AO63: =IF(ISBLANK($G63)=TRUE,"",IF(SIGN(AL63-AN63)=SIGN($G63-$I63),1,0)+IF(AL63=$G63,IF(AN63=$I63,2,0),0)) | AP63: 1 | AQ63: - | AR63: 1 | AS63: =IF(ISBLANK($G63)=TRUE,"",IF(SIGN(AP63-AR63)=SIGN($G63-$I63),1,0)+IF(AP63=$G63,IF(AR63=$I63,2,0),0)) | AT63: 0 | AU63: - | AV63: 2 | AW63: =IF(ISBLANK($G63)=TRUE,"",IF(SIGN(AT63-AV63)=SIGN($G63-$I63),1,0)+IF(AT63=$G63,IF(AV63=$I63,2,0),0)) | AX63: 0 | AY63: - | AZ63: 2 | BA63: =IF(ISBLANK($G63)=TRUE,"",IF(SIGN(AX63-AZ63)=SIGN($G63-$I63),1,0)+IF(AX63=$G63,IF(AZ63=$I63,2,0),0)) | BB63: 1 | BC63: - | BD63: 1 | BE63: =IF(ISBLANK($G63)=TRUE,"",IF(SIGN(BB63-BD63)=SIGN($G63-$I63),1,0)+IF(BB63=$G63,IF(BD63=$I63,2,0),0)) | BF63: 2 | BG63: - | BH63: 1 | BI63: =IF(ISBLANK($G63)=TRUE,"",IF(SIGN(BF63-BH63)=SIGN($G63-$I63),1,0)+IF(BF63=$G63,IF(BH63=$I63,2,0),0)) | BJ63: 0 | BK63: - | BL63: 2 | BM63: =IF(ISBLANK($G63)=TRUE,"",IF(SIGN(BJ63-BL63)=SIGN($G63-$I63),1,0)+IF(BJ63=$G63,IF(BL63=$I63,2,0),0)) | BN63: 0 | BO63: - | BP63: 2 | BQ63: =IF(ISBLANK($G63)=TRUE,"",IF(SIGN(BN63-BP63)=SIGN($G63-$I63),1,0)+IF(BN63=$G63,IF(BP63=$I63,2,0),0)) | BR63: 2 | BS63: - | BT63: 2 | BU63: =IF(ISBLANK($G63)=TRUE,"",IF(SIGN(BR63-BT63)=SIGN($G63-$I63),1,0)+IF(BR63=$G63,IF(BT63=$I63,2,0),0)) | BV63: 1 | BW63: - | BX63: 1 | BY63: =IF(ISBLANK($G63)=TRUE,"",IF(SIGN(BV63-BX63)=SIGN($G63-$I63),1,0)+IF(BV63=$G63,IF(BX63=$I63,2,0),0)) | BZ63: 1 | CA63: - | CB63: 0 | CC63: =IF(ISBLANK($G63)=TRUE,"",IF(SIGN(BZ63-CB63)=SIGN($G63-$I63),1,0)+IF(BZ63=$G63,IF(CB63=$I63,2,0),0)) | CD63: 1 | CE63: - | CF63: 2 | CG63: =IF(ISBLANK($G63)=TRUE,"",IF(SIGN(CD63-CF63)=SIGN($G63-$I63),1,0)+IF(CD63=$G63,IF(CF63=$I63,2,0),0)) | CH63: 1 | CI63: - | CJ63: 1 | CK63: =IF(ISBLANK($G63)=TRUE,"",IF(SIGN(CH63-CJ63)=SIGN($G63-$I63),1,0)+IF(CH63=$G63,IF(CJ63=$I63,2,0),0)) | CL63: 1 | CM63: - | CN63: 2 | CO63: =IF(ISBLANK($G63)=TRUE,"",IF(SIGN(CL63-CN63)=SIGN($G63-$I63),1,0)+IF(CL63=$G63,IF(CN63=$I63,2,0),0)) | CP63: 2 | CQ63: - | CR63: 2 | CS63: =IF(ISBLANK($G63)=TRUE,"",IF(SIGN(CP63-CR63)=SIGN($G63-$I63),1,0)+IF(CP63=$G63,IF(CR63=$I63,2,0),0)) | CT63: 1 | CU63: - | CV63: 1 | CW63: =IF(ISBLANK($G63)=TRUE,"",IF(SIGN(CT63-CV63)=SIGN($G63-$I63),1,0)+IF(CT63=$G63,IF(CV63=$I63,2,0),0)) | CX63: 1 | CY63: - | CZ63: 0 | DA63: =IF(ISBLANK($G63)=TRUE,"",IF(SIGN(CX63-CZ63)=SIGN($G63-$I63),1,0)+IF(CX63=$G63,IF(CZ63=$I63,2,0),0)) | DB63: 2 | DC63: - | DD63: 2 | DE63: =IF(ISBLANK($G63)=TRUE,"",IF(SIGN(DB63-DD63)=SIGN($G63-$I63),1,0)+IF(DB63=$G63,IF(DD63=$I63,2,0),0)) | DF63: 1 | DG63: - | DH63: 2 | DI63: =IF(ISBLANK($G63)=TRUE,"",IF(SIGN(DF63-DH63)=SIGN($G63-$I63),1,0)+IF(DF63=$G63,IF(DH63=$I63,2,0),0))
B64: 46199 | C64: 21:00 | D64: Senegal | E64: - | F64: Irak | H64: - | J64: 2 | K64: - | L64: 1 | M64: =IF(ISBLANK($G64)=TRUE,"",IF(SIGN(J64-L64)=SIGN($G64-$I64),1,0)+IF(J64=$G64,IF(L64=$I64,2,0),0)) | N64: 2 | O64: - | P64: 0 | Q64: =IF(ISBLANK($G64)=TRUE,"",IF(SIGN(N64-P64)=SIGN($G64-$I64),1,0)+IF(N64=$G64,IF(P64=$I64,2,0),0)) | R64: 2 | S64: - | T64: 0 | U64: =IF(ISBLANK($G64)=TRUE,"",IF(SIGN(R64-T64)=SIGN($G64-$I64),1,0)+IF(R64=$G64,IF(T64=$I64,2,0),0)) | V64: 3 | W64: - | X64: 1 | Y64: =IF(ISBLANK($G64)=TRUE,"",IF(SIGN(V64-X64)=SIGN($G64-$I64),1,0)+IF(V64=$G64,IF(X64=$I64,2,0),0)) | Z64: 2 | AA64: - | AB64: 0 | AC64: =IF(ISBLANK($G64)=TRUE,"",IF(SIGN(Z64-AB64)=SIGN($G64-$I64),1,0)+IF(Z64=$G64,IF(AB64=$I64,2,0),0)) | AD64: 2 | AE64: - | AF64: 1 | AG64: =IF(ISBLANK($G64)=TRUE,"",IF(SIGN(AD64-AF64)=SIGN($G64-$I64),1,0)+IF(AD64=$G64,IF(AF64=$I64,2,0),0)) | AH64: 2 | AI64: - | AJ64: 0 | AK64: =IF(ISBLANK($G64)=TRUE,"",IF(SIGN(AH64-AJ64)=SIGN($G64-$I64),1,0)+IF(AH64=$G64,IF(AJ64=$I64,2,0),0)) | AL64: 1 | AM64: - | AN64: 0 | AO64: =IF(ISBLANK($G64)=TRUE,"",IF(SIGN(AL64-AN64)=SIGN($G64-$I64),1,0)+IF(AL64=$G64,IF(AN64=$I64,2,0),0)) | AP64: 0 | AQ64: - | AR64: 0 | AS64: =IF(ISBLANK($G64)=TRUE,"",IF(SIGN(AP64-AR64)=SIGN($G64-$I64),1,0)+IF(AP64=$G64,IF(AR64=$I64,2,0),0)) | AT64: 3 | AU64: - | AV64: 1 | AW64: =IF(ISBLANK($G64)=TRUE,"",IF(SIGN(AT64-AV64)=SIGN($G64-$I64),1,0)+IF(AT64=$G64,IF(AV64=$I64,2,0),0)) | AX64: 2 | AY64: - | AZ64: 0 | BA64: =IF(ISBLANK($G64)=TRUE,"",IF(SIGN(AX64-AZ64)=SIGN($G64-$I64),1,0)+IF(AX64=$G64,IF(AZ64=$I64,2,0),0)) | BB64: 2 | BC64: - | BD64: 0 | BE64: =IF(ISBLANK($G64)=TRUE,"",IF(SIGN(BB64-BD64)=SIGN($G64-$I64),1,0)+IF(BB64=$G64,IF(BD64=$I64,2,0),0)) | BF64: 2 | BG64: - | BH64: 1 | BI64: =IF(ISBLANK($G64)=TRUE,"",IF(SIGN(BF64-BH64)=SIGN($G64-$I64),1,0)+IF(BF64=$G64,IF(BH64=$I64,2,0),0)) | BJ64: 2 | BK64: - | BL64: 0 | BM64: =IF(ISBLANK($G64)=TRUE,"",IF(SIGN(BJ64-BL64)=SIGN($G64-$I64),1,0)+IF(BJ64=$G64,IF(BL64=$I64,2,0),0)) | BN64: 2 | BO64: - | BP64: 1 | BQ64: =IF(ISBLANK($G64)=TRUE,"",IF(SIGN(BN64-BP64)=SIGN($G64-$I64),1,0)+IF(BN64=$G64,IF(BP64=$I64,2,0),0)) | BR64: 2 | BS64: - | BT64: 0 | BU64: =IF(ISBLANK($G64)=TRUE,"",IF(SIGN(BR64-BT64)=SIGN($G64-$I64),1,0)+IF(BR64=$G64,IF(BT64=$I64,2,0),0)) | BV64: 2 | BW64: - | BX64: 0 | BY64: =IF(ISBLANK($G64)=TRUE,"",IF(SIGN(BV64-BX64)=SIGN($G64-$I64),1,0)+IF(BV64=$G64,IF(BX64=$I64,2,0),0)) | BZ64: 2 | CA64: - | CB64: 0 | CC64: =IF(ISBLANK($G64)=TRUE,"",IF(SIGN(BZ64-CB64)=SIGN($G64-$I64),1,0)+IF(BZ64=$G64,IF(CB64=$I64,2,0),0)) | CD64: 3 | CE64: - | CF64: 0 | CG64: =IF(ISBLANK($G64)=TRUE,"",IF(SIGN(CD64-CF64)=SIGN($G64-$I64),1,0)+IF(CD64=$G64,IF(CF64=$I64,2,0),0)) | CH64: 2 | CI64: - | CJ64: 1 | CK64: =IF(ISBLANK($G64)=TRUE,"",IF(SIGN(CH64-CJ64)=SIGN($G64-$I64),1,0)+IF(CH64=$G64,IF(CJ64=$I64,2,0),0)) | CL64: 2 | CM64: - | CN64: 1 | CO64: =IF(ISBLANK($G64)=TRUE,"",IF(SIGN(CL64-CN64)=SIGN($G64-$I64),1,0)+IF(CL64=$G64,IF(CN64=$I64,2,0),0)) | CP64: 3 | CQ64: - | CR64: 1 | CS64: =IF(ISBLANK($G64)=TRUE,"",IF(SIGN(CP64-CR64)=SIGN($G64-$I64),1,0)+IF(CP64=$G64,IF(CR64=$I64,2,0),0)) | CT64: 2 | CU64: - | CV64: 0 | CW64: =IF(ISBLANK($G64)=TRUE,"",IF(SIGN(CT64-CV64)=SIGN($G64-$I64),1,0)+IF(CT64=$G64,IF(CV64=$I64,2,0),0)) | CX64: 2 | CY64: - | CZ64: 0 | DA64: =IF(ISBLANK($G64)=TRUE,"",IF(SIGN(CX64-CZ64)=SIGN($G64-$I64),1,0)+IF(CX64=$G64,IF(CZ64=$I64,2,0),0)) | DB64: 3 | DC64: - | DD64: 0 | DE64: =IF(ISBLANK($G64)=TRUE,"",IF(SIGN(DB64-DD64)=SIGN($G64-$I64),1,0)+IF(DB64=$G64,IF(DD64=$I64,2,0),0)) | DF64: 1 | DG64: - | DH64: 4 | DI64: =IF(ISBLANK($G64)=TRUE,"",IF(SIGN(DF64-DH64)=SIGN($G64-$I64),1,0)+IF(DF64=$G64,IF(DH64=$I64,2,0),0))
B65: Dato | C65: Kl. | D65: Gruppe J | G65: Resultat
